,1,2,3,4,5,6,7,8,9,10,11,12,13,14,15,16,17,18,19,20,21,22,23,24,25,26,27,28,29,30,31,32,33,34,35,36,37,38,39,40,41,42,43,44,45,46,47,48,49,50,51,52,53,54,55,56,57,58,59,60,61,62,63,64,65,66,67,68,69,70,71,72,73,74,75,76,77,78,79,80,81,82,83,84,85,86,87,88,89,90,91,92,93,94,95,96,97,98,99,100,101,102,103,104,105,106,107,108,109,110,111,112,113,114,115,116,117,118
线路序号1,0.3827805072047661,-0.2585687273816882,0.23056036252474235,0.01963121440561448,0.023715676484274025,-0.00662675593193828,-0.018314211381145976,0.016633113527657895,0.016633113527657888,0.016633113527657867,-0.015583195495609612,-0.037418705865427795,-0.013683362762024028,-0.029412821506739427,-0.0073315280138932775,-0.026907168040215392,-0.004207791993203684,-0.004928157394193987,-0.0056314052014972945,-0.004479107833445626,-0.003642953589449253,-0.0026876301304662414,-0.0011216875533704008,-0.0009603963404981615,6.094167304927509e-05,0.0010460340250836627,-0.0017328558169063546,-0.002096568211473342,-0.0024977153320308795,0.003263781205056497,-0.0026385209491088814,-0.002068582641877768,-0.004271884170045955,-0.0009292740243499292,-0.0008652988672901746,-0.0008829352619391599,-0.0007793646698343837,0.000730616755968057,-0.0006725753183657692,-0.0006116247922917261,-0.0005628744055726596,-0.0004277347298627048,-0.0007006401456102798,-0.0003668700454156879,-0.0002443244625814384,-0.00016235392428310777,-0.00011664104725815878,-0.0001161323524281677,-0.00010378214407539119,-8.856610092111174e-05,-7.023761976942775e-05,-6.572695728119316e-05,-5.3184553933810345e-05,-4.3825696390196215e-05,-3.948280748753002e-05,-4.190626646129487e-05,-6.145240700256962e-05,-5.814845476731952e-05,0.0,2.7201940392493906e-05,2.9765062902164624e-05,2.3822154417287063e-05,3.113124361378599e-05,4.2905080600683906e-05,7.549060932011728e-05,0.0,1.1066126651509003e-05,1.9090550910767345e-05,-7.380388093173228e-05,-0.00028589091268376273,-0.0003440803238317778,-0.0006391252254273932,-0.000344080323831794,-0.00019031362137252207,-0.00016098302403889995,-0.00012032575009621408,-6.162061308621759e-05,-5.899593961519803e-05,-5.3831259559318354e-05,-3.892988759476333e-05,0.0,-5.149345951659491e-05,-5.0699681492180596e-05,-4.947004691667216e-05,-4.887292891447765e-05,-4.887292891446304e-05,-4.887292891446554e-05,-4.7768991878426704e-05,-4.6998400535611764e-05,-4.6826527608523245e-05,-4.660598088762933e-05,-4.62704121926408e-05,-4.59288744116327e-05,-4.5634056421410625e-05,-4.595034339922872e-05,-4.634898159476533e-05,-4.273936191911934e-05,-4.093828043265964e-05,-4.2756710807122e-05,-4.426700559918795e-05,-4.5126678880701425e-05,-4.588962188807248e-05,-4.4267005599180457e-05,-4.426700559919111e-05,-4.426700559919754e-05,-4.426700559919266e-05,-4.4267005599197756e-05,-4.426700559919487e-05,-4.426700559919831e-05,-4.4267005599191746e-05,-4.4267005599191746e-05,-4.4267005599192505e-05,-0.003931557752642084,-0.0019275635499885915,-0.0019035995213016119,1.909055091077445e-05,-0.037418705865427816,-0.0001419038545106734
线路序号2,0.6172194927952341,0.2585687273816885,-0.23056036252474263,-0.01963121440561471,-0.023715676484273942,0.006626755931938327,0.018314211381146018,-0.016633113527657603,-0.016633113527657603,-0.016633113527657655,0.015583195495609634,0.037418705865427775,0.01368336276202369,0.02941282150673951,0.00733152801389328,0.026907168040215233,0.004207791993203873,0.004928157394194065,0.005631405201497534,0.004479107833445908,0.0036429535894493,0.002687630130466338,0.0011216875533704934,0.0009603963404981741,-6.09416730490971e-05,-0.0010460340250835769,0.0017328558169064578,0.0020965682114734954,0.0024977153320310027,-0.0032637812050562644,0.0026385209491089565,0.0020685826418777114,0.004271884170046003,0.0009292740243499175,0.0008652988672903995,0.0008829352619390996,0.0007793646698345145,-0.0007306167559678969,0.000672575318365827,0.0006116247922916788,0.0005628744055726383,0.00042773472986279204,0.0007006401456102926,0.000366870045415748,0.00024432446258142724,0.0001623539242831143,0.00011664104725814772,0.00011613235242817133,0.00010378214407539906,8.856610092110374e-05,7.023761976942895e-05,6.572695728119707e-05,5.3184553933810006e-05,4.3825696390196385e-05,3.948280748753058e-05,4.190626646128922e-05,6.14524070025668e-05,5.814845476732555e-05,0.0,-2.7201940392495238e-05,-2.9765062902169412e-05,-2.382215441728991e-05,-3.113124361379165e-05,-4.290508060068121e-05,-7.549060932011874e-05,0.0,-1.1066126651509391e-05,-1.909055091079649e-05,7.3803880931695e-05,0.000285890912683739,0.00034408032383177696,0.0006391252254273847,0.0003440803238317499,0.00019031362137244694,0.0001609830240388482,0.00012032575009609813,6.162061308619667e-05,5.899593961515743e-05,5.383125955924418e-05,3.892988759472726e-05,0.0,5.149345951656163e-05,5.0699681492149344e-05,4.9470046916628276e-05,4.887292891441974e-05,4.887292891444363e-05,4.8872928914440243e-05,4.776899187839281e-05,4.699840053560459e-05,4.682652760849736e-05,4.660598088755716e-05,4.6270412192608465e-05,4.5928874411583096e-05,4.563405642138151e-05,4.59503433991839e-05,4.6348981594718286e-05,4.273936191907673e-05,4.093828043264028e-05,4.275671080709622e-05,4.426700559915326e-05,4.512667888067305e-05,4.588962188803536e-05,4.42670055991677e-05,4.42670055991487e-05,4.4267005599138654e-05,4.4267005599146196e-05,4.426700559913828e-05,4.426700559914136e-05,4.426700559913724e-05,4.426700559914777e-05,4.426700559914777e-05,4.426700559914638e-05,0.003931557752642225,0.001927563549988648,0.0019035995213014941,-1.909055091078593e-05,0.037418705865427754,0.00014190385451059187
线路序号3,0.037985003918803564,0.08911755550502831,0.016283100142466943,0.8186547540187139,-0.10944078852123044,0.004757063952610854,0.048744384905497984,-0.07705061498109873,-0.07705061498109875,-0.07705061498109861,0.19872659947587545,0.1206467364631017,0.16156740164543487,0.09847718933736502,0.03733063078688941,0.0880198842556949,0.017563096695095832,0.02268737075401664,0.02768987988480466,0.021779877363127233,0.01749133707175609,0.012591591391391009,0.0045600495029574865,0.0038993836583137696,-0.0010786036974030576,-0.005640154137175743,0.0068968477807614895,0.008477229479614606,0.010220270347472448,-0.01590961324242313,0.010832090630888084,0.008410895459100141,0.021796749580882988,0.004791622945753203,0.004481593630397587,0.004567061171387491,0.004065148847338786,-0.003435392438829116,0.0035051076031221875,0.003185461421281582,0.0029297970984001223,0.0022210766961619725,0.003607888895329351,0.0018798202696659748,0.001245350085589886,0.0008177089563987993,0.0005739137328432736,0.0005844738440603251,0.0005221544092820569,0.0004455986193085493,0.0003533833607584802,0.0003306890685177712,0.00026758504162396207,0.00022049824479800144,0.00019864806421296912,0.0002108411037780889,0.0003091827169621415,0.00029255969145942944,-4.230147322081476e-05,-0.00013685989284100943,-0.000149755615239875,-0.00011985532847103887,-0.00015662921848641348,-0.00021586639219915854,-0.00037981248958638835,0.0,-5.567650269936132e-05,-0.0001350801133472046,0.000270695518273328,0.0011365381799511465,0.0013748881543906946,0.0025834232360559995,0.0013748881543906924,0.000743692003800132,0.0006231360343992967,0.0004538293697592245,0.0002093670637423556,0.00019816587021340406,0.00017612481197901432,0.00011253093904045902,-4.763704939211718e-05,0.00016614789446930684,0.00016276032593225487,0.00015751267322335465,0.00015496438126395718,0.00015496438126395905,0.00015496438126395975,0.0001502531619366865,0.0001469645460925559,0.00014623105221606524,0.00014528983551601523,0.00014385774503461083,0.00014240018056999322,0.00014114199992365455,0.0001424918027422774,0.0001441930519168963,0.00012878845054490996,0.00012110206116587307,0.00012886248956509608,0.00013530790246632057,0.00013897668904271676,0.00014223266445124617,0.00013530790246632428,0.00013530790246632076,0.00013530790246632043,0.0001353079024663204,0.00013530790246632057,0.00013530790246631862,0.00013530790246632003,0.000135307902466321,0.000135307902466321,0.00013530790246632081,0.01638128091987717,0.00777493308494556,0.007666861047507486,-0.0001350801133472051,0.1206467364631017,0.0005436857849438081
线路序号4,0.3944135839261603,0.20308224933872734,0.47561927548278876,-0.04464874326376972,-0.053938341703920624,0.015071728022702185,0.04165338450999393,-0.03782993757946656,-0.03782993757946655,-0.037829937579466594,0.03544203025532714,0.08510416915268232,0.03112109818187797,0.06689578591439059,0.016674644026598524,0.06119699031146467,0.009570096914542867,0.011208477973420047,0.012807927205155712,0.01018717087869325,0.008285442570003704,0.006112678777979279,0.0025511381291969224,0.0021843014269205224,-0.00013860421764121987,-0.0023790736357995465,0.00394116394857652,0.004768382325969876,0.005680741308287887,-0.007423062378250075,0.006000986083629607,0.004704732646120677,0.009715866559248328,0.0021135176091308552,0.0019680141112933753,0.0020081258863728,0.0017725675209547417,-0.0016616964843546472,0.0015296884897082193,0.0013910641369684347,0.0012801874761742904,0.0009728291762315997,0.0015935184311723963,0.000834400059542381,0.0005556854495836448,0.00036925370654140145,0.0002652854818577609,0.00026412851905381846,0.00023603951393147776,0.00020143252578244339,0.00015974668646309375,0.00014948774846641866,0.00012096161985320947,9.967606822745273e-05,8.97987102794518e-05,9.531056478290036e-05,0.0001397658181764657,0.00013225139181142996,-1.9122349634766947e-05,-6.186741318018001e-05,-6.769691493811672e-05,-5.418051245282087e-05,-7.080412219411166e-05,-9.758224269117703e-05,-0.0001716939545724436,0.0,-2.516852180302628e-05,-4.3419071727713354e-05,0.00016785770169406143,0.0006502231445351028,0.0007825676865148986,0.0014536104345814166,0.0007825676865148805,0.00043284454260903484,0.0003661357652984076,0.00027366587787493017,0.00014014838188793966,0.00013417889016226466,0.00012243247096013085,8.854116309829422e-05,0.0,0.00011711543698801343,0.0001153100880937387,0.00011251343795605071,0.00011115536769979183,0.00011115536769980733,0.00011115536769980557,0.00010864460090345385,0.00010689198721817292,0.0001065010837296023,0.00010599947778121066,0.0001052362687305965,0.00010445948373989437,0.00010378895707340896,0.0001045083122685641,0.00010541496501453487,9.720533626474316e-05,9.310900155900577e-05,9.72447941419155e-05,0.00010067977085960922,0.0001026349902792594,0.00010437020878163788,0.00010067977085961989,0.00010067977085960665,0.00010067977085960043,0.00010067977085960503,0.00010067977085960015,0.00010067977085960113,0.0001006797708595994,0.0001006797708596061,0.0001006797708596061,0.00010067977085960509,0.00894183666366552,0.004384002349005374,0.0043294991612602045,-4.341907172770716e-05,0.0851041691526823,0.00032274257910260966
线路序号5,-0.0638577357074772,-0.11999123567747051,-0.040033307291785045,0.08111092729588172,0.09798683216146047,-0.5310564536854233,-0.38816942304866736,0.06872357634992483,0.0687235763499248,0.06872357634992483,-0.06438559585597547,-0.15460408450781632,-0.05653599513620869,-0.12152591161744813,-0.030291912839204786,-0.1111732216639531,-0.017385471086257983,-0.020361828251888987,-0.023267460098732772,-0.01850647557112543,-0.015051709875451331,-0.011104568856836703,-0.004634512960344634,-0.00396810080822603,0.00025179469338227386,0.004321932816000977,-0.007159696760234139,-0.008662459094891247,-0.010319891704928247,0.013485070997812668,-0.010901662854368582,-0.008546830206432975,-0.017650282818669042,-0.0038395117219768614,-0.0035751834840088296,-0.0036480523496107958,-0.0032201263643598208,0.0030187130225384374,-0.0027789013263168245,-0.0025270700546036026,-0.002325646495616616,-0.001767285500478143,-0.0028948576861815753,-0.0015158089034084422,-0.0010094833315752616,-0.0006708029914319606,-0.00048192961007882613,-0.00047982781909849216,-0.00042880006141150925,-0.00036593144083013087,-0.0002902030589062546,-0.0002715662079412561,-0.00021974435194164102,-0.0001810760557217455,-0.00016313240033904585,-0.00017314548463245427,-0.00025390490947501955,-0.00024025386252473475,3.4738525601695e-05,0.00011239114218280337,0.00012298127885172956,9.84267705017427e-05,0.00012862597214903735,0.00017727231751035342,0.0003119070067481239,0.0,4.5722275541999455e-05,7.88770503428285e-05,-0.00030493789618508515,-0.001181224785900821,-0.0014216478692362915,-0.0026406944889654236,-0.0014216478692362872,-0.0007863249816142446,-0.0006651387982882126,-0.0004971538166829559,-0.0002545998920236798,-0.00024375544324505274,-0.0002224163666161397,-0.00016084788322781701,0.0,-0.00021275720211523663,-0.0002094775236247985,-0.0002043970024408187,-0.00020192987056284054,-0.0002019298705628436,-0.00020192987056284425,-0.00019736869799248882,-0.00019418482066887514,-0.00019347468770380372,-0.0001925634476411334,-0.00019117696754579515,-0.00018976582478344117,-0.00018854771570085075,-0.00018985452889803088,-0.00019150159530092304,-0.0001765876122417177,-0.0001691460252627859,-0.0001766592932067827,-0.00018289942733925322,-0.00018645136740748008,-0.00018960364385471783,-0.00018289942733925828,-0.00018289942733925354,-0.00018289942733925303,-0.00018289942733925327,-0.00018289942733925294,-0.00018289942733925083,-0.00018289942733925257,-0.0001828994273392536,-0.0001828994273392536,-0.00018289942733925322,-0.016244145086761058,-0.007964177036169638,-0.007865164079131393,7.887705034282878e-05,-0.15460408450781635,-0.0005863087727739402
线路序号6,-0.06385773570747683,-0.11999123567747018,-0.040033307291784656,0.08111092729588172,0.09798683216146044,0.4689435463145764,-0.3881694230486675,0.06872357634992482,0.0687235763499248,0.06872357634992482,-0.06438559585597546,-0.15460408450781632,-0.05653599513620868,-0.1215259116174481,-0.030291912839204772,-0.11117322166395306,-0.017385471086257983,-0.02036182825188899,-0.023267460098732765,-0.018506475571125423,-0.015051709875451328,-0.011104568856836696,-0.004634512960344634,-0.003968100808226029,0.0002517946933822737,0.004321932816000976,-0.007159696760234138,-0.008662459094891245,-0.010319891704928247,0.013485070997812662,-0.01090166285436858,-0.008546830206432971,-0.017650282818669042,-0.0038395117219768597,-0.003575183484008829,-0.003648052349610795,-0.00322012636435982,0.0030187130225384365,-0.0027789013263168237,-0.002527070054603601,-0.002325646495616615,-0.0017672855004781428,-0.0028948576861815758,-0.0015158089034084414,-0.0010094833315752614,-0.0006708029914319604,-0.0004819296100788261,-0.00047982781909849216,-0.00042880006141150914,-0.0003659314408301307,-0.0002902030589062545,-0.00027156620794125606,-0.00021974435194164094,-0.00018107605572174545,-0.00016313240033904585,-0.0001731454846324542,-0.0002539049094750195,-0.00024025386252473472,3.4738525601694985e-05,0.00011239114218280333,0.00012298127885172953,9.842677050174269e-05,0.00012862597214903732,0.0001772723175103534,0.0003119070067481239,0.0,4.5722275541999455e-05,7.887705034282848e-05,-0.00030493789618508515,-0.0011812247859008206,-0.0014216478692362913,-0.0026406944889654236,-0.0014216478692362867,-0.0007863249816142447,-0.0006651387982882125,-0.0004971538166829558,-0.00025459989202367974,-0.0002437554432450527,-0.00022241636661613965,-0.000160847883227817,0.0,-0.00021275720211523657,-0.0002094775236247985,-0.00020439700244081864,-0.00020192987056284054,-0.00020192987056284354,-0.0002019298705628442,-0.00019736869799248877,-0.00019418482066887506,-0.00019347468770380366,-0.00019256344764113337,-0.00019117696754579507,-0.00018976582478344109,-0.0001885477157008507,-0.00018985452889803083,-0.00019150159530092293,-0.0001765876122417177,-0.00016914602526278582,-0.00017665929320678266,-0.00018289942733925313,-0.00018645136740748006,-0.00018960364385471774,-0.00018289942733925826,-0.00018289942733925351,-0.000182899427339253,-0.00018289942733925327,-0.00018289942733925292,-0.00018289942733925078,-0.00018289942733925257,-0.00018289942733925357,-0.00018289942733925357,-0.00018289942733925313,-0.016244145086761055,-0.007964177036169636,-0.007865164079131393,7.887705034282877e-05,-0.15460408450781632,-0.0005863087727739401
线路序号7,0.0,0.0,0.0,0.0,0.0,0.0,0.0,0.0,-0.9999999999999999,-1.0,0.0,0.0,0.0,0.0,0.0,0.0,0.0,0.0,0.0,0.0,0.0,0.0,0.0,0.0,0.0,0.0,0.0,0.0,0.0,0.0,0.0,0.0,0.0,0.0,0.0,0.0,0.0,0.0,0.0,0.0,0.0,0.0,0.0,0.0,0.0,0.0,0.0,0.0,0.0,0.0,0.0,0.0,0.0,0.0,0.0,0.0,0.0,0.0,0.0,0.0,0.0,0.0,0.0,0.0,0.0,0.0,0.0,0.0,0.0,0.0,0.0,0.0,0.0,0.0,0.0,0.0,0.0,0.0,0.0,0.0,0.0,0.0,0.0,0.0,0.0,0.0,0.0,0.0,0.0,0.0,0.0,0.0,0.0,0.0,0.0,0.0,0.0,0.0,0.0,0.0,0.0,0.0,0.0,0.0,0.0,0.0,0.0,0.0,0.0,0.0,0.0,0.0,0.0,0.0,0.0,0.0,0.0,0.0
线路序号8,-0.539020086028772,-0.512520159460759,-0.5502673021096907,-0.6057442332179598,-0.6154248918265837,-0.5562407789493208,-0.5334439354706713,0.27034820835695306,0.27034820835695295,0.2703482083569531,-0.5222819133842124,-0.49617986439980205,-0.4311181181062854,-0.3977651419619149,-0.126324252635352,-0.359483449796395,-0.06429131226553685,-0.07979926534433153,-0.09493871260739266,-0.07499345026369234,-0.06052034963993009,-0.04398453385070846,-0.01687943374260279,-0.014441737173303895,0.002683301609696446,0.018690882504699944,-0.02576222421694559,-0.03145179054042894,-0.03772694965510115,0.05472889184947193,-0.03992957708559578,-0.03113149868335044,-0.07370182026114928,-0.016139092302886297,-0.015070198248308695,-0.01536486633902991,-0.01363441353175412,0.011983388917178204,-0.011759770172339638,-0.010689808632296436,-0.009834015545486647,-0.007461693846937936,-0.012158049607747664,-0.006346343020079462,-0.00421254202762257,-0.0027783476730275838,-0.0019672446078840616,-0.0019864346066547447,-0.0017748387873329095,-0.00151462038636849,-0.0012011743735623754,-0.0011240349117406147,-0.000909539979634177,-0.0007494887153101113,-0.0006752184471228424,-0.000716663428092002,-0.0010509333420968116,-0.0009944305339225005,0.00014378561992200043,0.0004651961985314521,0.0005090296468320325,0.00040739651347848204,0.0005323934975126544,0.0007337447294249032,0.0012910088020864714,0.0,0.00018924826598657138,0.0004094502985086316,-0.001048241877047287,-0.004247508125880463,-0.0051269616646010905,-0.009586162706001372,-0.00512696166460106,-0.0028001147839145286,-0.0023559411657451245,-0.001735573096723464,-0.0008398221287703689,-0.0007991966187964574,-0.000719256099170369,-0.0004886080425443781,9.230382142345309e-05,-0.0006830709050880024,-0.0006707845626519436,-0.000651751897345872,-0.0006425095197237539,-0.0006425095197237769,-0.0006425095197237767,-0.0006254224399161892,-0.0006134949881289657,-0.0006108346856604612,-0.000607420995116067,-0.0006022269587854516,-0.0005969405310898697,-0.0005923772468055124,-0.0005972728347380818,-0.0006034430803581504,-0.0005475722675680602,-0.0005196945697518252,-0.0005478407990370804,-0.0005712176102159759,-0.0005845238998775475,-0.0005963329683569084,-0.0005712176102160001,-0.0005712176102159746,-0.0005712176102159673,-0.0005712176102159725,-0.0005712176102159669,-0.0005712176102159619,-0.0005712176102159652,-0.0005712176102159743,-0.0005712176102159743,-0.000571217610215972,-0.06000941441558483,-0.028876182298010877,-0.028492925918802692,0.00040945029850862695,-0.496179864399802,-0.002064822101160324
线路序号9,0.0,0.0,0.0,0.0,0.0,0.0,0.0,0.0,0.0,-1.0,0.0,0.0,0.0,0.0,0.0,0.0,0.0,0.0,0.0,0.0,0.0,0.0,0.0,0.0,0.0,0.0,0.0,0.0,0.0,0.0,0.0,0.0,0.0,0.0,0.0,0.0,0.0,0.0,0.0,0.0,0.0,0.0,0.0,0.0,0.0,0.0,0.0,0.0,0.0,0.0,0.0,0.0,0.0,0.0,0.0,0.0,0.0,0.0,0.0,0.0,0.0,0.0,0.0,0.0,0.0,0.0,0.0,0.0,0.0,0.0,0.0,0.0,0.0,0.0,0.0,0.0,0.0,0.0,0.0,0.0,0.0,0.0,0.0,0.0,0.0,0.0,0.0,0.0,0.0,0.0,0.0,0.0,0.0,0.0,0.0,0.0,0.0,0.0,0.0,0.0,0.0,0.0,0.0,0.0,0.0,0.0,0.0,0.0,0.0,0.0,0.0,0.0,0.0,0.0,0.0,0.0,0.0,0.0
线路序号10,-0.03798500391880314,-0.08911755550502895,-0.016283100142467817,0.1813452459812865,0.10944078852123054,-0.0047570639526108545,-0.04874438490549787,0.07705061498109878,0.07705061498109875,0.0770506149810988,-0.19872659947587556,-0.12064673646310169,-0.1615674016454349,-0.09847718933736513,-0.03733063078688936,-0.08801988425569493,-0.017563096695095832,-0.02268737075401663,-0.027689879884804692,-0.021779877363127215,-0.017491337071756086,-0.012591591391391004,-0.004560049502957481,-0.003899383658313773,0.001078603697403058,0.0056401541371757504,-0.006896847780761496,-0.0084772294796146,-0.010220270347472459,0.015909613242423133,-0.01083209063088809,-0.008410895459100155,-0.021796749580882988,-0.004791622945753201,-0.004481593630397588,-0.00456706117138749,-0.004065148847338789,0.0034353924388291143,-0.0035051076031221906,-0.0031854614212815835,-0.0029297970984001214,-0.0022210766961619725,-0.0036078888953293515,-0.0018798202696659761,-0.0012453500855898866,-0.0008177089563987992,-0.000573913732843273,-0.0005844738440603253,-0.0005221544092820576,-0.00044559861930854917,-0.0003533833607584799,-0.0003306890685177713,-0.00026758504162396234,-0.00022049824479800152,-0.00019864806421296941,-0.00021084110377808906,-0.0003091827169621412,-0.00029255969145942955,4.230147322081477e-05,0.00013685989284100948,0.00014975561523987514,0.000119855328471039,0.0001566292184864138,0.0002158663921991586,0.00037981248958638856,0.0,5.567650269936136e-05,0.00013508011334720458,-0.00027069551827332833,-0.0011365381799511483,-0.0013748881543906965,-0.0025834232360560008,-0.001374888154390693,-0.0007436920038001318,-0.0006231360343992962,-0.0004538293697592246,-0.0002093670637423554,-0.00019816587021340406,-0.00017612481197901443,-0.00011253093904045933,4.7637049392117164e-05,-0.00016614789446930673,-0.0001627603259322549,-0.00015751267322335467,-0.00015496438126395699,-0.00015496438126395907,-0.00015496438126395961,-0.00015025316193668665,-0.00014696454609255616,-0.0001462310522160654,-0.00014528983551601515,-0.00014385774503461088,-0.00014240018056999333,-0.0001411419999236545,-0.00014249180274227748,-0.0001441930519168964,-0.00012878845054491004,-0.0001211020611658731,-0.00012886248956509635,-0.00013530790246632043,-0.00013897668904271686,-0.0001422326644512462,-0.0001353079024663243,-0.00013530790246632073,-0.0001353079024663206,-0.0001353079024663207,-0.00013530790246632054,-0.00013530790246631878,-0.00013530790246632027,-0.00013530790246632084,-0.00013530790246632084,-0.00013530790246632052,-0.016381280919877172,-0.007774933084945549,-0.0076668610475074915,0.00013508011334720514,-0.1206467364631017,-0.0005436857849438084
线路序号11,-0.04276376247632996,-0.1003291189395325,-0.01833161919264925,0.08715085024110229,0.12320914578680472,-0.005355533288584478,-0.054876743006512144,0.08674407944646283,0.08674407944646279,0.08674407944646284,-0.2237276877970341,-0.13582487427620157,-0.1818936231427638,-0.11086625509271106,-0.042027064982659325,-0.09909335356528236,-0.019772647569640152,-0.02554158836500582,-0.03117344541869948,-0.02451992645074645,-0.01969186012271895,-0.014175694824501489,-0.005133733150103747,-0.004389951279843571,0.0012142990012698944,0.006349721915723667,-0.007764515727373425,-0.009543719639953215,-0.011506046294412542,0.017911145230986046,-0.012194837516709496,-0.009469040371696625,-0.024538921302348915,-0.005394440026025378,-0.005045407022608898,-0.00514162693165882,-0.004576570799100765,0.0038675869714560034,-0.003946072753192402,-0.0035862130194428154,-0.003298384475295621,-0.002500502474066221,-0.004061784595064335,-0.0021163137874626635,-0.0014020231608737757,-0.0009205820186554225,-0.0006461157831042011,-0.0006580044244421082,-0.0005878448027078649,-0.0005016578004473667,-0.00039784126743454685,-0.0003722918868151684,-0.00030124896621536407,-0.0002482383465629114,-0.00022363927229137524,-0.00023736627489855835,-0.00034807989748318483,-0.0003293655881269062,4.7623271464723735e-05,0.0001540777503274591,0.00016859583780231104,0.0001349339020528794,0.00017633418468309168,0.00024302377702421405,0.00042759535117951485,0.0,6.268096594218425e-05,0.00015207406309088517,-0.00030475076089481163,-0.0012795220154933895,-0.0015478579544592034,-0.00290843454639853,-0.0015478579544591993,-0.0008372532558911161,-0.0007015305677592078,-0.0005109240324063528,-0.00023570679111639372,-0.00022309641517573555,-0.00019828244961508397,-0.00012668805717780743,5.3630097541448036e-05,-0.00018705037151544535,-0.0001832366250011515,-0.0001773287837256477,-0.0001744599001971645,-0.00017445990019716683,-0.00017445990019716745,-0.00016915597908356012,-0.0001654536341493616,-0.00016462786201098978,-0.00016356823417770742,-0.00016195597747444904,-0.00016031504199654086,-0.00015889857410759814,-0.00016041819082920916,-0.00016233346812579628,-0.00014499086851668907,-0.00013633748176416035,-0.0001450742221232859,-0.00015233050955079305,-0.00015646085314809094,-0.00016012645126930623,-0.0001523305095507974,-0.00015233050955079335,-0.0001523305095507932,-0.00015233050955079327,-0.00015233050955079316,-0.00015233050955079116,-0.00015233050955079284,-0.0001523305095507935,-0.0001523305095507935,-0.00015233050955079313,-0.018442151745281073,-0.008753069827890314,-0.008631401630903597,0.0001520740630908858,-0.1358248742762016,-0.000612084964339965
线路序号12,-0.2056751553106028,-0.31696941479758484,-0.1584391532860986,0.14699902568105894,0.11520936716871515,-0.13335177503533632,-0.22909384462504506,0.0796519841134213,0.07965198411342128,0.0796519841134213,0.421075279521816,-0.3855953045312995,0.31908310344474416,-0.2888234993191563,-0.021913994137148694,-0.27232039815744086,-0.027706361731398503,-0.024154621801639048,-0.020687279652388833,-0.01741048766313972,-0.015032712963248583,-0.012316056356777114,-0.007862980063694937,-0.006751769931105132,-0.0028275474105416026,0.0018966967208444965,-0.012726277291153405,-0.014877238269355018,-0.017249584704962143,0.012532429582080083,-0.018082295914067046,-0.014495233321948867,-0.012591649890356936,-0.0025427584477628385,-0.0022899593937874383,-0.002359649943802196,-0.0019503887726365456,0.0032993135407593122,-0.0016950154354871772,-0.0015492598987179545,-0.001432679464690123,-0.0011095098837094748,-0.0019360615751616212,-0.0010503779788716746,-0.0007251942297855597,-0.0005203914181376274,-0.0004269818963709067,-0.00037394719239613073,-0.0003348179151477457,-0.0002857285087657053,-0.00022659787601859212,-0.00021204575220480529,-0.0001715819385389138,-0.00014138875647629344,-0.00012737789727634686,-0.00013519636632292574,-0.00019825536441474075,-0.00018759628226715,2.7124717937258017e-05,8.775784169164776e-05,9.602688780360012e-05,7.6854107682818e-05,0.0001004344068585924,0.00013841870163648238,0.00024354486651800868,0.0,3.570110723023345e-05,-9.130755232135858e-05,-0.0006323082250975058,-0.00210478853313062,-0.00250568243259137,-0.004538383894645834,-0.002505682432591358,-0.0014516064259110055,-0.0012511590067642631,-0.0009819038900506292,-0.0005931257703080772,-0.0005768069750039068,-0.0005446957971473097,-0.0004520471528397971,-0.00021870160704991028,-0.0005301606251420597,-0.000525225344147936,-0.0005175801436465254,-0.0005138675879484916,-0.0005138675879485003,-0.0005138675879485017,-0.0005070039065348971,-0.0005022127877442423,-0.000501144175154303,-0.0004997729353283504,-0.0004976865512869941,-0.000495563054707873,-0.0004937300364344065,-0.0004956965372221271,-0.0004981750531918936,-0.0004757323968908517,-0.00046453424960588604,-0.00047584026286172755,-0.000485230456282993,-0.0004905754382262261,-0.0004953190038176844,-0.0004852304562830062,-0.00048523045628299393,-0.0004852304562829914,-0.0004852304562829927,-0.00048523045628299117,-0.00048523045628298634,-0.00048523045628299036,-0.0004852304562829936,-0.0004852304562829936,-0.0004852304562829926,-0.026000420225073158,-0.013752198942507003,-0.013625931662340331,-9.130755232135925e-05,-0.3855953045312994,-0.0011248061178479125
线路序号13,0.38278050720476603,0.7414312726183119,0.23056036252474232,0.01963121440561447,0.02371567648427403,-0.006626755931938279,-0.018314211381145973,0.016633113527657895,0.016633113527657884,0.016633113527657863,-0.015583195495609608,-0.03741870586542779,-0.013683362762024025,-0.029412821506739434,-0.0073315280138932775,-0.026907168040215392,-0.004207791993203682,-0.0049281573941939855,-0.005631405201497294,-0.0044791078334456245,-0.0036429535894492516,-0.002687630130466241,-0.0011216875533704004,-0.0009603963404981613,6.094167304927509e-05,0.0010460340250836627,-0.0017328558169063546,-0.0020965682114733415,-0.0024977153320308795,0.0032637812050564977,-0.0026385209491088814,-0.0020685826418777673,-0.004271884170045953,-0.0009292740243499291,-0.0008652988672901745,-0.0008829352619391597,-0.0007793646698343837,0.0007306167559680572,-0.0006725753183657692,-0.0006116247922917263,-0.0005628744055726594,-0.00042773472986270465,-0.0007006401456102798,-0.0003668700454156879,-0.0002443244625814384,-0.00016235392428310771,-0.00011664104725815877,-0.00011613235242816768,-0.00010378214407539119,-8.856610092111174e-05,-7.023761976942775e-05,-6.572695728119316e-05,-5.3184553933810345e-05,-4.38256963901962e-05,-3.948280748753002e-05,-4.190626646129485e-05,-6.145240700256962e-05,-5.814845476731949e-05,0.0,2.720194039249391e-05,2.9765062902164628e-05,2.3822154417287052e-05,3.113124361378598e-05,4.29050806006839e-05,7.549060932011728e-05,0.0,1.1066126651509003e-05,1.9090550910767348e-05,-7.380388093173226e-05,-0.0002858909126837627,-0.0003440803238317778,-0.000639125225427393,-0.0003440803238317939,-0.00019031362137252205,-0.00016098302403889993,-0.00012032575009621405,-6.162061308621757e-05,-5.8995939615198006e-05,-5.383125955931834e-05,-3.8929887594763326e-05,0.0,-5.149345951659492e-05,-5.069968149218059e-05,-4.9470046916672145e-05,-4.8872928914477635e-05,-4.8872928914463046e-05,-4.8872928914465526e-05,-4.776899187842669e-05,-4.699840053561175e-05,-4.6826527608523245e-05,-4.660598088762932e-05,-4.6270412192640794e-05,-4.5928874411632705e-05,-4.563405642141063e-05,-4.59503433992287e-05,-4.634898159476532e-05,-4.273936191911933e-05,-4.093828043265963e-05,-4.275671080712201e-05,-4.426700559918796e-05,-4.5126678880701405e-05,-4.5889621888072486e-05,-4.4267005599180436e-05,-4.42670055991911e-05,-4.426700559919753e-05,-4.426700559919265e-05,-4.426700559919776e-05,-4.4267005599194876e-05,-4.426700559919831e-05,-4.426700559919173e-05,-4.426700559919173e-05,-4.4267005599192505e-05,-0.0039315577526420845,-0.0019275635499885913,-0.001903599521301611,1.9090550910774446e-05,-0.037418705865427795,-0.0001419038545106734
线路序号14,0.2228059088690737,0.0554864780429611,0.2938203619924686,0.025017528858155013,0.030222665219646692,-0.008444972090763858,-0.023339173128847913,0.021196824051808956,0.021196824051808946,0.02119682405180894,-0.019858834759717503,-0.04768546328725454,-0.01743773541985428,-0.03748296440765108,-0.009343116012705247,-0.03428982227124945,-0.005362304921338994,-0.006280320579225982,-0.007176522003658178,-0.005708063045247345,-0.0046424889805544035,-0.003425048647512942,-0.001429450575826429,-0.001223905086422348,7.766254459212277e-05,0.00133303961071597,-0.002208308131670063,-0.002671814114496381,-0.0031830259762568847,0.004159281173193812,-0.003362465134520651,-0.0026361500042429657,-0.005443982389202326,-0.0011842435847809378,-0.0011027152440029758,-0.0011251906244337008,-0.0009932028511202274,0.0009310797283867504,-0.0008571131713423925,-0.0007794393446767559,-0.0007173130706016524,-0.0005450944463688076,-0.0008928782855621037,-0.0004675300141266332,-0.00031136098700221764,-0.00020689978225828717,-0.00014864443459961318,-0.00014799616662564718,-0.00013225736985607872,-0.00011286642486133966,-8.950906669366482e-05,-8.376079118522157e-05,-6.777706591939947e-05,-5.585037183725634e-05,-5.031590279192122e-05,-5.340429832161115e-05,-7.831341117389892e-05,-7.41029370441044e-05,1.0714611405684906e-05,3.4665472787684776e-05,3.793185203594731e-05,3.035835803553095e-05,3.9672878580320017e-05,5.4677162090495836e-05,9.620334525232486e-05,0.0,1.410239515151689e-05,2.432852081691686e-05,-9.405382076236644e-05,-0.0003643322318513638,-0.00043848736268312165,-0.000814485209154032,-0.00043848736268313075,-0.00024253092123658788,-0.0002051527412595594,-0.00015334012777883208,-7.852776880174299e-05,-7.518295054710723e-05,-6.860121140088667e-05,-4.961127550356696e-05,0.0,-6.562197747145182e-05,-6.461040660158936e-05,-6.304339103942245e-05,-6.22824387853721e-05,-6.22824387853637e-05,-6.228243878536531e-05,-6.0875609025061044e-05,-5.9893586682568335e-05,-5.9674556121104955e-05,-5.939349689365351e-05,-5.896585653798805e-05,-5.8530609328311274e-05,-5.815490065202746e-05,-5.855796886938022e-05,-5.906598341981659e-05,-5.446597434566641e-05,-5.2170721126365494e-05,-5.448808333481927e-05,-5.641276526045595e-05,-5.750831139858635e-05,-5.848058689360253e-05,-5.64127652604522e-05,-5.6412765260457936e-05,-5.641276526046176e-05,-5.641276526045884e-05,-5.641276526046188e-05,-5.641276526045978e-05,-5.6412765260462164e-05,-5.641276526045832e-05,-5.641276526045832e-05,-5.641276526045872e-05,-0.005010278911023294,-0.002456438799016726,-0.00242589963995871,2.432852081692123e-05,-0.04768546328725455,-0.00018083872459201782
线路序号15,-0.0638577357074775,-0.11999123567747033,-0.04003330729178506,0.08111092729588174,0.09798683216146045,0.46894354631457674,0.6118305769513326,0.06872357634992482,0.06872357634992482,0.06872357634992485,-0.06438559585597547,-0.15460408450781632,-0.05653599513620869,-0.12152591161744812,-0.030291912839204776,-0.11117322166395308,-0.017385471086257986,-0.020361828251888994,-0.02326746009873277,-0.018506475571125426,-0.01505170987545133,-0.011104568856836698,-0.004634512960344635,-0.00396810080822603,0.0002517946933822738,0.0043219328160009765,-0.00715969676023414,-0.008662459094891245,-0.010319891704928249,0.013485070997812664,-0.010901662854368582,-0.008546830206432973,-0.017650282818669042,-0.00383951172197686,-0.0035751834840088296,-0.0036480523496107958,-0.0032201263643598208,0.003018713022538437,-0.002778901326316824,-0.002527070054603602,-0.0023256464956166152,-0.0017672855004781428,-0.0028948576861815753,-0.0015158089034084414,-0.0010094833315752616,-0.0006708029914319605,-0.00048192961007882613,-0.0004798278190984921,-0.0004288000614115091,-0.00036593144083013076,-0.00029020305890625455,-0.0002715662079412561,-0.00021974435194164097,-0.00018107605572174545,-0.00016313240033904585,-0.00017314548463245424,-0.0002539049094750195,-0.00024025386252473472,3.4738525601694985e-05,0.00011239114218280336,0.00012298127885172956,9.842677050174271e-05,0.00012862597214903732,0.00017727231751035342,0.00031190700674812397,0.0,4.5722275541999455e-05,7.887705034282848e-05,-0.00030493789618508515,-0.0011812247859008208,-0.0014216478692362915,-0.0026406944889654236,-0.001421647869236287,-0.0007863249816142448,-0.0006651387982882126,-0.0004971538166829558,-0.0002545998920236798,-0.00024375544324505274,-0.00022241636661613967,-0.000160847883227817,0.0,-0.0002127572021152366,-0.0002094775236247985,-0.00020439700244081864,-0.0002019298705628406,-0.00020192987056284357,-0.0002019298705628442,-0.0001973686979924888,-0.00019418482066887506,-0.00019347468770380366,-0.0001925634476411334,-0.00019117696754579512,-0.00018976582478344109,-0.00018854771570085073,-0.00018985452889803083,-0.00019150159530092296,-0.0001765876122417177,-0.00016914602526278585,-0.00017665929320678268,-0.00018289942733925316,-0.00018645136740748006,-0.0001896036438547178,-0.00018289942733925828,-0.00018289942733925357,-0.000182899427339253,-0.0001828994273392533,-0.00018289942733925292,-0.00018289942733925078,-0.00018289942733925257,-0.0001828994273392536,-0.0001828994273392536,-0.00018289942733925316,-0.016244145086761058,-0.007964177036169636,-0.007865164079131393,7.887705034282877e-05,-0.15460408450781632,-0.0005863087727739402
线路序号16,0.12492638891546944,0.12752274035302383,0.12382443395098212,0.12149707054132977,0.11744056713932008,0.12323917779414092,0.12547271671303498,0.08414271031414035,0.08414271031414035,0.08414271031414033,0.15647043320527396,0.1291236937919962,-0.6625441282329433,0.07948005488908008,-0.057443701632400014,0.0852071603364636,-0.009629382533337488,-0.024074337317383437,-0.03817604565111536,-0.028889316150733958,-0.022150484231226467,-0.014451229859115384,-0.001830802589366296,-0.001537565007052215,0.005120450109214556,0.010093179332054928,-0.0019350862169815234,-0.0031437108502128004,-0.004476731936922867,0.021288328891329117,-0.004944632233530547,-0.003384702508847918,-0.03374402099287499,-0.007643304524015747,-0.007237041259219052,-0.007349038159244121,-0.006691330873803013,0.004003665869525808,-0.005756164920827419,-0.0052224145420064465,-0.004795502109005622,-0.0036120692865187205,-0.00573361191523207,-0.002945756078256966,-0.001922179016678103,-0.0012178995569165946,-0.0007930476195765681,-0.0008685310761063035,-0.000775181296842177,-0.000661527910990211,-0.000524626752174435,-0.0004909352031281348,-0.0003972520693004129,-0.0003273478348846197,-0.00029490943922799793,-0.0003130110123537218,-0.0004590072500305855,-0.00043432899731918594,6.280002674828052e-05,0.00020317980147682097,0.00022232456523858625,0.00017793512284110046,0.00023252899631091313,0.0003204714675868905,0.000563862974247895,0.0,8.265636141131222e-05,0.00037846172875944853,5.686194592936563e-05,-0.00031127166231391834,-0.00041706367625853063,-0.0009534738878086986,-0.00041706367625853405,-0.00012933883378024315,-7.35075953942414e-05,1.7150487885051207e-05,0.00014805191544932798,0.0001555446896147671,0.00017028853555321136,0.00021282815662153026,0.0003199687539834756,0.00017696235915730746,0.0001792283932145296,0.00018273868669752293,0.00018444330648737005,0.0001844433064873744,0.0001844433064873746,0.0001875947655146504,0.00018979460750232456,0.00019028526092724788,0.0001909148656346277,0.00019187282877793427,0.00019284783214133872,0.00019368946240315392,0.00019278654365064042,0.00019164853314920086,0.00020195307782925245,0.0002070947066758526,0.00020190355117334535,0.00019759204426587958,0.00019513789603541818,0.0001929598880971319,0.00019759204426588438,0.00019759204426587966,0.00019759204426587755,0.00019759204426587858,0.0001975920442658774,0.00019759204426587643,0.00019759204426587722,0.00019759204426587917,0.00019759204426587917,0.00019759204426587887,-0.008823012440085095,-0.002775803970328869,-0.002672331016070763,0.0003784617287594504,0.12912369379199615,-3.096463143586126e-05
线路序号17,0.16445375056360312,0.1757661670760923,0.15965248469644097,0.13434000373926777,0.13183769842012535,0.15710249808179275,0.1668341246181388,0.09467117665079598,0.09467117665079601,0.09467117665079601,0.15591376388425626,0.18274159107178117,0.10458490951646032,-0.6176294391647031,-0.06702619865712793,0.121907238278935,-0.009462868891227856,-0.02698596729754277,-0.04409267524667785,-0.033237155888823824,-0.025359945688124687,-0.016360070664946567,-0.0016076982042731573,-0.0013392630752330366,0.006327297097938415,0.01192099805118136,-0.0013735598004705574,-0.0026591431120180876,-0.004077043770251231,0.024514146794084396,-0.004574737426534568,-0.0029752972278848937,-0.03939379122087623,-0.00894584539254365,-0.00847902670562219,-0.008607717262557338,-0.007851975658595335,0.004540825623543701,-0.006753331049405934,-0.006126274456425196,-0.005624732412876771,-0.004234420793183998,-0.006708599835201406,-0.0034425673558927433,-0.002243425031582615,-0.0014169493320493835,-0.0009161602335216054,-0.0010102719295927258,-0.0009016094490421354,-0.0007694197702957626,-0.0006101907242958927,-0.0005710042538576162,-0.0004620418743226133,-0.00038073661252891014,-0.00034300767846546083,-0.0003640615266931776,-0.0005338690129551447,-0.0005051658619360384,7.304239375614905e-05,0.0002363174003452554,0.0002585845783300737,0.0002069554421959584,0.0002704533005430429,0.0003727387444740785,0.0006558261759125094,0.0,9.613719626036528e-05,0.00045898090668657695,0.00011459130238797402,-0.00021669137198083882,-0.00031353534638047626,-0.0008045752165758498,-0.0003135353463804814,-4.747306653131907e-05,0.0,9.292659446178429e-05,0.00022066898100564527,0.0002284187266193644,0.00024366822605281094,0.00028766678179524227,0.00039848186258160235,0.0002505709344570172,0.0002529146841961336,0.000256545366360314,0.0002583084476233738,0.0002583084476233796,0.00025830844762338,0.000261567988780525,0.00026384327633336536,0.0002643507571600509,0.00026500195472875407,0.00026599277208211975,0.00026700121406529674,0.0002678717087960697,0.00026693782363053077,0.00026576078403248914,0.00027641873236676083,0.00028173669801226413,0.0002763675071495182,0.00027190813322379914,0.00026936981776619985,0.0002671171130811666,0.00027190813322380586,0.0002719081332237993,0.0002719081332237966,0.0002719081332237979,0.0002719081332237964,0.00027190813322379496,0.00027190813322379605,0.00027190813322379865,0.00027190813322379865,0.0002719081332237982,-0.008625134412177582,-0.002302501548010081,-0.0021881702560052575,0.0004589809066865793,0.1827415910717812,4.597263616459597e-05
线路序号18,0.12492638891546949,0.12752274035302386,0.1238244339509821,0.12149707054132981,0.11744056713932008,0.12323917779414092,0.12547271671303495,0.08414271031414033,0.08414271031414033,0.08414271031414032,0.156470433205274,0.12912369379199617,0.33745587176705666,0.0794800548890801,-0.05744370163240002,0.0852071603364636,-0.009629382533337488,-0.02407433731738343,-0.038176045651115355,-0.028889316150733958,-0.022150484231226467,-0.01445122985911539,-0.0018308025893662952,-0.0015375650070522146,0.005120450109214555,0.010093179332054928,-0.0019350862169815238,-0.003143710850212801,-0.004476731936922866,0.021288328891329113,-0.004944632233530547,-0.0033847025088479185,-0.033744020992875,-0.0076433045240157475,-0.007237041259219054,-0.00734903815924412,-0.006691330873803014,0.004003665869525808,-0.00575616492082742,-0.005222414542006447,-0.0047955021090056215,-0.0036120692865187214,-0.0057336119152320685,-0.0029457560782569655,-0.0019221790166781033,-0.0012178995569165946,-0.000793047619576568,-0.0008685310761063036,-0.000775181296842177,-0.000661527910990211,-0.000524626752174435,-0.0004909352031281348,-0.00039725206930041286,-0.0003273478348846198,-0.00029490943922799793,-0.00031301101235372175,-0.00045900725003058553,-0.000434328997319186,6.28000267482805e-05,0.00020317980147682097,0.00022232456523858625,0.00017793512284110043,0.00023252899631091313,0.00032047146758689045,0.0005638629742478951,0.0,8.265636141131222e-05,0.0003784617287594485,5.686194592936567e-05,-0.00031127166231391824,-0.0004170636762585306,-0.0009534738878086981,-0.00041706367625853405,-0.00012933883378024317,-7.350759539424138e-05,1.715048788505118e-05,0.00014805191544932798,0.00015554468961476707,0.00017028853555321134,0.00021282815662153026,0.0003199687539834756,0.00017696235915730748,0.00017922839321452965,0.00018273868669752295,0.00018444330648737008,0.00018444330648737442,0.0001844433064873746,0.00018759476551465041,0.00018979460750232456,0.00019028526092724782,0.00019091486563462773,0.0001918728287779343,0.00019284783214133875,0.0001936894624031539,0.00019278654365064048,0.00019164853314920086,0.00020195307782925248,0.0002070947066758527,0.00020190355117334538,0.00019759204426587966,0.00019513789603541818,0.00019295988809713187,0.0001975920442658844,0.0001975920442658797,0.00019759204426587757,0.00019759204426587858,0.00019759204426587744,0.0001975920442658765,0.0001975920442658772,0.00019759204426587917,0.00019759204426587917,0.00019759204426587885,-0.008823012440085095,-0.0027758039703288683,-0.0026723310160707632,0.0003784617287594504,0.12912369379199623,-3.0964631435861196e-05
线路序号19,0.16445375056360323,0.17576616707609233,0.15965248469644083,0.1343400037392678,0.13183769842012535,0.15710249808179275,0.16683412461813882,0.094671176650796,0.094671176650796,0.09467117665079598,0.15591376388425632,0.18274159107178117,0.10458490951646034,0.3823705608352969,-0.06702619865712793,0.121907238278935,-0.009462868891227856,-0.026985967297542768,-0.04409267524667785,-0.03323715588882383,-0.02535994568812469,-0.01636007066494657,-0.0016076982042731577,-0.0013392630752330353,0.006327297097938413,0.011920998051181358,-0.001373559800470557,-0.002659143112018087,-0.0040770437702512315,0.024514146794084393,-0.004574737426534568,-0.0029752972278848937,-0.03939379122087623,-0.00894584539254365,-0.008479026705622188,-0.00860771726255734,-0.007851975658595335,0.004540825623543701,-0.006753331049405935,-0.006126274456425197,-0.005624732412876772,-0.004234420793183998,-0.006708599835201408,-0.0034425673558927425,-0.002243425031582615,-0.0014169493320493837,-0.0009161602335216054,-0.0010102719295927256,-0.0009016094490421353,-0.0007694197702957626,-0.0006101907242958926,-0.0005710042538576162,-0.00046204187432261334,-0.0003807366125289101,-0.00034300767846546083,-0.0003640615266931777,-0.0005338690129551448,-0.0005051658619360384,7.304239375614906e-05,0.0002363174003452554,0.0002585845783300736,0.00020695544219595844,0.0002704533005430429,0.0003727387444740785,0.0006558261759125091,0.0,9.613719626036525e-05,0.00045898090668657705,0.00011459130238797406,-0.0002166913719808389,-0.00031353534638047653,-0.00080457521657585,-0.00031353534638048147,-4.747306653131917e-05,0.0,9.292659446178427e-05,0.00022066898100564522,0.00022841872661936438,0.00024366822605281096,0.00028766678179524227,0.00039848186258160235,0.0002505709344570173,0.0002529146841961336,0.000256545366360314,0.00025830844762337387,0.00025830844762337967,0.00025830844762338,0.00026156798878052494,0.0002638432763333654,0.0002643507571600509,0.0002650019547287541,0.00026599277208211975,0.0002670012140652968,0.0002678717087960697,0.0002669378236305308,0.0002657607840324892,0.00027641873236676083,0.00028173669801226413,0.0002763675071495183,0.0002719081332237992,0.00026936981776619985,0.00026711711308116665,0.00027190813322380586,0.0002719081332237993,0.0002719081332237966,0.0002719081332237979,0.00027190813322379643,0.0002719081332237949,0.0002719081332237961,0.0002719081332237987,0.0002719081332237987,0.0002719081332237982,-0.008625134412177582,-0.0023025015480100807,-0.0021881702560052566,0.00045898090668657933,0.18274159107178117,4.5972636164595963e-05
线路序号20,0.17159977449215447,0.184190933110125,0.16625577924288581,0.13841869250144212,0.13529684261397085,0.1634175451747457,0.17424922319815528,0.09153432139201689,0.0915343213920169,0.09153432139201688,0.16533388952625738,0.19195485073642088,0.12684110061019702,0.14038424231370839,-0.001854352345823997,-0.5665978484117936,-0.04519906084097122,-0.02873896072940521,-0.012669991709599145,-0.012866978224134186,-0.013009919720578866,-0.01317323332664638,-0.013440932948963208,-0.011564909091018635,-0.008764445597456315,-0.003323294878536243,-0.022453578199493365,-0.025648936578197827,-0.029173173947926852,0.008926416164058733,-0.03041020742553057,-0.024771498946617714,-0.0005640080473980523,0.00045005761367306946,0.0006458697165328359,0.0005918890827714696,0.000908893000644411,0.003438897424108896,0.0007497257978937793,0.0006588803661351578,0.0005862189763957265,0.00038479623276489305,0.00028416214268583544,4.1980414070332676e-05,-4.693797936186422e-05,-0.000143498784061593,-0.0002580367547858963,-0.00010763160095571263,-9.804804144858403e-05,-8.367270508252571e-05,-6.635689709204597e-05,-6.209545475485964e-05,-5.024603601115149e-05,-4.140426789658007e-05,-3.730132942938231e-05,-3.9590889045108046e-05,-5.8057079111085606e-05,-5.493567466726914e-05,0.0,2.5698996709372453e-05,2.8120503263366197e-05,2.2505948441419625e-05,2.9411200658691194e-05,4.053451736393695e-05,7.131965192606535e-05,0.0,1.0454708314893126e-05,-0.0004279923369374264,-0.001219695125364667,-0.003719545091585732,-0.00439636264196208,-0.00782811360161681,-0.004396362641962084,-0.0026233028836030567,-0.002286889930888787,-0.0018456501790704361,-0.0012085430252253614,-0.001183160035030628,-0.0011332128607764776,-0.0009891029809612,-0.0006261467951416239,-0.001110604198702369,-0.0011029276400626288,-0.0010910359504037494,-0.0010852612738345496,-0.0010852612738345457,-0.0010852612738345459,-0.001074585194211403,-0.00106713287196465,-0.001065470703747788,-0.0010633378154795406,-0.0010600925596455305,-0.001056789577296565,-0.0010539384180047644,-0.0010569972020192883,-0.0010608523975398916,-0.0010259440777641144,-0.0010085259744399627,-0.0010261118573599676,-0.0010407177877056935,-0.001049031613679198,-0.0010564099695352374,-0.0010407177877056891,-0.0010407177877056943,-0.0010407177877056971,-0.0010407177877056958,-0.0010407177877056971,-0.001040717787705699,-0.0010407177877056971,-0.0010407177877056954,-0.0010407177877056954,-0.0010407177877056954,-0.04256126756332198,-0.023797876779671837,-0.02363242464672682,-0.0004279923369374234,0.19195485073642085,-0.002079830105889151
线路序号21,0.03480958933485838,0.041950578544626665,0.03177877909968041,0.017830354247289237,0.01422063063052669,0.030169094123870636,0.0363122059879733,-0.023680502272769997,-0.023680502272769997,-0.023680502272770045,0.048951780918121864,0.04635383115044952,0.12893408586415114,0.13948260493647058,0.39634414508179105,-0.03636810680138762,-0.21500385050793303,-0.009211547854488744,0.19169064067649727,0.1245003102425889,0.0757442499533684,0.02003944608935887,-0.07127049014133699,-0.06159064865890143,-0.09131794631240218,-0.09251939090831092,-0.12703805529934722,-0.13848879779157713,-0.15111809623622363,-0.0952242138205663,-0.1555510737390634,-0.13127582377539476,0.23611702990611963,0.05710529295198402,0.05544769029725899,0.055904651029102234,0.05322112673131768,-0.00687294958633564,0.045581528777395144,0.04122119220935443,0.03773364078676505,0.02806589043667134,0.0425023272496735,0.021184255962659826,0.013357205339351247,0.007749920089823603,0.004014441399556222,0.005493554344186658,0.004890662967706945,0.004173617280968847,0.0033099000700609737,0.003097338167552931,0.002506285938640273,0.0020652561409195097,0.0018606004545453252,0.0019748043107320674,0.0028959028923663827,0.002740206389967505,-0.000396208946784423,-0.0012818729436799704,-0.0014026583490252533,-0.0011226028278524503,-0.0014670386860576976,-0.0020218727478573287,-0.003557443630604931,0.0,-0.000521483693487522,-0.005371331983744516,-0.00805118019629461,-0.02111041725623642,-0.0246026364902452,-0.042309663592261466,-0.0246026364902452,-0.015529215470298256,-0.01381646571588337,-0.011693808199852537,-0.008628897835242165,-0.008522963956369237,-0.008314513420522512,-0.007713082366276249,-0.006198313762191067,-0.008220157978107639,-0.008188120474769231,-0.008138491459343785,-0.008114391308671264,-0.008114391308671276,-0.008114391308671278,-0.008069835544478035,-0.00803873387378628,-0.00803179694771093,-0.008022895509159928,-0.008009351693565595,-0.007995566960979273,-0.007983667875775084,-0.007996433466149073,-0.008012522816228692,-0.007866835736400285,-0.007794142675670223,-0.007867535951120788,-0.007928492632906492,-0.00796318972047936,-0.007993982698357003,-0.007928492632906506,-0.007928492632906497,-0.007928492632906497,-0.007928492632906499,-0.007928492632906497,-0.007928492632906497,-0.007928492632906495,-0.007928492632906499,-0.007928492632906499,-0.007928492632906497,-0.2041921233322599,-0.12949578650199658,-0.12919329650782427,-0.005371331983744513,0.04635383115044952,-0.012820369847384997
线路序号22,0.17159977449215438,0.18419093311012488,0.16625577924288562,0.13841869250144212,0.13529684261397087,0.16341754517474566,0.17424922319815528,0.09153432139201688,0.09153432139201688,0.09153432139201687,0.1653338895262574,0.19195485073642088,0.12684110061019704,0.14038424231370839,-0.0018543523458239978,0.4334021515882064,-0.04519906084097121,-0.028738960729405207,-0.012669991709599144,-0.01286697822413418,-0.013009919720578867,-0.01317323332664638,-0.013440932948963204,-0.011564909091018632,-0.008764445597456313,-0.003323294878536241,-0.02245357819949336,-0.025648936578197824,-0.029173173947926845,0.008926416164058733,-0.030410207425530567,-0.024771498946617714,-0.0005640080473980527,0.00045005761367306957,0.0006458697165328366,0.0005918890827714706,0.000908893000644411,0.003438897424108896,0.0007497257978937791,0.0006588803661351576,0.000586218976395727,0.0003847962327648934,0.0002841621426858354,4.198041407033258e-05,-4.693797936186411e-05,-0.00014349878406159298,-0.0002580367547858962,-0.00010763160095571253,-9.804804144858416e-05,-8.367270508252571e-05,-6.635689709204598e-05,-6.209545475485969e-05,-5.024603601115154e-05,-4.1404267896580054e-05,-3.7301329429382286e-05,-3.959088904510802e-05,-5.805707911108556e-05,-5.4935674667269115e-05,0.0,2.569899670937247e-05,2.8120503263366204e-05,2.2505948441419618e-05,2.9411200658691184e-05,4.0534517363936985e-05,7.131965192606536e-05,0.0,1.045470831489313e-05,-0.00042799233693742634,-0.001219695125364667,-0.003719545091585732,-0.004396362641962079,-0.00782811360161681,-0.004396362641962084,-0.002623302883603056,-0.002286889930888787,-0.0018456501790704355,-0.0012085430252253614,-0.001183160035030628,-0.0011332128607764776,-0.0009891029809612002,-0.0006261467951416239,-0.0011106041987023693,-0.0011029276400626286,-0.0010910359504037494,-0.0010852612738345493,-0.0010852612738345459,-0.0010852612738345457,-0.001074585194211403,-0.00106713287196465,-0.0010654707037477877,-0.0010633378154795404,-0.0010600925596455305,-0.0010567895772965648,-0.0010539384180047644,-0.001056997202019288,-0.0010608523975398916,-0.0010259440777641144,-0.0010085259744399629,-0.0010261118573599674,-0.0010407177877056937,-0.001049031613679198,-0.0010564099695352372,-0.0010407177877056891,-0.0010407177877056943,-0.001040717787705697,-0.0010407177877056958,-0.001040717787705697,-0.0010407177877056987,-0.001040717787705697,-0.0010407177877056952,-0.0010407177877056952,-0.0010407177877056952,-0.04256126756332197,-0.023797876779671837,-0.02363242464672682,-0.0004279923369374234,0.1919548507364209,-0.0020798301058891507
线路序号23,0.033159704702783996,0.03173466502834939,0.03376452634638813,0.03645865401705227,0.03726839078913521,0.03408575144370813,0.032859845918061965,0.0454676451892109,0.0454676451892109,0.04546764518921087,0.029477464804106852,0.03085596188575577,0.008568035205814372,0.006323624116914973,-0.061339825174795824,0.058039572763074865,0.11674183078471932,-0.5639045283813519,-0.2521394889137738,-0.18281961620255918,-0.13251827267108807,-0.07504795085067932,0.019155978731227798,0.016623706189528527,0.04117036117374691,0.047252381947933166,0.06007258722780463,0.06723295019493597,0.0751302861926025,0.060944889450027934,0.07790230975063805,0.06167478132912471,-0.04460737816146918,-0.0326241995044944,-0.02958714395521003,-0.030424386295823648,-0.025507639609279497,0.008469735238627048,-0.02190849139475983,-0.019854260574208513,-0.01821121410090382,-0.013656567819669098,-0.02429275237825604,-0.01213012819753688,-0.007664551837786301,-0.004535271353453831,-0.0025573312763346127,-0.003117212217447647,-0.0027383128186735045,-0.002336834448862616,-0.001853233774280273,-0.001734219034102356,-0.0014032851902402981,-0.0011563498449731952,-0.0010417618447136699,-0.0011057052988840005,-0.001621434162231504,-0.0015342587156393674,0.00022183987018054637,0.0007177286876579426,0.0007853571924127361,0.0006285523525308056,0.0008214041462368969,0.0011320592115510717,0.001991834963831353,0.0,0.0002919819852717469,0.002257498762603876,0.0025736447226101505,0.006033968883540137,0.006947542818807676,0.011579748687769766,0.006947542818807673,0.004594497126569671,0.004152754470991436,0.0036396561639680585,0.0028987922669977332,0.0028779378279738116,0.002836901673765453,0.0027185022780167683,0.0024203007033615923,0.002818326598054539,0.0028120196057404906,0.002802249499264462,0.0027975050763469293,0.002797505076346938,0.0027975050763469397,0.0027887337042663742,0.002782610942578767,0.0027812453199527313,0.002779492957918393,0.0027768266845838597,0.0027741129836579416,0.002771770496537952,0.002774283566283831,0.002777450960640945,0.0027487705955379347,0.0027344600367385564,0.0027489084417618996,0.002760908544249645,0.002767739109738181,0.0027738011012969355,0.002760908544249653,0.0027609085442496465,0.002760908544249646,0.002760908544249647,0.0027609085442496448,0.002760908544249645,0.0027609085442496435,0.002760908544249647,0.002760908544249647,0.002760908544249647,0.1096310706448077,0.06100179382740343,0.06088742993822201,0.002257498762603875,0.03085596188575577,0.003911973704476073
线路序号24,0.03315970470278355,0.03173466502835008,0.03376452634638769,0.036458654017052256,0.03726839078913521,0.0340857514437079,0.03285984591806201,0.04546764518921082,0.04546764518921082,0.045467645189210794,0.0294774648041065,0.030855961885755852,0.008568035205814187,0.006323624116915184,-0.061339825174795796,0.05803957276307479,0.11674183078471934,0.4360954716186481,-0.25213948891377386,-0.18281961620255915,-0.13251827267108804,-0.07504795085067929,0.01915597873122781,0.016623706189528523,0.04117036117374692,0.047252381947933166,0.06007258722780463,0.067232950194936,0.07513028619260247,0.06094488945002796,0.07790230975063805,0.06167478132912477,-0.044607378161469195,-0.032624199504494404,-0.029587143955210032,-0.030424386295823645,-0.0255076396092795,0.008469735238627039,-0.021908491394759835,-0.019854260574208513,-0.01821121410090382,-0.013656567819669098,-0.024292752378256042,-0.012130128197536878,-0.007664551837786302,-0.004535271353453832,-0.002557331276334614,-0.0031172122174476452,-0.002738312818673505,-0.002336834448862616,-0.0018532337742802726,-0.001734219034102356,-0.0014032851902402981,-0.001156349844973195,-0.0010417618447136697,-0.001105705298884,-0.0016214341622315038,-0.0015342587156393671,0.00022183987018054631,0.0007177286876579426,0.0007853571924127361,0.0006285523525308058,0.0008214041462368965,0.0011320592115510717,0.001991834963831353,0.0,0.0002919819852717469,0.002257498762603876,0.002573644722610152,0.006033968883540142,0.006947542818807675,0.011579748687769774,0.006947542818807673,0.00459449712656967,0.004152754470991433,0.0036396561639680572,0.002898792266997734,0.0028779378279738125,0.0028369016737654525,0.0027185022780167687,0.0024203007033615923,0.0028183265980545403,0.002812019605740491,0.0028022494992644637,0.0027975050763469293,0.0027975050763469392,0.00279750507634694,0.0027887337042663742,0.002782610942578768,0.002781245319952732,0.0027794929579183928,0.0027768266845838606,0.0027741129836579433,0.0027717704965379516,0.002774283566283831,0.002777450960640946,0.002748770595537935,0.0027344600367385564,0.002748908441761898,0.002760908544249645,0.002767739109738183,0.0027738011012969363,0.0027609085442496534,0.0027609085442496474,0.0027609085442496456,0.002760908544249648,0.0027609085442496448,0.0027609085442496465,0.0027609085442496443,0.0027609085442496474,0.0027609085442496474,0.0027609085442496465,0.1096310706448077,0.06100179382740344,0.060887429938222,0.002257498762603875,0.03085596188575571,0.003911973704476074
线路序号25,0.03390777065790619,0.03489165533370433,0.033490185970680944,0.03147411876439927,0.03107102628471544,0.033268403758995826,0.03411480100834806,0.026519415134486406,0.026519415134486406,0.02651941513448646,0.03494940229851381,0.03549833497363579,0.04075162389234188,0.04205803769671513,0.06015056995980515,0.03535791894532636,0.03505469440457621,0.06497481040386116,0.09418395334969772,-0.705338884093514,-0.5598644302382033,-0.3936568681184726,-0.12121354464386241,-0.10441477306660765,-0.06218434149303938,-0.03754443376315893,-0.04705121337089484,-0.03732218610294977,-0.02659180866005831,0.017927609817200162,-0.022825366524748543,-0.048092990068954566,0.04555109108352719,0.030652831232762256,0.029898859079936033,0.030106710862607074,0.028886091080058685,0.019716723182021476,0.02456471590108545,0.022098270633841316,0.02012552046506676,0.014656911167642487,0.02243571409984865,0.010439994025981907,0.006035697454444043,0.0026791266108585005,0.0001353814434956959,0.0017862938633529419,0.0015477327324056882,0.0013208115384238414,0.001047473668345452,0.0009802048713855231,0.0007931564308591927,0.0006535851174389325,0.0005888183758405454,0.0006249601111337551,0.0009164572831902272,0.0008671845006094215,-0.00012538699964797506,-0.00040567030008386543,-0.0004438948775458929,-0.00035526658729727854,-0.00046426912038502797,-0.0006398557114404975,-0.0011258130006363812,0.0,-0.00016503230485434206,-0.005252267843278736,-0.011706429750438752,-0.03416381265969374,-0.040224345088479746,-0.07095380529077505,-0.04022434508847974,-0.024381527453151662,-0.02137955633156732,-0.017498116333281716,-0.011893695652830306,-0.011677720829544129,-0.011252738112755204,-0.010026558470872398,-0.0069382935544219605,-0.01106036905935645,-0.010995051955936258,-0.010893869803914472,-0.010844735137667533,-0.01084473513766753,-0.010844735137667528,-0.010753896178494128,-0.010690487022678968,-0.010676344225311309,-0.010658196238675683,-0.010630583512598518,-0.010602479612165077,-0.010578220113206032,-0.010604246216984126,-0.01063704870262148,-0.010340026242424707,-0.010191821804785471,-0.010341453819250291,-0.010465730478585832,-0.010536469862783046,-0.010599249664923205,-0.01046573047858584,-0.010465730478585837,-0.01046573047858584,-0.010465730478585839,-0.010465730478585844,-0.01046573047858584,-0.010465730478585842,-0.01046573047858584,-0.01046573047858584,-0.010465730478585839,0.024317906319405568,-0.047655400954875915,-0.047581039406078246,-0.005252267843278737,0.035498334973635845,-0.019558119610420612
线路序号26,0.12260196911855704,0.12691268660480948,0.12077239533059765,0.1121258921702628,0.11017327307892653,0.11980069561662968,0.12350903614967061,0.08890439189246682,0.08890439189246682,0.08890439189246677,0.12896050288253236,0.12957074663637244,0.16470836207623543,0.17072303356832194,0.284226512376387,0.10667672828767065,0.05723772703345979,-0.18731514146446898,-0.4260568526911598,-0.3249932522693977,-0.2516573576043754,-0.16786958631453838,-0.030526744715733294,-0.02620470732687933,0.0030001977484255433,0.017073358774379262,0.011260943876990568,0.016697664110728188,0.022693953210628275,0.04875639145061019,0.024798695195852958,0.010619027351824803,0.1488958849335737,-0.01929933524230556,-0.013444997480704135,-0.015058895998767315,-0.005581197838769315,0.013830753296754102,-0.004937934863575218,-0.004570789486223873,-0.0042771336266134155,-0.0034630978761532555,-0.0143925123487112,-0.0072293098615722326,-0.0045992994944523665,-0.00289209576521322,-0.0020251414268423226,-0.0018027780319877697,-0.001511716944538637,-0.00129007621365864,-0.0010230989241499149,-0.0009573954741459903,-0.000774699656533041,-0.0006383761718310229,-0.0005751165542840998,-0.0006104172702952253,-0.0008951312942714,-0.0008470050908433718,0.00012246924034363556,0.00039623033983370444,0.0004335654302128805,0.00034699952298026187,0.000453465563800023,0.0006249662495287232,0.0010996152977901911,0.0,0.00016119199808922917,-0.00023931043608549623,-0.002410833280750797,-0.008130333490361056,-0.009689605109307345,-0.017595771064528,-0.009689605109307347,-0.005586190426913216,-0.0048054481111461465,-0.0037508054103945108,-0.0022280042424799207,-0.002163333240140843,-0.002036077396828467,-0.0016689129964517421,-0.0007441700815295112,-0.001978474851712202,-0.0019589164490993512,-0.001928618699155584,-0.00191390592816017,-0.0019139059281601614,-0.0019139059281601599,-0.0018867053199976148,-0.001867718228809632,-0.0018634833422255083,-0.0018580491510160736,-0.0018497808600849567,-0.0018413654930388727,-0.001834101284692477,-0.0018418944811062995,-0.0018517167816555205,-0.0017627770620813853,-0.0017183990675198185,-0.001763204532389365,-0.0018004176482715507,-0.001821599686118716,-0.0018403983250956041,-0.0018004176482715462,-0.0018004176482715533,-0.0018004176482715548,-0.001800417648271552,-0.0018004176482715566,-0.0018004176482715557,-0.0018004176482715574,-0.0018004176482715544,-0.0018004176482715544,-0.0018004176482715535,0.051217894942437864,0.01088865872684297,0.010934478437630318,-0.00023931043608549482,0.12957074663637227,-0.0043105377315739175
线路序号27,0.03390777065790626,0.03489165533370422,0.03349018597068076,0.031474118764399095,0.031071026284715322,0.033268403758995715,0.03411480100834821,0.02651941513448643,0.02651941513448643,0.02651941513448643,0.03494940229851372,0.03549833497363589,0.040751623892341764,0.04205803769671502,0.06015056995980518,0.03535791894532623,0.0350546944045762,0.06497481040386117,0.09418395334969776,0.29466111590648625,-0.5598644302382032,-0.3936568681184724,-0.12121354464386232,-0.10441477306660761,-0.06218434149303935,-0.03754443376315892,-0.04705121337089482,-0.037322186102949774,-0.0265918086600583,0.017927609817200124,-0.022825366524748536,-0.048092990068954546,0.04555109108352718,0.030652831232762245,0.02989885907993603,0.030106710862607064,0.028886091080058685,0.019716723182021476,0.024564715901085454,0.022098270633841312,0.02012552046506676,0.014656911167642485,0.02243571409984865,0.010439994025981905,0.006035697454444042,0.0026791266108585,0.00013538144349569523,0.0017862938633529423,0.0015477327324056886,0.0013208115384238412,0.001047473668345452,0.0009802048713855231,0.0007931564308591929,0.0006535851174389329,0.0005888183758405454,0.0006249601111337551,0.0009164572831902273,0.0008671845006094213,-0.00012538699964797503,-0.0004056703000838653,-0.00044389487754589285,-0.0003552665872972786,-0.00046426912038502797,-0.0006398557114404977,-0.0011258130006363812,0.0,-0.00016503230485434206,-0.005252267843278735,-0.01170642975043875,-0.03416381265969372,-0.040224345088479746,-0.07095380529077502,-0.040224345088479725,-0.024381527453151645,-0.021379556331567313,-0.017498116333281712,-0.011893695652830308,-0.011677720829544123,-0.011252738112755201,-0.010026558470872398,-0.0069382935544219605,-0.011060369059356449,-0.010995051955936256,-0.010893869803914465,-0.010844735137667531,-0.01084473513766753,-0.01084473513766753,-0.010753896178494128,-0.010690487022678967,-0.010676344225311303,-0.010658196238675682,-0.010630583512598516,-0.010602479612165075,-0.010578220113206032,-0.010604246216984123,-0.01063704870262148,-0.010340026242424706,-0.010191821804785471,-0.010341453819250286,-0.010465730478585828,-0.010536469862783048,-0.010599249664923198,-0.010465730478585839,-0.010465730478585839,-0.010465730478585839,-0.010465730478585837,-0.010465730478585839,-0.010465730478585839,-0.010465730478585839,-0.010465730478585837,-0.010465730478585837,-0.010465730478585837,0.024317906319405568,-0.047655400954875894,-0.04758103940607824,-0.005252267843278736,0.03549833497363573,-0.01955811961042061
线路序号28,0.03390777065790626,0.03489165533370432,0.03349018597068039,0.031474118764399095,0.031071026284715402,0.03326840375899561,0.034114801008348,0.0265194151344863,0.0265194151344863,0.02651941513448623,0.034949402298513566,0.03549833497363569,0.040751623892341715,0.04205803769671503,0.06015056995980518,0.035357918945326174,0.035054694404576175,0.06497481040386116,0.09418395334969779,0.2946611159064865,0.440135569761797,-0.3936568681184724,-0.12121354464386233,-0.10441477306660762,-0.06218434149303932,-0.0375444337631589,-0.047051213370894816,-0.03732218610294973,-0.026591808660058284,0.017927609817200128,-0.022825366524748536,-0.048092990068954546,0.04555109108352717,0.030652831232762228,0.029898859079936023,0.03010671086260706,0.028886091080058653,0.019716723182021462,0.024564715901085443,0.022098270633841306,0.020125520465066764,0.014656911167642487,0.022435714099848635,0.010439994025981902,0.00603569745444404,0.0026791266108584996,0.0001353814434956969,0.001786293863352942,0.0015477327324056882,0.0013208115384238412,0.0010474736683454518,0.0009802048713855231,0.0007931564308591926,0.0006535851174389326,0.0005888183758405453,0.0006249601111337551,0.000916457283190227,0.0008671845006094213,-0.000125386999647975,-0.0004056703000838653,-0.0004438948775458929,-0.0003552665872972786,-0.0004642691203850278,-0.0006398557114404976,-0.001125813000636381,0.0,-0.00016503230485434206,-0.005252267843278732,-0.01170642975043875,-0.03416381265969372,-0.04022434508847973,-0.07095380529077498,-0.04022434508847972,-0.024381527453151634,-0.021379556331567306,-0.017498116333281705,-0.011893695652830296,-0.011677720829544118,-0.011252738112755194,-0.010026558470872396,-0.006938293554421961,-0.011060369059356447,-0.010995051955936253,-0.010893869803914468,-0.010844735137667526,-0.010844735137667516,-0.010844735137667516,-0.010753896178494126,-0.010690487022678961,-0.010676344225311298,-0.01065819623867568,-0.010630583512598508,-0.010602479612165067,-0.01057822011320602,-0.01060424621698411,-0.010637048702621471,-0.010340026242424704,-0.010191821804785464,-0.01034145381925028,-0.010465730478585825,-0.010536469862783043,-0.010599249664923191,-0.010465730478585827,-0.010465730478585832,-0.01046573047858583,-0.010465730478585834,-0.010465730478585835,-0.010465730478585839,-0.010465730478585835,-0.010465730478585834,-0.010465730478585834,-0.010465730478585834,0.02431790631940558,-0.04765540095487592,-0.04758103940607818,-0.005252267843278735,0.035498334973635776,-0.01955811961042059
线路序号29,0.03390777065790626,0.03489165533370428,0.03349018597068066,0.031474118764399074,0.031071026284715416,0.03326840375899576,0.03411480100834809,0.0265194151344864,0.0265194151344864,0.026519415134486454,0.034949402298513794,0.03549833497363588,0.04075162389234177,0.04205803769671508,0.060150569959805195,0.03535791894532624,0.0350546944045762,0.06497481040386117,0.09418395334969777,0.29466111590648636,0.440135569761797,0.6063431318815277,-0.12121354464386234,-0.10441477306660762,-0.06218434149303937,-0.037544433763158906,-0.047051213370894816,-0.03732218610294975,-0.02659180866005829,0.017927609817200124,-0.022825366524748536,-0.048092990068954566,0.04555109108352717,0.030652831232762242,0.02989885907993603,0.03010671086260706,0.02888609108005867,0.019716723182021476,0.024564715901085454,0.02209827063384131,0.020125520465066764,0.014656911167642483,0.022435714099848646,0.010439994025981905,0.00603569745444404,0.0026791266108584996,0.00013538144349569588,0.001786293863352942,0.0015477327324056882,0.0013208115384238412,0.001047473668345452,0.0009802048713855231,0.0007931564308591926,0.0006535851174389329,0.0005888183758405454,0.0006249601111337552,0.000916457283190227,0.0008671845006094213,-0.000125386999647975,-0.00040567030008386543,-0.00044389487754589285,-0.00035526658729727854,-0.0004642691203850279,-0.0006398557114404975,-0.0011258130006363812,0.0,-0.0001650323048543421,-0.005252267843278732,-0.011706429750438748,-0.0341638126596937,-0.04022434508847973,-0.07095380529077502,-0.04022434508847973,-0.024381527453151638,-0.021379556331567316,-0.01749811633328171,-0.011893695652830301,-0.011677720829544123,-0.011252738112755196,-0.0100265584708724,-0.006938293554421959,-0.011060369059356452,-0.010995051955936256,-0.010893869803914465,-0.010844735137667523,-0.010844735137667528,-0.010844735137667528,-0.010753896178494126,-0.010690487022678967,-0.010676344225311307,-0.010658196238675683,-0.010630583512598513,-0.010602479612165074,-0.010578220113206027,-0.010604246216984125,-0.01063704870262148,-0.010340026242424704,-0.01019182180478547,-0.010341453819250286,-0.010465730478585828,-0.010536469862783048,-0.010599249664923198,-0.010465730478585839,-0.010465730478585839,-0.010465730478585839,-0.010465730478585835,-0.010465730478585837,-0.010465730478585837,-0.010465730478585837,-0.010465730478585835,-0.010465730478585835,-0.010465730478585835,0.024317906319405565,-0.0476554009548759,-0.04758103940607824,-0.005252267843278734,0.035498334973635755,-0.019558119610420605
线路序号30,0.19350346523335352,0.1938309650741246,0.19336446630193493,0.1926663717814961,0.19255921500425507,0.19329064297609244,0.19357237819487433,0.19123631869530644,0.19123631869530613,0.19123631869530627,0.1935902297105914,0.19403290691788358,0.1940259140046393,0.19441864601591444,0.195482565734671,0.19721299614049645,0.20408031111642783,0.20148112893439907,0.19894370949728984,0.23889200776027356,0.26788013188443865,0.3009996612135791,0.35528837423763393,-0.5551837977229754,0.2876642492419087,0.25723801594434154,0.2797093099427906,0.27106293150947836,0.26152663342455057,0.18873916611212216,0.25817932200767774,0.2823113962152784,0.16149960544410297,0.1235936147343892,0.12321599785243559,0.1233200976415147,0.12270876652721675,0.12170166167990294,0.1040405819725336,0.09338562758047395,0.08486341816663732,0.0612392236929631,0.08985216874965848,0.040594876395982554,0.022509782504107255,0.008342759396792748,-0.0029453538967243653,0.0053955331342038365,0.004608046751871872,0.003932436907248612,0.003118631230075567,0.002918352619406323,0.0023614554621882704,0.0019459114060377926,0.001753082135839517,0.0018606865060501437,0.0027285576628401343,0.0025818583775092294,-0.0003733132629150608,-0.0012077974895101933,-0.00132160308160476,-0.0010577310987661664,-0.0013822630790132255,-0.001905035004452693,-0.0033518700174635743,0.0,-0.0004913487712803925,-0.025860524772943854,-0.06121034589440066,-0.18078642741597048,-0.21308559301961244,-0.37685601016483944,-0.21308559301961244,-0.12860149248742453,-0.11258706801199776,-0.09179676469961671,-0.0617775950388128,-0.06060959575822559,-0.058311274593199146,-0.05168005287115555,-0.0349786098705641,-0.05727093612893625,-0.05691769898469863,-0.05637050242274975,-0.056104780455924576,-0.0561047804559246,-0.0561047804559246,-0.0556135202370275,-0.055270601339130705,-0.05519411660401402,-0.05509597166743301,-0.054946641094070534,-0.05479465423287766,-0.05466345802722536,-0.054804208092565254,-0.05498160506431847,-0.05337529737275763,-0.05257380267115951,-0.05338301775738347,-0.05405511021005496,-0.05443767123542988,-0.054777186566982904,-0.054055110210055005,-0.054055110210055005,-0.054055110210055,-0.054055110210055005,-0.05405511021005502,-0.05405511021005502,-0.05405511021005502,-0.054055110210055005,-0.054055110210055005,-0.054055110210055005,0.2141822230060692,0.28121841282559884,0.28103267708617635,-0.025860524772943858,0.19403290691788316,-0.10283083787223656
线路序号31,-0.08389616254336399,-0.08241935429687246,-0.08452295603336626,-0.08759165254486197,-0.08815410820159778,-0.08485585053533219,-0.08358541054536292,-0.0946831711254276,-0.0946831711254276,-0.0946831711254276,-0.08274241079255198,-0.08150872979252932,-0.07639070363922378,-0.07449617769419953,-0.05515462664505898,-0.07663349172858328,-0.0661055495785034,-0.05220897066166324,-0.03864260748146082,0.04768760212661789,0.11033234397042874,0.18190525279080177,0.2992257940530626,0.2576369571806915,-0.37652525909051715,-0.29363016270341585,-0.06958270817154345,-0.053038943437001565,-0.034792428647910476,-0.10700769439737619,-0.02838776651091254,0.014441108587459374,-0.05296711218958761,-0.04941143156025892,-0.049863232115415136,-0.049738681692101855,-0.05047011015842232,-0.059956656363160436,-0.042712163924880135,-0.03828427951799997,-0.0347427009445791,-0.0249251833385871,-0.035755369055381424,-0.01581962997925449,-0.008500110457009047,-0.002667089873799226,0.0021192833062432647,-0.0016600226165010103,-0.0013909385080694736,-0.001187005735700013,-0.0009413585633908946,-0.0008809044823186158,-0.0007128051242349887,-0.000587373187316317,-0.0005291676890121248,-0.0005616480587266306,-0.0008236148913182561,-0.0007793337249021068,0.00011268457568289471,0.00036457356632220173,0.000398925774318719,0.0003192760394322941,0.00041723598921845987,0.0005750346490814505,0.0010117616709161424,0.0,0.00014831358353490991,0.011574114045006077,0.02819123745812105,0.08371616070731053,0.09872026344073712,0.17479740406092803,0.09872026344073705,0.059463939874939774,0.05202145940786303,0.04234215635972589,0.02836618708046445,0.02782012001319529,0.02674560094534308,0.023645349208589128,0.0158370327566211,0.026259218304883133,0.026094071652303534,0.025838244421268787,0.025714013167410264,0.02571401316741026,0.025714013167410243,0.025484337489130513,0.025324014858801876,0.025288256450650266,0.025242371390122528,0.025172555843482224,0.025101498419959418,0.025040161115692086,0.02510596507351597,0.025188902319897677,0.02443791578690809,0.024063198209245355,0.024441525247856286,0.024755744238110763,0.02493460049311885,0.02509333187632728,0.024755744238110767,0.02475574423811078,0.02475574423811078,0.024755744238110774,0.024755744238110784,0.024755744238110784,0.024755744238110784,0.02475574423811078,0.02475574423811078,0.02475574423811078,-0.055704629755270976,-0.020852354594770917,-0.026849936573450608,0.011574114045006084,-0.08150872979252917,0.04747926939210307
线路序号32,0.0711303060468178,0.06855410903194237,0.07222370698205971,0.07760510815095345,0.07855801842606835,0.07280442003283727,0.07058821917025981,0.0897465631877592,0.0897465631877592,0.08974656318775942,0.06938954086675553,0.06696558314489232,0.05987366374137225,0.05661284342252948,0.028058610807807582,0.055086212203585116,0.029433038264383926,0.021392670486991144,0.013543360953813477,-0.06192441926597739,-0.11668693670751783,-0.1792542416760624,-0.2818130199234703,-0.2426253058334097,-0.45541531602211194,0.41118666355055566,-0.23991854590280032,-0.19926730636547968,-0.15443207960092603,0.11086651285027713,-0.13869458218940195,-0.19781619916514398,0.03556587808510686,0.042541457934072574,0.04322163010500141,0.0430341231822049,0.044135266777843796,0.058257160599268054,0.0373049344530913,0.03340649006019013,0.030288376337501657,0.021644734601096324,0.030684362786828054,0.013374837806852995,0.0070195476654685215,0.001898380865338346,-0.0023815541033218616,0.0011298234272554674,0.0009244681329528947,0.0007889270229566201,0.0006256610112441692,0.0005854810384171576,0.000473756113974713,0.00039038950368738097,0.0003517040204451681,0.00037329165107973005,0.0005474043003568692,0.0005179734326339401,-7.489425211092983e-05,-0.00024230880245716202,-0.00026514052463978157,-0.00021220242473567836,-0.000277310156930589,-0.0003821888640910382,-0.0006724534675536025,0.0,-9.857458174220251e-05,-0.010679641586309789,-0.026438098229618373,-0.07874579010109373,-0.09288363410716227,-0.16456847695483406,-0.0928836341071623,-0.05588837951079026,-0.048873936049215666,-0.039742424462682405,-0.026557412610907584,-0.02604107803804897,-0.02502506484629503,-0.022093616948775374,-0.014710451067460238,-0.024565164976918845,-0.0244090103002687,-0.02416711246027902,-0.024049645403132515,-0.0240496454031325,-0.024049645403132522,-0.02383247520491192,-0.02368088189007561,-0.023647070471102108,-0.023603683780074075,-0.023537669580328106,-0.023470481121945906,-0.023412483537587743,-0.023474704573229636,-0.023553126016769003,-0.022843029521346057,-0.022488714727427674,-0.022846442452812997,-0.023143552712416172,-0.023312670525168604,-0.023462759233791965,-0.023143552712416193,-0.023143552712416193,-0.023143552712416186,-0.02314355271241618,-0.023143552712416186,-0.023143552712416186,-0.023143552712416186,-0.023143552712416193,-0.023143552712416193,-0.023143552712416193,8.854213985023951e-05,-0.21550091859098164,-0.21850616502935916,-0.010679641586309786,0.06696558314489232,-0.04458880719738885
线路序号33,-0.012765856496545451,-0.013865245264929259,-0.012299249051305538,-0.009986544393907965,-0.009596089775529325,-0.012051430502494164,-0.012997191375102959,-0.0049366079376681965,-0.0049366079376681965,-0.0049366079376681965,-0.01335286992579587,-0.014543146647636262,-0.01651703989785057,-0.01788333427167023,-0.02709601583725136,-0.021547279524997597,-0.036672511314119464,-0.030816300174672125,-0.025099246527647293,-0.014236817139359493,-0.006354592737089034,0.0026510111147392337,0.017412774129591985,0.015011651347281461,0.16805942488737047,0.11755650084713914,-0.3095012540743437,-0.25230624980248134,-0.18922450824883674,0.0038588184529009585,-0.1670823487003146,-0.1833750905776847,-0.01740123410448065,-0.006869973626186298,-0.006641602010413683,-0.006704558509896919,-0.006334843380578526,-0.001699495763892301,-0.005407229471788815,-0.004877789457809788,-0.004454324607077429,-0.003280448737490775,-0.005071006268553346,-0.002444792172401498,-0.0014805627915405138,-0.0007687090084608765,-0.00026227079707859784,-0.0005301991892455416,-0.0004664703751165766,-0.00039807871274339036,-0.0003156975521467227,-0.00029542344390145624,-0.00023904901026027426,-0.00019698368362893514,-0.00017746366856695534,-0.00018835640764690057,-0.0002762105909613877,-0.00026136029226816597,3.7790323571964716e-05,0.00012226476386503933,0.00013378524967893707,0.00010707361469661529,0.00013992583228787146,0.00019284578499041138,0.00033930820336253967,0.0,4.973900179270705e-05,0.0008944724586962891,0.0017531392285026822,0.004970370606216769,0.005836629333574707,0.010228927106093941,0.005836629333574703,0.0035755603641494643,0.00314752335864734,0.0025997318970434583,0.001808774469556863,0.0017790419751462765,0.0017205360990480364,0.001551732259813738,0.0011265816891608289,0.0016940533279642457,0.0016850613520347937,0.0016711319609897428,0.001664367764277714,0.0016643677642777129,0.0016643677642777118,0.0016518622842185474,0.0016431329687262711,0.0016411859795481601,0.0016386876100484326,0.0016348862631541037,0.0016310172980134518,0.001627677578104303,0.0016312605002863278,0.001635776303128663,0.0015948862655620203,0.0015744834818176693,0.0015950827950432852,0.0016121915256945725,0.00162192996795024,0.0016305726425353126,0.0016121915256945717,0.0016121915256945712,0.0016121915256945684,0.001612191525694572,0.0016121915256945753,0.0016121915256945753,0.0016121915256945753,0.0016121915256945686,0.0016121915256945686,0.0016121915256945686,-0.05561608761542067,-0.23635327318575267,-0.24535610160281007,0.0008944724586962883,-0.014543146647636236,0.002890462194714197
线路序号34,-0.014060269045820877,-0.014485238264736274,-0.013879901729684806,-0.012982496597502351,-0.01283499430560921,-0.013784107359076741,-0.014149691646338456,-0.011058252541433762,-0.011058252541433762,-0.011058252541433762,-0.014254195555175842,-0.014747281346669916,-0.015287534276687118,-0.015810330938791722,-0.01874236305284776,-0.017864157238879935,-0.024594964771098567,-0.020365744539050244,-0.01623702062934765,-0.0029236148942649184,0.006737138498115611,0.017774748381047454,0.03586732540564703,0.03089186553524984,0.051346871356095426,0.03318456316515223,0.1603853005527453,-0.5725860238684656,-0.27807369513069014,-0.00770440291917013,-0.1746976815440476,0.03833736287304232,-0.013621136144941997,-0.007951525712012252,-0.007876346556940049,-0.007897071621311305,-0.007775362664856618,-0.006277976696006953,-0.006603615157595575,-0.005934834740715454,-0.005399920506941488,-0.003917098709005389,-0.005804570148735879,-0.0026703470956244953,-0.001519599348740491,-0.0006312749946043305,5.819970057441623e-05,-0.0004191924338994286,-0.0003625248713830388,-0.0003093732031783564,-0.0002453493739218281,-0.0002295930282328112,-0.00018578074047508741,-0.00015308900282100604,-0.00013791871264347698,-0.00014638417807197232,-0.00021466145398384032,-0.00020312030815562804,2.9369351031191263e-05,9.502000589806849e-05,0.00010397333468536754,8.321396270171952e-05,0.00010874558612783942,0.00014987316907947134,0.0002636987670491926,0.0,3.86554563580069e-05,0.001499565105786113,0.00343639431203183,0.010084937317074516,0.011879945705276763,0.020981396687710666,0.01187994570527673,0.007186270610629952,0.006296732679551735,0.005144361463836136,0.003480449854802883,0.00341603279782548,0.0032892766534505942,0.0029235540073853494,0.0020024423053019327,0.003231900297795214,0.0032124186956871636,0.003182239916731772,0.0031675849187693494,0.003167584918769343,0.0031675849187693416,0.003140491119965366,0.0031215785858982673,0.0031173603285570097,0.0031119474759321417,0.0031037116523210872,0.0030953293301227694,0.003088093646338384,0.0030958562409985563,0.003105639972056418,0.0030170494944676968,0.0029728457601691785,0.003017475286216543,0.003054542276357194,0.0030756411381274835,0.0030943659599838432,0.0030545422763571923,0.003054542276357193,0.003054542276357197,0.003054542276357192,0.003054542276357197,0.003054542276357197,0.003054542276357197,0.0030545422763571966,0.0030545422763571966,0.0030545422763571966,-0.01646856810834165,0.08960252269457822,0.09831424920019896,0.0014995651057861151,-0.014747281346669937,0.00575596140661593
线路序号35,-0.014060269045821203,-0.014485238264736236,-0.013879901729685002,-0.012982496597502346,-0.012834994305609393,-0.01378410735907706,-0.014149691646338662,-0.011058252541433979,-0.011058252541433979,-0.011058252541433979,-0.014254195555175953,-0.01474728134667025,-0.015287534276687146,-0.015810330938791934,-0.018742363052847755,-0.01786415723888008,-0.024594964771098585,-0.020365744539050268,-0.016237020629347655,-0.0029236148942649097,0.006737138498115602,0.017774748381047503,0.035867325405647056,0.030891865535249835,0.05134687135609554,0.0331845631651523,0.1603853005527454,0.42741397613153453,-0.2780736951306898,-0.007704402919170154,-0.1746976815440477,0.03833736287304232,-0.01362113614494198,-0.007951525712012252,-0.007876346556940058,-0.007897071621311315,-0.007775362664856628,-0.006277976696006981,-0.006603615157595568,-0.005934834740715455,-0.005399920506941476,-0.003917098709005393,-0.005804570148735877,-0.0026703470956244975,-0.001519599348740495,-0.0006312749946043309,5.819970057441632e-05,-0.00041919243389942917,-0.0003625248713830396,-0.0003093732031783565,-0.00024534937392182803,-0.00022959302823281146,-0.00018578074047508793,-0.0001530890028210061,-0.00013791871264347716,-0.00014638417807197237,-0.00021466145398384072,-0.00020312030815562807,2.936935103119127e-05,9.50200058980687e-05,0.0001039733346853676,8.321396270171958e-05,0.00010874558612783957,0.00014987316907947147,0.0002636987670491924,0.0,3.865545635800699e-05,0.0014995651057861156,0.0034363943120318363,0.01008493731707453,0.011879945705276786,0.020981396687710704,0.011879945705276796,0.00718627061062999,0.006296732679551748,0.005144361463836151,0.003480449854802883,0.0034160327978254874,0.003289276653450597,0.002923554007385356,0.002002442305301934,0.003231900297795216,0.003212418695687162,0.003182239916731773,0.0031675849187693477,0.0031675849187693477,0.0031675849187693477,0.0031404911199653645,0.003121578585898277,0.00311736032855702,0.00311194747593214,0.0031037116523210872,0.0030953293301227724,0.0030880936463383844,0.0030958562409985637,0.0031056399720564266,0.0030170494944676976,0.0029728457601691863,0.0030174752862165404,0.0030545422763571983,0.003075641138127497,0.003094365959983845,0.0030545422763572044,0.0030545422763571975,0.003054542276357201,0.0030545422763571966,0.003054542276357201,0.003054542276357201,0.003054542276357201,0.0030545422763571975,0.0030545422763571975,0.0030545422763571975,-0.01646856810834164,0.08960252269457848,0.09831424920019907,0.0014995651057861173,-0.01474728134667025,0.005755961406615945
线路序号36,-0.08478427059559854,-0.10402164591792323,-0.07661945864698515,-0.036203247865535367,-0.029318912161891277,-0.07228306867064983,-0.08883222525180061,0.052584166443024626,0.052584166443024626,0.052584166443024695,-0.09555691909495055,-0.11588373120175936,-0.15380652489760835,-0.17779545823659418,-0.3485562329437048,-0.23222560703215908,-0.4834626794189092,-0.4108403717539113,-0.33994374268689376,-0.2882976371012496,-0.2508211040737177,-0.20800339260527778,-0.13781765937350454,-0.11836445488350858,-0.0534833401593338,0.0266908538917261,-0.22375671005686806,-0.2609768914573806,-0.3020279219377118,0.20718773055117995,-0.31643713836293924,-0.25405731049948443,-0.1997777637447214,-0.039780224502596974,-0.03558519530150409,-0.036741662810994294,-0.029950250671927556,0.05563156529946691,-0.026068814351691907,-0.023853466263255494,-0.022081552499995737,-0.017169676564881123,-0.03034714990763358,-0.016576320011119392,-0.011520281813580922,-0.008376440738619944,-0.0070129171580031215,-0.0060237191170831724,-0.005395081858418594,-0.004604080678880784,-0.003651280396763242,-0.0034167950372967944,-0.0027647821755150525,-0.002278264933084648,-0.002052501230275814,-0.002178483976734288,-0.0031945838961937464,-0.0030228289866737466,0.0004370736063912417,0.0014140842476593714,0.0015473273587555385,0.001238387145208625,0.0016183478299383004,0.0022304070131232965,0.003924355393236626,0.0,0.0005752690857605293,-0.0018717922600695004,-0.011221297870074044,-0.037012893423820456,-0.04403107187295517,-0.0796162020375818,-0.04403107187295513,-0.025584570043011477,-0.022077465513451085,-0.017377109360761457,-0.010590253647609654,-0.010306735071258741,-0.009748843679084365,-0.008139189826253461,-0.004085103987987658,-0.009496313317796316,-0.00941056900792128,-0.00927774324954422,-0.009213242256271709,-0.009213242256271738,-0.00921324225627174,-0.00909399441066561,-0.009010754738046448,-0.008992188936189112,-0.008968365366125336,-0.008932117063348921,-0.008895223976832789,-0.008863377586113738,-0.008897543067899338,-0.008940604170518436,-0.008550691199284548,-0.008356137452097604,-0.008552565235077534,-0.00871570805419105,-0.00880857040358148,-0.008890983899078504,-0.008715708054191083,-0.008715708054191055,-0.008715708054191057,-0.00871570805419106,-0.008715708054191055,-0.008715708054191052,-0.008715708054191052,-0.00871570805419106,-0.00871570805419106,-0.008715708054191055,-0.4538397639127973,-0.24132981051946975,-0.23916696738561088,-0.0018717922600694887,-0.11588373120175918,-0.019871737406676724
线路序号37,0.5390200860287734,0.5125201594607598,0.5502673021096915,0.6057442332179599,0.6154248918265838,0.5562407789493211,0.5334439354706717,0.7296517916430468,0.7296517916430468,0.7296517916430468,0.5222819133842125,0.4961798643998023,0.4311181181062856,0.39776514196191515,0.12632425263535205,0.3594834497963952,0.06429131226553687,0.07979926534433156,0.09493871260739271,0.07499345026369236,0.060520349639930096,0.04398453385070849,0.016879433742602798,0.014441737173303907,-0.0026833016096964473,-0.01869088250469995,0.025762224216945594,0.03145179054042895,0.03772694965510117,-0.05472889184947197,0.039929577085595795,0.03113149868335045,0.07370182026114931,0.016139092302886307,0.015070198248308698,0.015364866339029917,0.013634413531754127,-0.011983388917178211,0.011759770172339642,0.01068980863229644,0.009834015545486652,0.007461693846937938,0.012158049607747669,0.006346343020079464,0.004212542027622569,0.0027783476730275846,0.001967244607884062,0.001986434606654746,0.00177483878733291,0.001514620386368491,0.0012011743735623759,0.0011240349117406154,0.0009095399796341775,0.0007494887153101116,0.0006752184471228427,0.0007166634280920025,0.0010509333420968118,0.000994430533922501,-0.00014378561992200057,-0.0004651961985314522,-0.0005090296468320328,-0.0004073965134784821,-0.0005323934975126547,-0.0007337447294249035,-0.0012910088020864716,0.0,-0.0001892482659865715,-0.0004094502985086318,0.0010482418770472873,0.004247508125880464,0.005126961664601092,0.009586162706001376,0.005126961664601062,0.0028001147839145295,0.002355941165745126,0.001735573096723465,0.0008398221287703691,0.0007991966187964578,0.0007192560991703692,0.0004886080425443784,-9.230382142345312e-05,0.0006830709050880026,0.0006707845626519439,0.000651751897345872,0.0006425095197237544,0.0006425095197237771,0.0006425095197237773,0.0006254224399161898,0.0006134949881289661,0.0006108346856604614,0.0006074209951160671,0.0006022269587854519,0.00059694053108987,0.0005923772468055125,0.000597272834738082,0.000603443080358151,0.0005475722675680604,0.0005196945697518255,0.0005478407990370806,0.0005712176102159761,0.0005845238998775479,0.0005963329683569086,0.0005712176102160003,0.0005712176102159749,0.0005712176102159677,0.0005712176102159728,0.0005712176102159672,0.0005712176102159622,0.0005712176102159655,0.0005712176102159744,0.0005712176102159744,0.0005712176102159725,0.060009414415584855,0.028876182298010894,0.028492925918802703,-0.0004094502985086271,0.4961798643998023,0.0020648221011603245
线路序号38,-0.07113030604681754,-0.06855410903194278,-0.0722237069820606,-0.07760510815095367,-0.07855801842606827,-0.07280442003283762,-0.07058821917025992,-0.08974656318775937,-0.08974656318775937,-0.08974656318775934,-0.06938954086675563,-0.06696558314489262,-0.059873663741372776,-0.05661284342252936,-0.028058610807807638,-0.055086212203585665,-0.029433038264383916,-0.021392670486991103,-0.013543360953813545,0.06192441926597738,0.1166869367075178,0.1792542416760624,0.28181301992347035,0.24262530583340988,0.45541531602211205,0.5888133364494449,0.23991854590280026,0.19926730636547968,0.15443207960092614,-0.11086651285027713,0.138694582189402,0.19781619916514404,-0.035565878085106875,-0.04254145793407259,-0.04322163010500144,-0.043034123182204904,-0.0441352667778438,-0.058257160599268075,-0.03730493445309131,-0.033406490060190155,-0.030288376337501675,-0.02164473460109631,-0.030684362786828057,-0.013374837806852993,-0.00701954766546852,-0.0018983808653383494,0.002381554103321861,-0.0011298234272554698,-0.0009244681329528945,-0.0007889270229566222,-0.0006256610112441701,-0.0005854810384171587,-0.00047375611397471414,-0.0003903895036873812,-0.0003517040204451688,-0.00037329165107973,-0.000547404300356868,-0.00051797343263394,7.489425211092986e-05,0.00024230880245716232,0.0002651405246397816,0.0002122024247356788,0.00027731015693058903,0.00038218886409103835,0.0006724534675536029,0.0,9.857458174220272e-05,0.010679641586309789,0.026438098229618345,0.07874579010109371,0.09288363410716233,0.16456847695483406,0.0928836341071623,0.05588837951079027,0.048873936049215694,0.039742424462682426,0.026557412610907574,0.026041078038048993,0.025025064846295016,0.022093616948775374,0.014710451067460245,0.02456516497691886,0.024409010300268718,0.024167112460279028,0.024049645403132522,0.024049645403132522,0.024049645403132525,0.02383247520491194,0.0236808818900756,0.023647070471102094,0.023603683780074075,0.02353766958032811,0.023470481121945927,0.02341248353758776,0.023474704573229633,0.023553126016768997,0.022843029521346054,0.022488714727427674,0.022846442452812997,0.023143552712416176,0.023312670525168604,0.023462759233791968,0.023143552712416197,0.023143552712416193,0.023143552712416197,0.023143552712416197,0.0231435527124162,0.0231435527124162,0.023143552712416197,0.023143552712416197,0.023143552712416197,0.023143552712416193,-8.854213985029457e-05,0.21550091859098164,0.2185061650293593,0.010679641586309793,-0.0669655831448927,0.04458880719738885
线路序号39,0.045103952791629986,0.04610696096376742,0.044678251625477755,0.042555727368624285,0.0422120713968238,0.04445215869382982,0.04531500713415802,0.03805046980178609,0.03805046980178609,0.03805046980178612,0.04551857584730304,0.046725432469310046,0.047709588303578666,0.048936506650716305,0.05503494321895197,0.05461660569290419,0.07165737664697248,0.059108459102371703,0.046857733657840656,0.0035310085859852607,-0.02790864063282255,-0.06382908791461724,-0.12270899634560012,-0.10567974915526425,-0.10340366911970592,-0.06231297749248503,-0.23940369147383142,-0.3215136229139283,-0.41207463501686553,0.030194862296546186,-0.44386222251004914,-0.2331379622355905,0.041153667608297945,0.025684173134720434,0.025523843423349766,0.025568042424862776,0.02530848162185998,0.022158896767213363,0.02148083675601991,0.01929619039391308,0.01754883295736456,0.012705028975145907,0.018721050979527604,0.00855596961793138,0.004823802418747122,0.0019263390236922049,-0.0003457917950964317,0.0012691991963131458,0.0010936142159817018,0.0009332737137424317,0.0007401356000196205,0.0006926040649508881,0.0005604372965199782,0.0004618174448467591,0.0004160538398962348,0.00044159126937572043,0.0006475605847522365,0.0006127448737686018,-8.859734141642221e-05,-0.00028664303460436945,-0.000313652181879682,-0.000251028218371859,-0.00032804844109305916,-0.00045211636838665616,-0.0007954894771264969,0.0,-0.00011661036231003955,-0.005046254149325786,-0.011713726164313574,-0.034464960346085136,-0.04060864200520023,-0.07175970393874152,-0.04060864200520023,-0.024541791843965592,-0.021496586695167005,-0.017548217659621324,-0.01184715797902856,-0.011625997101439264,-0.011190809568118402,-0.009935186521159864,-0.006772765231686783,-0.0109938212894693,-0.010926935771545488,-0.010823324002372469,-0.010773009499311934,-0.01077300949931193,-0.010773009499311932,-0.010679989286935296,-0.010615057530844935,-0.010600575132249542,-0.010581991370541844,-0.010553715599139696,-0.010524936859150609,-0.010500094833594004,-0.010526745884231355,-0.01056033603330653,-0.010256181377864096,-0.010104418209397512,-0.010257643234106264,-0.010384904063050631,-0.010457342063235746,-0.010521629353415864,-0.010384904063050643,-0.010384904063050645,-0.010384904063050645,-0.010384904063050645,-0.010384904063050645,-0.010384904063050645,-0.010384904063050645,-0.010384904063050643,-0.010384904063050643,-0.010384904063050641,0.03229941997444936,-0.23576982654156386,-0.23621707145630447,-0.005046254149325788,0.046725432469309915,-0.019643742298974354
线路序号40,-0.014060269045820887,-0.014485238264736891,-0.013879901729685258,-0.01298249659750215,-0.012834994305609115,-0.013784107359077011,-0.014149691646338343,-0.011058252541433822,-0.011058252541433822,-0.011058252541433822,-0.014254195555175764,-0.014747281346669906,-0.015287534276687045,-0.015810330938791882,-0.018742363052847717,-0.017864157238879994,-0.024594964771098574,-0.020365744539050254,-0.01623702062934761,-0.002923614894264937,0.006737138498115574,0.017774748381047402,0.03586732540564688,0.030891865535249755,0.051346871356095475,0.033184563165152246,0.16038530055274516,0.427413976131534,0.72192630486931,-0.007704402919170132,-0.17469768154404697,0.038337362873042076,-0.013621136144941919,-0.007951525712012226,-0.007876346556940075,-0.007897071621311319,-0.007775362664856563,-0.006277976696006945,-0.006603615157595574,-0.005934834740715438,-0.005399920506941453,-0.003917098709005386,-0.005804570148735875,-0.002670347095624496,-0.0015195993487404932,-0.0006312749946043345,5.819970057441604e-05,-0.0004191924338994279,-0.00036252487138303824,-0.00030937320317835624,-0.00024534937392182825,-0.00022959302823281043,-0.00018578074047508807,-0.0001530890028210065,-0.00013791871264347733,-0.00014638417807197242,-0.00021466145398384053,-0.00020312030815562766,2.9369351031191348e-05,9.50200058980684e-05,0.0001039733346853675,8.321396270171947e-05,0.00010874558612783945,0.00014987316907947085,0.0002636987670491924,0.0,3.865545635800685e-05,0.0014995651057861104,0.0034363943120318263,0.010084937317074534,0.011879945705276762,0.020981396687710686,0.011879945705276824,0.0071862706106299665,0.006296732679551761,0.005144361463836146,0.0034804498548028718,0.003416032797825482,0.0032892766534506,0.0029235540073853337,0.0020024423053019245,0.0032319002977952154,0.003212418695687181,0.003182239916731769,0.0031675849187693347,0.0031675849187693277,0.003167584918769343,0.003140491119965362,0.003121578585898262,0.0031173603285570323,0.0031119474759321443,0.003103711652321074,0.0030953293301227785,0.0030880936463383983,0.0030958562409985476,0.0031056399720564218,0.003017049494467676,0.0029728457601691785,0.003017475286216527,0.003054542276357186,0.00307564113812748,0.0030943659599838432,0.0030545422763571853,0.0030545422763571983,0.0030545422763571806,0.0030545422763571858,0.0030545422763571806,0.0030545422763571806,0.0030545422763571806,0.0030545422763571983,0.0030545422763571983,0.0030545422763571983,-0.016468568108341675,0.08960252269457866,0.098314249200199,0.0014995651057861143,-0.014747281346669869,0.005755961406615931
线路序号41,-0.07569953203208285,-0.07651995544354787,-0.07535132429788789,-0.07360060047223504,-0.0733340805179417,-0.07516638868176455,-0.07587216664116284,-0.07003373243539213,-0.07003373243539207,-0.07003373243539213,-0.07589841661952576,-0.07702584215171802,-0.07688358647307392,-0.07786443062499948,-0.08017736912980668,-0.08522158546658694,-0.10292006713334821,-0.08429734786887466,-0.06611714866613118,0.008081506019594856,0.06192309390692945,0.12343821787714673,0.2242722870654412,0.19313206747567624,0.026676668355569106,-0.0011522870040845611,-0.2571778151421421,-0.2553461741754266,-0.2533260134366983,-0.06380386189754574,-0.25261692202151376,-0.3448454948716924,-0.06298140217098822,-0.043529351941368,-0.04345390665708433,-0.04347470508680578,-0.043352565288735705,-0.042028282134721026,-0.03676370214656799,-0.03300307742863267,-0.029995196756991464,-0.0216571291867335,-0.03166108559442837,-0.014335252390746149,-0.007973974592654169,-0.002996542912135018,0.0009614520339767944,-0.0019492166543498821,-0.0016693755113967091,-0.0014246196331247564,-0.0011297989983392195,-0.0010572432657021819,-0.0008554939070940875,-0.0007049531012825438,-0.0006350960709868463,-0.000674078336189757,-0.0009884854883316506,-0.0009353401519977006,0.00013524168758419087,0.00043755362310412594,0.00047878242974014757,0.00038318847203659294,0.0005007579694097373,0.0006901446439307447,0.0012142953459110492,0.0,0.0001780028828911406,0.00903414288465904,0.021312678685840827,0.06290645404896616,0.07414098449039559,0.13110480081313636,0.07414098449039556,0.0447560251593331,0.03918605227256742,0.0319564920066091,0.021517712305518032,0.021111754915486152,0.02031293553510085,0.01800814519169403,0.012203283559521046,0.019951348764696668,0.019828575376458855,0.019638388197566487,0.01954603215084681,0.0195460321508468,0.019546032150846795,0.01937528656940288,0.019256099457649858,0.019229515928052446,0.01919540403863481,0.01914350173798979,0.01909067620075319,0.019045076798327253,0.019093996802065145,0.01915565404179933,0.018597355343424833,0.018318782657128684,0.01860003869027686,0.018833635493358362,0.01896660087952798,0.019084605025732403,0.01883363549335837,0.018833635493358373,0.018833635493358366,0.018833635493358366,0.018833635493358373,0.018833635493358373,0.018833635493358373,0.01883363549335837,0.01883363549335837,0.01883363549335837,-0.13415968693139263,-0.308021459185704,-0.301763779918804,0.009034142884659048,-0.07702584215171791,0.03579344886971283
线路序号42,0.03104368374580885,0.0316217226990312,0.030798349895792516,0.029573230771121797,0.029377077091214558,0.0306680513347528,0.031165315487819308,0.026992217260352117,0.026992217260352187,0.026992217260352117,0.031264380292126914,0.03197815112263974,0.03242205402689148,0.03312617571192443,0.03629258016610423,0.036752448454023964,0.047062411875873934,0.03874271456332147,0.03062071302849301,0.0006073936917203431,-0.021171502134706945,-0.04605433953356975,-0.08684167093995303,-0.0747878836200144,-0.05205679776361044,-0.02912841432733276,-0.07901839092108597,0.10590035321760635,0.3098516698524447,0.022490459377376017,0.3814400959459032,-0.19480059936254812,0.02753253146335594,0.017732647422708192,0.01764749686640969,0.017670970803551452,0.01753311895700337,0.015880920071206377,0.01487722159842433,0.013361355653197623,0.012148912450423087,0.00878793026614051,0.012916480830791726,0.005885622522306883,0.0033042030700066263,0.0012950640290878732,-0.0002875920945220158,0.0008500067624137166,0.0007310893445986627,0.0006239005105640748,0.0004947862260977924,0.00046301103671807665,0.00037465655604489043,0.00030872844202575305,0.00027813512725275726,0.00029520709130374806,0.00043289913076839583,0.00040962456561297365,-5.9227990385230885e-05,-0.00019162302870630071,-0.00020967884719431444,-0.00016781425567013943,-0.00021930285496521976,-0.0003022431993071846,-0.000531790710077304,0.0,-7.795490595203257e-05,-0.0035466890435396693,-0.008277331852281746,-0.02438002302901058,-0.02872869629992343,-0.05077830725103082,-0.028728696299923428,-0.017355521233335613,-0.015199854015615247,-0.012403856195785185,-0.008366708124225674,-0.008209964303613785,-0.007901532914667808,-0.0070116325137745085,-0.00477032292638485,-0.007761920991674088,-0.007714517075858319,-0.007641084085640692,-0.007605424580542587,-0.007605424580542586,-0.0076054245805425875,-0.007539498166969929,-0.007493478944946658,-0.007483214803692521,-0.0074700438946097,-0.007450003946818612,-0.007429607529027836,-0.007412001187255613,-0.007430889643232797,-0.007454696061250106,-0.007239131883396399,-0.0071315724492283265,-0.007240167947889719,-0.0073303617866934375,-0.007381700925108254,-0.007427263393432013,-0.00733036178669344,-0.007330361786693441,-0.007330361786693445,-0.007330361786693443,-0.007330361786693445,-0.007330361786693445,-0.007330361786693445,-0.007330361786693445,-0.007330361786693445,-0.007330361786693445,0.015830851866107724,-0.14616730384698534,-0.1379028222561054,-0.003546689043539671,0.031978151122639825,-0.013887780892358401
线路序号43,0.0008526035643293239,0.00040837694426744343,0.0010411441918627207,0.0019733735807583863,0.002133401401594866,0.0011412794665651969,0.0007591287952944707,0.004032204424813497,0.004032204424813589,0.004032204424813497,0.0005936851003650541,0.0001344594287942433,-0.0008098506736141829,-0.0013654456853540544,-0.0055023834117883304,-0.0024259987210093065,-0.00795523748335503,-0.006883571230154097,-0.005837370313662944,-0.007451779236484068,-0.008623260583044001,-0.00996170216863069,-0.0121556424996441,-0.010459978332671887,0.07687621631784242,0.0555741018095184,0.34917508585367557,0.21096185841507142,0.058523175988634574,0.007616461816956485,0.0050160668866721025,-0.14603754280185813,-0.002489874650564076,0.0007123966496602533,0.0008133014485935977,0.0007854844499687407,0.0009488411379716461,0.0030157534891913336,0.0007880352369893874,0.0006962545104853755,0.0006228450389249544,0.00041934855718665174,0.00048318380353797746,0.00014856850051354236,2.5712596672869733e-05,-9.052502630604773e-05,-0.0002110874842135804,-7.311792158195112e-05,-6.846681688053907e-05,-5.842853862398311e-05,-4.633693294469726e-05,-4.336117343092683e-05,-3.5086740089065975e-05,-2.8912545179543468e-05,-2.6047468707280636e-05,-2.7646265140446808e-05,-4.054118109235298e-05,-3.83615085225867e-05,0.0,1.794557520699574e-05,1.9636510011586467e-05,1.571587385016355e-05,2.0537802285336144e-05,2.8305199539890962e-05,4.9802418041836176e-05,0.0,0.0,-0.0003985623810171343,-0.0011087263366645686,-0.0033688624311572868,-0.003980611190583218,-0.007082435886264001,-0.003980611190583208,-0.0023783023639792926,-0.0020743209677024444,-0.0016760964189950346,-0.0011010990218370232,-0.0010782529966743384,-0.0010332979149026082,-0.0009035914494628911,-0.0005769118072864405,-0.0010129489308516126,-0.0010060396246390408,-0.0009953364789856139,-0.0009901389665887559,-0.0009901389665887598,-0.0009901389665887574,-0.0009805299338531334,-0.0009738224521788628,-0.000972326413429459,-0.0009704067018953986,-0.0009674858010923757,-0.0009645129433921018,-0.0009619467501885516,-0.0009646998165541342,-0.0009681696951301067,-0.0009367503727466648,-0.0009210731643572372,-0.0009369013832004832,-0.0009500474881173075,-0.0009575303684214687,-0.0009641712764568576,-0.0009500474881173087,-0.000950047488117313,-0.000950047488117314,-0.0009500474881173176,-0.000950047488117314,-0.000950047488117314,-0.000950047488117314,-0.0009500474881173118,-0.0009500474881173118,-0.0009500474881173118,-0.025785685317275847,0.06197215434102889,0.09732020745027795,-0.0003985623810171315,0.00013445942879428152,-0.0018874468136260872
线路序号44,0.13196858102565884,0.13442564227968135,0.13092574421714515,0.12588082786304616,0.1248843618499922,0.13037188613543377,0.13248559919352995,0.11358999734523964,0.11358999734523959,0.11358999734523953,0.13447191328887595,0.13594070707695594,0.14839833334313057,0.15164497721958453,0.1949594422522939,0.13680577712911607,0.1386738720499079,0.14546638470403153,0.1520974911168692,0.13836646998725086,0.12840267773165578,0.11701883970111748,0.09835873406343083,0.08491852790349551,0.0997654957711296,0.09746020951716791,0.11246846540490459,0.11598827971861805,0.11987036731842124,0.09227029805536971,0.1212330088831453,0.11429679668683716,-0.4581507270534447,-0.05439510762623787,-0.05771876078139612,-0.056802510452136426,-0.06218323542494674,0.0015866877826510508,-0.05315308988405329,-0.047999091721562234,-0.04387674168203402,-0.03244928264022082,-0.04055202665139579,-0.020343269535237313,-0.012923509893159612,-0.007492673213576363,-0.003698507825812074,-0.00556957931789792,-0.0050557367690526175,-0.004314488748596183,-0.0034216186223813873,-0.0032018821503926923,-0.002590880225730259,-0.0021349644165020183,-0.0019234010179546856,-0.0020414595794837425,-0.002993647861080716,-0.0028326961583793595,0.0004095821269452172,0.0013251398056683427,0.0014500020623810328,0.0011604938699092478,0.0015165554191116316,0.002090116710389575,0.003677517482975145,0.0,0.0005390852530699705,0.006448085055276039,0.010633466725362748,0.028712787712302717,0.033561642576913533,0.05814738555240491,0.033561642576913533,0.02093859399689991,0.01855286259217313,0.015554690692593883,0.01122562297417706,0.011070260612744211,0.010764547578957001,0.009882490301144764,0.007660934460285656,0.010626166123434165,0.010579180001279245,0.010506394211557206,0.010471048990942177,0.010471048990942193,0.010471048990942195,0.010405703618770827,0.010360089986431602,0.010349916308023737,0.010336861480539385,0.010316998154510607,0.010296781500224781,0.010279330331666784,0.010298052314536545,0.010321648915065904,0.010107984608677685,0.010001373147878159,0.010109011541833019,0.010198410458667723,0.010249297120399695,0.010294458024630904,0.010198410458667742,0.01019841045866773,0.010198410458667727,0.010198410458667729,0.010198410458667727,0.010198410458667725,0.010198410458667725,0.01019841045866773,0.01019841045866773,0.010198410458667727,0.13552608153755935,0.11352882225681467,0.11339831679811795,0.006448085055276041,0.13594070707695594,0.01714591558368765
线路序号45,0.12185390316343468,0.12375569629945543,0.12104673570630518,0.11711042742291598,0.11637063758334687,0.12061804330134204,0.12225408105938476,0.10785262194719161,0.10785262194719161,0.10785262194719158,0.12348856538812547,0.12492837354849265,0.13252477338970833,0.13498861998852232,0.1627361172417859,0.12935838210541933,0.1389248634136029,0.18380551975031784,0.22761970504536838,0.1975260156215569,0.1756887999627396,0.15073933095325484,0.10984277865935693,0.09483377192925682,0.10635490041521185,0.10187017448547138,0.11838474447569006,0.12125280040861393,0.12441604806328903,0.09177367108343806,0.12552637147123955,0.1203867987499041,0.05873741568857729,-0.08257636597956225,-0.07293100051585023,-0.07558999315719804,-0.059974928528107534,0.0025837653533596796,-0.05141114215942053,-0.04652332069427373,-0.042613868192584024,-0.03177657686346484,-0.06112097882681591,-0.029799432085091032,-0.018299548786682714,-0.010106493729525557,-0.004717854146672635,-0.006706284112788362,-0.0057977624956178355,-0.004947722200945099,-0.003923806366775642,-0.003671819379633872,-0.0029711412776325333,-0.0024483111342431516,-0.002205696774838316,-0.0023410826803129817,-0.0034330227396931322,-0.0032484483070921613,0.00046969611017215707,0.0015196293275755131,0.0016628175001715106,0.0013308184628083469,0.0017391388304219479,0.002396881172520294,0.004217263262257928,0.0,0.0006182062882153185,0.007270456169797116,0.011869241192298104,0.03206744805287281,0.03748228279798008,0.0649377829140168,0.03748228279798006,0.023389834152808115,0.0207268626914126,0.017386967086855262,0.01256448367734812,0.012392325417377097,0.01205356238969219,0.011076147752437426,0.008614424176254042,0.01190022080569879,0.011848155112577398,0.011767500604023349,0.01172833428585429,0.011728334285854309,0.011728334285854307,0.011655924562762886,0.011605379736448103,0.011594106203038532,0.011579640045578002,0.011557629337097423,0.011535227102784148,0.011515889325051506,0.011536635302161657,0.011562782881606904,0.011326019775881255,0.011207882774004209,0.011327157728622824,0.011426221374563927,0.011482609286402512,0.011532652441124539,0.011426221374563946,0.011426221374563932,0.01142622137456393,0.01142622137456393,0.01142622137456393,0.01142622137456393,0.011426221374563929,0.011426221374563934,0.011426221374563934,0.011426221374563932,0.13653105926783995,0.11954585350912232,0.11940294778193056,0.007270456169797118,0.12492837354849268,0.019159555583322767
线路序号46,-0.002629738415178354,-0.0028024713392403,-0.00255642634330436,-0.0021985792127657256,-0.0021317134306977448,-0.002517489778002169,-0.0026660851117796414,-0.0013603763696921004,-0.0013603763696918925,-0.0013603763696918925,-0.0027750661559140266,-0.0029089813304522785,-0.0035777106060941766,-0.003800983524110436,-0.006261244171399447,-0.0033503523947360767,-0.004303481035953915,-0.008448651447815248,-0.01249532276078042,-0.010111140547788961,-0.00838108012143915,-0.006404450423489903,-0.0031644079289123678,-0.002662279534530427,-0.002187541863709808,-0.001485310054804546,-0.003193611414275026,-0.0033673362185641133,-0.0035589414705450868,9.563066681397291e-05,-0.0036261963362990116,-0.0033995117472342628,0.004913416707024911,-0.07688465436988406,0.5367080489505093,-0.3567688584513288,0.017669058545741145,0.00877079696509474,0.014612184522607343,0.01286745925468673,0.011471966270323288,0.007603556560075974,-0.056065592350991046,-0.02567298188438536,-0.014514162801088108,-0.007084248907098826,-0.0029967481159099483,-0.0028113690891699837,-0.0016696736880831959,-0.0014248740925671267,-0.0011300007981855627,-0.0010574321059550926,-0.0008556467117427451,-0.000705079016978805,-0.0006352095091202832,-0.0006741987371680483,-0.0009886620473655704,-0.000935507218439793,0.0001352658438737739,0.0004376317770536757,0.0004788679478021146,0.00038325691551626404,0.0005008474126482561,0.000690267914603946,0.0012145122381322197,0.0,0.00017803467700183782,0.0007912800926480083,4.5677134941372377e-05,-0.0005624234950182194,-0.0007435775397392802,-0.0016621050904373385,-0.0007435775397392352,-0.00024046491177533673,-0.00014166280686465335,3.494275405645339e-05,0.0002899439542157891,0.0003062470726128722,0.0003383274023619387,0.0004308870422938844,0.00066400842101946,0.00035284861092595014,0.00035777915076484187,0.0003654170067843469,0.000369125995957317,0.0003691259959573902,0.00036912599595734767,0.00037598308366760516,0.0003807695997947385,0.0003818371858051751,0.000383207108328051,0.0003852914880517928,0.0003874129446606037,0.00038924420201620895,0.0003872795903783775,0.00038480345543394465,0.00040722455184463377,0.00041841194145350103,0.0004071167894968834,0.0003977356169124821,0.0003923957697100997,0.00038765676109941467,0.0003977356169124148,0.00039773561691245615,0.0003977356169124656,0.0003977356169124821,0.0003977356169124656,0.0003977356169124656,0.0003977356169124916,0.00039773561691245615,0.00039773561691245615,0.00039773561691241365,-0.0041867522689417735,-0.0033130251283115,-0.0032983280558145176,0.0007912800926480054,-0.002908981330451863,-5.878741681286284e-05
线路序号47,0.0026297384151784454,0.0028024713392394316,0.0025564263433045997,0.002198579212766865,0.002131713430698218,0.0025174897780026345,0.002666085111779603,0.0013603763696919107,0.0013603763696919931,0.0013603763696919931,0.002775066155914285,0.002908981330452922,0.0035777106060938036,0.0038009835241108805,0.006261244171399293,0.0033503523947366145,0.004303481035953984,0.008448651447815016,0.012495322760780329,0.010111140547789485,0.008381080121439516,0.006404450423489689,0.003164407928912169,0.002662279534530707,0.0021875418637095677,0.0014853100548046403,0.003193611414275626,0.0033673362185640066,0.0035589414705451913,-9.563066681385196e-05,0.003626196336298953,0.0033995117472341227,-0.004913416707025021,0.07688465436988413,0.46329195104949056,0.35676885845132883,-0.017669058545740836,-0.008770796965094732,-0.014612184522607301,-0.012867459254686728,-0.01147196627032335,-0.007603556560075763,0.0560655923509909,0.025672981884385365,0.014514162801088058,0.007084248907098855,0.002996748115909946,0.002811369089170002,0.0016696736880831742,0.0014248740925670868,0.0011300007981855716,0.0010574321059550825,0.0008556467117427553,0.0007050790169788173,0.0006352095091202933,0.000674198737168048,0.000988662047365564,0.0009355072184398163,-0.000135265843873774,-0.00043763177705367055,-0.0004788679478021199,-0.00038325691551626865,-0.0005008474126482553,-0.0006902679146039434,-0.0012145122381322206,0.0,-0.00017803467700183606,-0.0007912800926480132,-4.5677134941344574e-05,0.0005624234950182566,0.0007435775397392488,0.0016621050904373214,0.0007435775397392203,0.00024046491177519616,0.00014166280686466297,-3.494275405650462e-05,-0.0002899439542157961,-0.00030624707261288776,-0.0003383274023620261,-0.0004308870422939037,-0.0006640084210194602,-0.00035284861092594135,-0.00035777915076485233,-0.0003654170067842845,-0.00036912599595736767,-0.00036912599595736843,-0.0003691259959573702,-0.00037598308366759226,-0.0003807695997947149,-0.00038183718580518645,-0.00038320710832803366,-0.00038529148805179603,-0.0003874129446605695,-0.0003892442020162525,-0.0003872795903784032,-0.00038480345543391993,-0.0004072245518446333,-0.000418411941453497,-0.00040711678949689853,-0.00039773561691245176,-0.00039239576971010373,-0.0003876567610994505,-0.0003977356169124525,-0.00039773561691245333,-0.00039773561691246406,-0.00039773561691245176,-0.00039773561691246406,-0.00039773561691246406,-0.00039773561691245377,-0.00039773561691245333,-0.00039773561691245333,-0.00039773561691246385,0.004186752268942148,0.0033130251283111927,0.003298328055814519,-0.0007912800926480156,0.002908981330452865,5.8787416812889614e-05
线路序号48,0.13196858102565906,0.13442564227968126,0.13092574421714534,0.12588082786304614,0.12488436184999228,0.1303718861354338,0.13248559919352973,0.11358999734523963,0.11358999734523964,0.1135899973452397,0.13447191328887595,0.13594070707695594,0.14839833334313057,0.15164497721958453,0.19495944225229397,0.13680577712911587,0.13867387204990786,0.14546638470403156,0.1520974911168692,0.13836646998725088,0.1284026777316558,0.11701883970111752,0.09835873406343082,0.08491852790349551,0.09976549577112963,0.09746020951716801,0.11246846540490454,0.115988279718618,0.1198703673184213,0.0922702980553697,0.12123300888314527,0.11429679668683722,0.5418492729465553,-0.05439510762623789,-0.05771876078139612,-0.056802510452136454,-0.062183235424946734,0.00158668778265105,-0.053153089884053276,-0.047999091721562234,-0.04387674168203402,-0.032449282640220824,-0.0405520266513958,-0.02034326953523732,-0.01292350989315961,-0.007492673213576367,-0.0036985078258120726,-0.005569579317897921,-0.005055736769052617,-0.004314488748596183,-0.0034216186223813886,-0.003201882150392692,-0.0025908802257302594,-0.0021349644165020196,-0.0019234010179546854,-0.002041459579483742,-0.002993647861080716,-0.002832696158379359,0.0004095821269452174,0.0013251398056683432,0.0014500020623810326,0.0011604938699092482,0.0015165554191116318,0.002090116710389574,0.003677517482975144,0.0,0.0005390852530699706,0.00644808505527604,0.01063346672536275,0.028712787712302727,0.03356164257691354,0.0581473855524049,0.03356164257691352,0.02093859399689991,0.018552862592173133,0.015554690692593885,0.011225622974177058,0.011070260612744208,0.010764547578956998,0.009882490301144768,0.007660934460285657,0.01062616612343417,0.010579180001279245,0.010506394211557206,0.01047104899094218,0.010471048990942197,0.010471048990942195,0.010405703618770827,0.010360089986431611,0.010349916308023739,0.01033686148053939,0.010316998154510607,0.010296781500224788,0.010279330331666782,0.010298052314536541,0.010321648915065904,0.010107984608677683,0.01000137314787816,0.01010901154183302,0.010198410458667725,0.010249297120399693,0.010294458024630906,0.010198410458667746,0.010198410458667732,0.010198410458667729,0.010198410458667729,0.010198410458667729,0.01019841045866773,0.010198410458667725,0.010198410458667734,0.010198410458667734,0.010198410458667732,0.13552608153755938,0.11352882225681468,0.11339831679811788,0.00644808505527604,0.13594070707695582,0.017145915583687645
线路序号49,0.0026297384151800518,0.002802471339241014,0.0025564263433062472,0.0021985792127671966,0.002131713430699329,0.0025174897780041285,0.002666085111779616,0.0013603763696925966,0.0013603763696923377,0.0013603763696927818,0.0027750661559147643,0.0029089813304545606,0.0035777106060944017,0.0038009835241111277,0.006261244171399983,0.0033503523947379576,0.004303481035954474,0.00844865144781531,0.01249532276078053,0.010111140547789634,0.008381080121439868,0.006404450423490111,0.00316440792891262,0.002662279534530885,0.0021875418637099728,0.0014853100548050603,0.0031936114142758405,0.003367336218564511,0.0035589414705457915,-9.563066681350203e-05,0.0036261963362992132,0.003399511747234577,-0.004913416707024856,0.07688465436988386,-0.5367080489505099,-0.6432311415486717,-0.01766905854574106,-0.008770796965094705,-0.014612184522607485,-0.01286745925468702,-0.011471966270323593,-0.00760355656007586,0.0560655923509909,0.025672981884385344,0.01451416280108801,0.007084248907098825,0.002996748115909933,0.002811369089169951,0.001669673688083148,0.0014248740925670864,0.0011300007981855603,0.0010574321059550707,0.000855646711742743,0.0007050790169788054,0.0006352095091202906,0.00067419873716804,0.0009886620473655533,0.0009355072184398041,-0.0001352658438737717,-0.0004376317770536627,-0.00047886794780211143,-0.0003832569155162647,-0.0005008474126482405,-0.0006902679146039361,-0.0012145122381322046,0.0,-0.0001780346770018339,-0.000791280092647994,-4.5677134941318485e-05,0.000562423495018387,0.000743577539739316,0.0016621050904374413,0.0007435775397393994,0.0002404649117752792,0.00014166280686470767,-3.494275405640941e-05,-0.0002899439542157466,-0.00030624707261286835,-0.00033832740236194734,-0.00043088704229386516,-0.0006640084210194438,-0.00035284861092590866,-0.0003577791507648413,-0.00036541700678426677,-0.00036912599595734734,-0.0003691259959573429,-0.0003691259959573452,-0.0003759830836675459,-0.0003807695997946941,-0.00038183718580515956,-0.0003832071083280124,-0.00038529148805178357,-0.00038741294466052494,-0.00038924420201621833,-0.00038727959037835864,-0.0003848034554339183,-0.0004072245518445779,-0.0004184119414534687,-0.000407116789496869,-0.0003977356169124185,-0.0003923957697100594,-0.00038765676109941955,-0.0003977356169124325,-0.00039773561691241387,-0.00039773561691242536,-0.0003977356169124185,-0.00039773561691242536,-0.00039773561691242536,-0.0003977356169124161,-0.00039773561691241387,-0.00039773561691241387,-0.00039773561691241614,0.004186752268942652,0.0033130251283118497,0.003298328055814809,-0.0007912800926480045,0.0029089813304540428,5.878741681293034e-05
线路序号50,0.024255140488939984,0.025848326075757103,0.023578953613251647,0.020278384866690338,0.019661654727824527,0.023219825931156155,0.024590380765031044,0.012547301197055197,0.012547301197054458,0.012547301197055346,0.025595556991253817,0.026830710781946477,0.03299867122854832,0.03505800761068271,0.05774998613407795,0.030901654534435313,0.03969274529970427,0.07792532771548584,0.11524941312336835,0.09325913675461112,0.07730209005625677,0.05907083528899681,0.029186613557096012,0.02455528038763999,0.020176582934429185,0.013699615079954179,0.02945596910826619,0.031058303207394687,0.03282555590385974,-0.0008820402992296643,0.03344587471884361,0.03135507111544857,-0.04531842856373006,0.7091382482839301,0.3369587399990237,0.4395595774181064,-0.16296886977827005,-0.08089660605039495,-0.1347740849053255,-0.11868177844482415,-0.10581058251457878,-0.07013067593176298,0.517115623067118,0.2367922903591712,0.1338699909419504,0.06534089151547554,0.027640219324403408,0.025930393620323143,0.015400075399660713,0.01314218976867732,0.010422454170498785,0.009753123785777161,0.007891975522137929,0.0065032288055386234,0.005858794089439288,0.006218407501326547,0.009118829734744054,0.008628561259439515,-0.0012476115599846984,-0.0040364547947396925,-0.00441679266749399,-0.003534933465453227,-0.004619518157085461,-0.006366620020868272,-0.011201937345325869,0.0,-0.0016420857974530987,-0.007298296173678973,-0.0004212986807887561,0.005187459257243212,0.0068583162441910985,0.01533026716392749,0.006858316244191026,0.002217905090522666,0.0013066133356560798,-0.00032229114645702836,-0.0026742703011178844,-0.002824640552716642,-0.003120530402636687,-0.003974245379455315,-0.0061244180959986036,-0.003254465379497644,-0.0032999417416289412,-0.0033703887753401564,-0.003404598281861998,-0.0034045982818620654,-0.003404598281862056,-0.003467843973827594,-0.0035119919470427336,-0.0035218387243945506,-0.0035344740736213106,-0.003553699150435166,-0.0035732662023479135,-0.003590156629234841,-0.0035720362218942636,-0.0035491978283107507,-0.003755996664354101,-0.003859182481278426,-0.003755002728657479,-0.0036684763815222664,-0.0036192248121132997,-0.003575515019927774,-0.003668476381522222,-0.003668476381522183,-0.0036684763815222382,-0.0036684763815222664,-0.0036684763815222382,-0.0036684763815222382,-0.003668476381522219,-0.003668476381522183,-0.003668476381522183,-0.00366847638152222,0.038616108693328974,0.03055737006644689,0.030421813025439327,-0.007298296173678987,0.026830710781945002,0.0005422201103913184
线路序号51,0.013365933360136417,0.009343342841798486,0.015073219025576987,0.023367784175170853,0.024963899360867688,0.015979970643734007,0.012519494397134866,0.04320377470450732,0.043203774704507286,0.04320377470450691,0.009606791095481113,0.006862946686346849,-0.011241322556181455,-0.016501614664246125,-0.08094418133136971,0.0012362168485609722,-0.010914551062530998,-0.05667074919104535,-0.10133967132442649,-0.07273124348255049,-0.05197179456139439,-0.02825369626513827,0.010624423622539465,0.01194574518221478,0.030862388859314163,0.045247891365404955,0.010714077885451166,0.007300037876474025,0.003534611293473971,0.07763410119587164,0.0022129186116355477,0.006552694351661913,-0.292490273252041,-0.513392935023691,-0.5221725531165952,-0.5197522259666596,-0.5339657157981448,0.25809707882399296,-0.4584438147562768,-0.4153393335012485,-0.3808628446855011,-0.28529146911823416,-0.3860321653466834,-0.2001051404880417,-0.13184098017930662,-0.0842552416048316,-0.05456926444332674,-0.062108330476849126,-0.056190769566991386,-0.04795234683809972,-0.03802875670530342,-0.035586548570860944,-0.028795714727640767,-0.023728548190192083,-0.021377177713518637,-0.0226893111827484,-0.03327217867757467,-0.03148331971377993,0.004552201976735739,0.014727947451724337,0.01611569895364283,0.012898029823691934,0.016855390219780424,0.023230099154000493,0.040872883004777275,0.0,0.005991533304827145,0.032645451070385606,0.017573154722983864,0.017471393777808885,0.0169946974834138,0.014577645849861081,0.01699469748341384,0.019019769731217193,0.019494932722210145,0.021396837385439592,0.024143002167468428,0.024419496161224744,0.024963564987648488,0.02653333733929732,0.030486977340176184,0.02520983854416793,0.025293458414810552,0.025422993223005733,0.025485896110924725,0.02548589611092475,0.025485896110924736,0.025602189418766685,0.02568336670816223,0.025701472515439038,0.025724705822114207,0.025760056020787462,0.025796035027750953,0.025827092378101612,0.025793773395518263,0.025751779193967293,0.026132031507665573,0.026321764904511453,0.026130203903818542,0.02597110318389412,0.02588054163345527,0.02580017005144932,0.025971103183894142,0.02597110318389413,0.02597110318389412,0.025971103183894118,0.02597110318389412,0.02597110318389413,0.025971103183894114,0.02597110318389414,0.02597110318389414,0.025971103183894142,-0.008659020873911575,0.00830064680374121,0.008597684475335972,0.03264545107038562,0.0068629466863467745,0.020387436276369537
线路序号52,0.08649583878237659,0.08659648270890219,0.08645312304178952,0.08624782298286672,0.08620566138731171,0.08643043640669199,0.08651701641415689,0.08573346348451587,0.08573346348451585,0.08573346348451585,0.08661132145081114,0.0866585414263595,0.08725623306555193,0.08739131665154544,0.08941240814958251,0.08653330987249729,0.08626287578555983,0.08797756432172261,0.08965150778375847,0.08488168801074095,0.08142051109852544,0.07746604513286122,0.07098398236440141,0.06231912689185043,0.07683903612556542,0.07930053324637235,0.07826546128719479,0.07921059724824034,0.08025301036083193,0.08484212362305854,0.08061890510130684,0.07815092500866476,0.1000100506522915,0.10960674583154813,0.11067376789622704,0.11037961586758566,0.1121070380749981,0.08538938440452594,-0.5128405777084247,-0.2987776603017936,-0.2722263638433764,-0.19862420733647046,0.07362720458763829,0.021102639321395045,0.0018179476731125424,-0.009704711804185412,-0.013877354891607397,-0.019555374320845007,-0.022187429649370444,-0.018934414498881467,-0.015015995875372421,-0.014051668075813425,-0.011370246388264211,-0.00936943020550577,-0.00844097047034233,-0.008959078146451143,-0.013137818353063326,-0.01243147133703745,0.0017974778043951466,0.0058154622277449405,0.006363428362697336,0.00509290282966255,0.006655502097514494,0.009172613130218832,0.01613902466942136,0.0,0.0023658106966167,0.01557149553473309,0.013932019331179529,0.026083476211415914,0.029209516549582218,0.0450598619262,0.029209516549582225,0.021303471649356316,0.019836591942480938,0.018379197075705067,0.01627486107294579,0.016251988092590187,0.016206979969954925,0.016077120468581153,0.01575005538899417,0.016186606976878883,0.01617968951862758,0.016168973744722447,0.016163770099970023,0.01616377009997003,0.01616377009997004,0.01615414972988671,0.01614743433429913,0.016145936530428076,0.01614401455389628,0.01614109020682884,0.01613811384156202,0.0161355446206006,0.01613830093520892,0.0161417749077682,0.016110318514870742,0.016094622809514184,0.016110469703496305,0.016123631319023453,0.016131123028105536,0.01613777177150642,0.01612363131902348,0.016123631319023463,0.01612363131902348,0.01612363131902347,0.01612363131902348,0.016123631319023474,0.016123631319023484,0.016123631319023463,0.016123631319023463,0.016123631319023467,0.08521538664620106,0.0781990349623095,0.07820721050998763,0.01557149553473309,0.0866585414263596,0.01915268274158415
线路序号53,0.08572355450753377,0.08582329982757286,0.0856812201574878,0.08547775313480538,0.08543596798206793,0.08565873608163221,0.08574454305331636,0.08496798613197554,0.08496798613197548,0.08496798613197548,0.08583800608071457,0.08588480444933838,0.08647715955603799,0.08661103703858514,0.08861408307681842,0.08576069103434991,0.0854926715374745,0.08719205035456429,0.08885104789283202,0.08412381579635933,0.08069354224943148,0.07677438401560358,0.07035019680757637,0.0617627061160303,0.07615297330301574,0.07859249277095831,0.07756666252570193,0.07850335977280959,0.0795364656254674,0.08408460466213835,0.07989909344861656,0.07745314889251598,0.09911710377146743,0.10862811417233785,0.10968560925429642,0.10939408358305361,0.11110608237789989,0.08462697918662836,-0.14814259635983762,-0.2961100026205275,-0.2697957713090605,-0.19685077691382336,0.07296981883239151,0.020914222898882583,0.0018017159974597526,-0.009618062591648047,-0.01375344993721804,-0.019380772764408888,-0.021989327598929638,-0.01876535722657002,-0.014881924483628016,-0.013926206753707945,-0.011268726331226133,-0.009285774578670896,-0.008365604662571413,-0.008879086377286401,-0.0130205164034824,-0.012320476057242472,0.0017814288954273324,0.005763538457854361,0.006306612038030391,0.005047430482969134,0.0065960779716438276,0.009090714798699018,0.015994926234872947,0.0,0.0023446873868254786,0.015432464324601538,0.013807626301436851,0.025850588030956842,0.028948717294675227,0.044657541730430336,0.028948717294675227,0.021113262081058494,0.019659479514423064,0.018215097101814834,0.016129549813365913,0.0161068810560492,0.016062274791651756,0.015933574750111673,0.015609429894449571,0.0160420837002996,0.0160352280050684,0.016024607907715996,0.01601945072407743,0.016019450724077438,0.016019450724077445,0.016009916250155576,0.016003260813457165,0.016001776382834954,0.015999871566807922,0.01599697332998215,0.015994023539405208,0.015991477257916668,0.015994208962573125,0.01599765191752027,0.015966476385273678,0.015950920820143513,0.015966626224000805,0.015979670325103598,0.015987095143926017,0.015993684523546537,0.015979670325103626,0.015979670325103612,0.01597967032510362,0.015979670325103612,0.01597967032510362,0.01597967032510362,0.015979670325103626,0.015979670325103612,0.015979670325103612,0.01597967032510361,0.084454534979717,0.07750082929300317,0.07750893184471985,0.015432464324601545,0.08588480444933844,0.018981676645677143
线路序号54,0.5526740505775529,0.5479876963467416,0.5546630537746168,0.5643423729325421,0.5661857855624074,0.5557194275871328,0.5516879415522129,0.5873210620122633,0.5873210620122632,0.5873210620122635,0.5484492916124074,0.5450980124566694,0.5250509792625219,0.5189477567759802,0.4468218747712491,0.536622844624969,0.5183209534200623,0.46924696661125187,0.421339094340473,0.42521550663091945,0.4280283904211657,0.4312421681320486,0.43651011303957765,0.3754314978902224,0.5062153545717495,0.5434316000530188,0.48943748017661387,0.49169598836328926,0.49418695119373895,0.6272168647490709,0.49506129763793694,0.4830050083479789,0.23791370592076388,0.013377858871410691,0.00743376344481135,0.009072405967819289,-0.0005506025741620847,-0.12587211481591318,0.0005236500709402418,0.0011367848353617883,0.0016271917079807192,0.0029866358107227486,0.011820836728553177,0.00954782522434587,0.008713276175734972,0.00925640754630918,0.011361715869209046,0.006880330296482449,0.006245452512798609,0.005329774042292653,0.004226793759081448,0.00395534891062025,0.0032005660411745154,0.0026373641447073786,0.0023760156569534886,0.0025218557537465603,0.0036981129379336877,0.003499286087962309,-0.0005059649742023124,-0.0016369716437336615,-0.0017912164809477887,-0.0014335812339514285,-0.0018734311705203665,-0.002581962878457161,-0.004542910727769494,0.0,-0.0006659427700048984,0.012141983547870655,0.03870763797673969,0.12000619165079462,0.1420416676447186,0.2537708416984172,0.1420416676447185,0.0842730643377163,0.0733073427284119,0.05885510692016735,0.0379874883872876,0.03714700972810419,0.03549316462454975,0.030721414817573216,0.018703251234024453,0.03474454919980319,0.03449036387084194,0.03409660760716912,0.03390539717912798,0.033905397179128036,0.03390539717912804,0.033551892055493734,0.03330513161625102,0.03325009409295167,0.03317947014131548,0.03307201360246248,0.03296264562986859,0.032868238370507015,0.03296952047586704,0.03309717326764559,0.031941292988198665,0.031364546749277106,0.031946848486927616,0.03243047837682321,0.03270576482862763,0.03295007610122738,0.03243047837682328,0.03243047837682323,0.03243047837682322,0.03243047837682323,0.032430478376823224,0.03243047837682322,0.032430478376823224,0.03243047837682323,0.03243047837682323,0.032430478376823224,0.5137606361885318,0.4857069114084622,0.4861660583337728,0.012141983547870652,0.5450980124566692,0.06652536670522591
线路序号55,0.08649583878237664,0.08659648270890281,0.0864531230417893,0.08624782298286673,0.08620566138731185,0.08643043640669201,0.0865170164141573,0.08573346348451573,0.08573346348451595,0.08573346348451595,0.08661132145081109,0.08665854142635941,0.0872562330655517,0.08739131665154515,0.08941240814958262,0.08653330987249705,0.08626287578556001,0.08797756432172253,0.08965150778375837,0.08488168801074096,0.08142051109852554,0.07746604513286136,0.07098398236440143,0.06231912689185037,0.07683903612556546,0.07930053324637251,0.07826546128719476,0.07921059724824032,0.08025301036083209,0.08484212362305861,0.0806189051013069,0.07815092500866487,0.10001005065229146,0.10960674583154811,0.11067376789622703,0.11037961586758566,0.11210703807499811,0.08538938440452588,0.4871594222915752,-0.2987776603017935,-0.2722263638433764,-0.19862420733647046,0.0736272045876383,0.02110263932139505,0.001817947673112544,-0.009704711804185428,-0.01387735489160739,-0.019555374320845007,-0.022187429649370448,-0.018934414498881464,-0.015015995875372404,-0.014051668075813427,-0.0113702463882642,-0.009369430205505772,-0.008440970470342327,-0.008959078146451142,-0.013137818353063326,-0.012431471337037458,0.0017974778043951462,0.0058154622277449405,0.006363428362697331,0.00509290282966255,0.006655502097514497,0.00917261313021883,0.016139024669421347,0.0,0.0023658106966166987,0.015571495534733085,0.013932019331179522,0.026083476211415924,0.0292095165495822,0.04505986192619999,0.029209516549582197,0.021303471649356337,0.019836591942480917,0.01837919707570505,0.01627486107294579,0.016251988092590174,0.016206979969954936,0.016077120468581146,0.015750055388994166,0.01618660697687888,0.016179689518627582,0.01616897374472245,0.016163770099970016,0.016163770099970037,0.016163770099970037,0.016154149729886703,0.01614743433429911,0.016145936530428062,0.016144014553896288,0.016141090206828843,0.016138113841562007,0.016135544620600607,0.016138300935208922,0.01614177490776821,0.016110318514870742,0.01609462280951418,0.016110469703496312,0.016123631319023467,0.016131123028105526,0.01613777177150642,0.016123631319023484,0.016123631319023467,0.016123631319023467,0.016123631319023467,0.016123631319023467,0.01612363131902348,0.01612363131902348,0.016123631319023467,0.016123631319023467,0.016123631319023467,0.08521538664620085,0.07819903496230954,0.07820721050998758,0.015571495534733101,0.08665854142635941,0.01915268274158416
线路序号56,0.08594532034920538,0.08604532370923096,0.08590287648068647,0.08569888309117506,0.08565698984073253,0.08588033423878767,0.08596636319211252,0.08518779732701977,0.08518779732701913,0.08518779732701942,0.08606006800727875,0.08610698744274019,0.08670087496523325,0.08683509878727559,0.08884332668238719,0.0859825529477859,0.08571384008757922,0.08741761517796699,0.08908090452363278,0.08434144313253181,0.08090229550770694,0.07697299845696515,0.07053219195110974,0.06192248552070415,0.07634998016206804,0.07879581063859165,0.07776732658238357,0.07870644705441002,0.07974222553993128,0.08430213055956119,0.08010579147705486,0.07765351929074471,0.09937351856980603,0.10890913384431726,0.10996936465379269,0.10967708480901825,0.1113935125248986,0.08484590820065785,0.1691848354118023,0.20216950555008234,-0.6386420799915352,-0.19736002759150187,0.07315859090773232,0.020968327751052087,0.001806377015856905,-0.009642944408065254,-0.013789029952754458,-0.01943091059885865,-0.02204621373449394,-0.018813902988158236,-0.014920423849732993,-0.013962233689125754,-0.011297878395600598,-0.009309796769850921,-0.00838724638484651,-0.008902056470804394,-0.013054200328464329,-0.012352348985964628,0.0017860374313267353,0.00577844866502501,0.006322927170256817,0.00506048812711099,0.006613141948884579,0.009114232372489693,0.016036304923604763,0.0,0.0023507530659119705,0.015472387930892393,0.013843346470599425,0.02591746320249312,0.029023607290698483,0.04477307027314793,0.029023607290698472,0.021167881845284797,0.019710338360003937,0.018262219346839775,0.016171276771734546,0.01614854937060542,0.016103827710319162,0.0159747947232637,0.015649811308617964,0.016083584384847714,0.016076710954012443,0.016066063382591332,0.01606089285737848,0.01606089285737848,0.016060892857378488,0.016051333717883122,0.016044661063647124,0.016043172792820123,0.01604126304905613,0.01603835731452525,0.0160353998928743,0.016032847024185063,0.01603558579572981,0.01603903765756146,0.016007781474574392,0.01599218566737758,0.01600793170093257,0.016021009546973695,0.016028453573716323,0.016035059999985522,0.016021009546973743,0.016021009546973723,0.01602100954697372,0.01602100954697372,0.01602100954697372,0.01602100954697372,0.01602100954697372,0.016021009546973723,0.016021009546973723,0.016021009546973736,0.08467301788258279,0.07770132303987537,0.07770944655279921,0.015472387930892392,0.08610698744274019,0.01903078202309467
线路序号57,0.08627407294070476,0.08637445882724429,0.08623146671859049,0.0860266930264967,0.08598463952864756,0.08620883824953704,0.08629519627536113,0.08551365228947232,0.08551365228947215,0.0855136522894723,0.08638925952424661,0.08643635843295792,0.08703251765635678,0.08716725490285546,0.08918316454401384,0.08631144795906143,0.08604170723545511,0.08775199949831985,0.08942165115295803,0.08466406067456873,0.08121175784025006,0.0772674306914999,0.07080198722086807,0.06215934748717672,0.07664202926651299,0.07909721537873922,0.07806479723051299,0.0790075099666399,0.08004725044636815,0.0846245977256359,0.08041220707286856,0.0779505546104361,0.09975363585395282,0.10932572615956876,0.11039001249673074,0.11009661464162102,0.11181960792799929,0.08517045539049645,0.16983199051993497,0.20294283152759643,0.0966199448390983,-0.1981149566587918,0.07343843251229742,0.021048534469225517,0.0018132866547153792,-0.009679829987768231,-0.013841774876070996,-0.01950523648639526,-0.022130543513806184,-0.018885868737293258,-0.014977496509267454,-0.014015641140395631,-0.011341094323889762,-0.009345408014325754,-0.008419328748067232,-0.008936108052933146,-0.013104134428081398,-0.012399598408315306,0.001792869268495744,0.00580055202057429,0.006347113230470913,0.0050798451855207,0.006638438120273751,0.009149095556428172,0.01609764598068957,0.0,0.0023597450175302107,0.015531571928442262,0.013896299162016993,0.02601660103987965,0.029134626553559036,0.04494433338348235,0.029134626553559022,0.021248851885130118,0.019785733096900095,0.018332074830680133,0.016233134114577212,0.016210319778033954,0.016165427051287564,0.01603590049542917,0.015709673974825773,0.016145106292330735,0.016138206569683528,0.01612751826984712,0.01612232796666899,0.016122327966668997,0.016122327966668997,0.016112732262159157,0.016106034084109166,0.016104540120442927,0.016102623071648125,0.016099706222285733,0.016096737488092937,0.016094174854332205,0.016096924102052247,0.016100389167727006,0.016069013425570034,0.0160533579622801,0.01606916422656454,0.016082292097153363,0.016089764598315237,0.01609639629506742,0.016082292097153394,0.01608229209715338,0.016082292097153377,0.016082292097153377,0.016082292097153377,0.016082292097153377,0.016082292097153377,0.01608229209715338,0.01608229209715338,0.016082292097153388,0.08499690374333553,0.07799854121543755,0.0780066958019083,0.015531571928442262,0.086436358432958,0.019103577364166638
线路序号58,0.08594532034920492,0.08604532370923072,0.08590287648068619,0.0856988830911753,0.08565698984073214,0.08588033423878758,0.08596636319211264,0.08518779732701905,0.08518779732701907,0.08518779732701917,0.08606006800727885,0.08610698744273955,0.08670087496523282,0.08683509878727572,0.0888433266823872,0.08598255294778569,0.08571384008757907,0.08741761517796695,0.0890809045236326,0.08434144313253168,0.08090229550770692,0.07697299845696505,0.07053219195110975,0.06192248552070404,0.0763499801620679,0.07879581063859158,0.0777673265823837,0.07870644705440986,0.07974222553993125,0.08430213055956101,0.08010579147705464,0.07765351929074474,0.09937351856980599,0.10890913384431727,0.10996936465379274,0.1096770848090182,0.11139351252489857,0.08484590820065788,0.16918483541180243,0.20216950555008245,0.3613579200084648,-0.1973600275915019,0.07315859090773234,0.020968327751052097,0.0018063770158569077,-0.009642944408065244,-0.01378902995275444,-0.019430910598858635,-0.02204621373449391,-0.018813902988158222,-0.014920423849732944,-0.013962233689125747,-0.011297878395600572,-0.00930979676985091,-0.008387246384846506,-0.008902056470804382,-0.013054200328464317,-0.012352348985964618,0.001786037431326734,0.005778448665025016,0.006322927170256815,0.005060488127110983,0.0066131419488845745,0.009114232372489685,0.016036304923604736,0.0,0.0023507530659119674,0.015472387930892399,0.013843346470599385,0.025917463202493038,0.029023607290698427,0.0447730702731479,0.029023607290698406,0.021167881845284755,0.019710338360003892,0.018262219346839758,0.0161712767717345,0.01614854937060541,0.016103827710319117,0.015974794723263675,0.015649811308617936,0.016083584384847707,0.016076710954012443,0.0160660633825913,0.01606089285737847,0.016060892857378477,0.016060892857378477,0.01605133371788309,0.016044661063647124,0.016043172792820116,0.0160412630490561,0.016038357314525256,0.016035399892874284,0.01603284702418504,0.016035585795729775,0.01603903765756147,0.016007781474574396,0.01599218566737755,0.01600793170093255,0.016021009546973674,0.01602845357371632,0.0160350599999855,0.016021009546973705,0.016021009546973695,0.016021009546973688,0.016021009546973688,0.016021009546973688,0.016021009546973688,0.016021009546973688,0.016021009546973695,0.016021009546973695,0.016021009546973695,0.08467301788258236,0.07770132303987515,0.07770944655279922,0.015472387930892404,0.08610698744273966,0.019030782023094703
线路序号59,0.09496902425931616,0.09510489888445695,0.09491135574974746,0.09463346334345848,0.09457726942482483,0.0948807275921831,0.09499761518257299,0.09394494438044529,0.09394494438044529,0.09394494438044534,0.09511794224095514,0.09518868143609484,0.09594839155506625,0.09612962885372796,0.09872488693630815,0.09510637517624762,0.09492863707794447,0.09743154058701653,0.09987496916121964,0.0941557383191562,0.09000562978504319,0.08526404524076832,0.07749175717334852,0.06761621200708585,0.08399077561707372,0.08668524935071281,0.0857351639531484,0.08682716098265547,0.08803155068888376,0.09275134204948166,0.08845430041609634,0.08563221588722185,0.10896926095933222,0.1314007313666233,0.1268183084356357,0.12808157097336723,0.12066299979590338,0.09225116836884932,0.09797512726851217,0.08502591700523701,0.07466868059231803,0.04595765562837419,0.36569780575507566,-0.29226470432864743,-0.16668370252972103,-0.08253163415209994,-0.035354821586985996,-0.03544804682228149,-0.02286751158336172,-0.019514786062189482,-0.015476261335459986,-0.014482375271366102,-0.011718763511513202,-0.009656618956760576,-0.008699700373397882,-0.009233688918807565,-0.013540514521802766,-0.012812516784971499,0.0018525735140306303,0.0059937158993688755,0.006558478115467633,0.005249008843777836,0.0068595044001556705,0.009453769107992489,0.016633712845716006,0.0,0.002438326762670252,0.015360032436124084,0.012336217008028233,0.026317565300611453,0.029880389014049737,0.04794541065965211,0.029880389014049734,0.020931464150510174,0.019278586548891797,0.017744200987368737,0.015528697932681806,0.015523213042706607,0.015512420194690896,0.015481280174186629,0.015402850693272078,0.015507534796122381,0.01550587600497115,0.015503306386147775,0.015502058563673666,0.015502058563673685,0.015502058563673681,0.015499751620258044,0.015498141283285563,0.015497782113238203,0.015497321227527297,0.015496619975584425,0.015495906249792628,0.015495290156302579,0.015495951114434347,0.01549678416535154,0.015489240992080015,0.0154854771967361,0.015489277246777214,0.015492433372998611,0.015494229868225852,0.015495824222151747,0.015492433372998634,0.015492433372998618,0.015492433372998618,0.015492433372998618,0.015492433372998618,0.015492433372998618,0.015492433372998618,0.015492433372998618,0.015492433372998618,0.015492433372998615,0.09372819830556871,0.08567545831436467,0.08568280670067638,0.015360032436124087,0.0951886814360949,0.018558548056118528
线路序号60,0.09496902425931648,0.09510489888445721,0.09491135574974754,0.0946334633434586,0.09457726942482482,0.09488072759218326,0.09499761518257285,0.09394494438044537,0.09394494438044529,0.0939449443804454,0.0951179422409551,0.09518868143609506,0.09594839155506646,0.09612962885372808,0.09872488693630835,0.09510637517624776,0.09492863707794454,0.09743154058701667,0.09987496916121966,0.09415573831915625,0.09000562978504321,0.0852640452407682,0.07749175717334852,0.06761621200708591,0.0839907756170738,0.0866852493507128,0.08573516395314847,0.0868271609826556,0.08803155068888381,0.09275134204948171,0.08845430041609643,0.08563221588722188,0.10896926095933229,0.1314007313666233,0.1268183084356357,0.12808157097336728,0.12066299979590338,0.09225116836884938,0.0979751272685122,0.08502591700523703,0.07466868059231804,0.045957655628374214,-0.6343021942449247,-0.2922647043286476,-0.16668370252972114,-0.08253163415209996,-0.035354821586986,-0.035448046822281504,-0.022867511583361727,-0.01951478606218949,-0.015476261335459986,-0.01448237527136611,-0.011718763511513205,-0.009656618956760576,-0.008699700373397888,-0.009233688918807569,-0.013540514521802771,-0.0128125167849715,0.0018525735140306311,0.005993715899368878,0.0065584781154676385,0.005249008843777836,0.006859504400155673,0.009453769107992494,0.01663371284571602,0.0,0.0024383267626702527,0.015360032436124096,0.01233621700802825,0.026317565300611506,0.02988038901404977,0.047945410659652146,0.029880389014049758,0.0209314641505102,0.019278586548891825,0.017744200987368747,0.015528697932681816,0.015523213042706615,0.015512420194690915,0.015481280174186639,0.01540285069327209,0.015507534796122404,0.015505876004971162,0.015503306386147778,0.015502058563673676,0.015502058563673692,0.01550205856367369,0.015499751620258049,0.015498141283285579,0.015497782113238219,0.015497321227527304,0.01549661997558443,0.01549590624979264,0.01549529015630259,0.015495951114434364,0.015496784165351551,0.015489240992080017,0.015485477196736111,0.015489277246777226,0.015492433372998616,0.015494229868225858,0.015495824222151764,0.01549243337299864,0.01549243337299863,0.015492433372998634,0.015492433372998637,0.015492433372998634,0.015492433372998623,0.015492433372998627,0.01549243337299863,0.01549243337299863,0.015492433372998628,0.09372819830556885,0.08567545831436475,0.08568280670067646,0.0153600324361241,0.09518868143609498,0.018558548056118528
线路序号61,0.09496902425931646,0.09510489888445721,0.09491135574974774,0.09463346334345872,0.09457726942482483,0.09488072759218319,0.094997615182573,0.09394494438044547,0.09394494438044532,0.09394494438044547,0.09511794224095518,0.09518868143609492,0.09594839155506657,0.09612962885372833,0.09872488693630832,0.09510637517624744,0.09492863707794448,0.09743154058701661,0.09987496916121974,0.09415573831915612,0.09000562978504338,0.08526404524076836,0.07749175717334852,0.06761621200708585,0.08399077561707366,0.08668524935071287,0.08573516395314836,0.08682716098265546,0.08803155068888376,0.09275134204948175,0.08845430041609632,0.08563221588722178,0.10896926095933232,0.13140073136662334,0.1268183084356357,0.12808157097336723,0.12066299979590346,0.09225116836884938,0.09797512726851217,0.08502591700523704,0.07466868059231806,0.045957655628374214,0.36569780575507554,0.7077352956713524,-0.16668370252972103,-0.08253163415210002,-0.035354821586985996,-0.035448046822281504,-0.022867511583361737,-0.01951478606218952,-0.015476261335460003,-0.014482375271366095,-0.011718763511513205,-0.00965661895676059,-0.008699700373397895,-0.009233688918807574,-0.013540514521802776,-0.012812516784971495,0.0018525735140306316,0.00599371589936888,0.006558478115467635,0.005249008843777839,0.006859504400155674,0.009453769107992501,0.016633712845716023,0.0,0.002438326762670254,0.015360032436124106,0.012336217008028246,0.02631756530061149,0.029880389014049793,0.047945410659652216,0.029880389014049748,0.020931464150510174,0.019278586548891807,0.017744200987368765,0.015528697932681827,0.01552321304270662,0.015512420194690915,0.015481280174186643,0.015402850693272081,0.015507534796122385,0.01550587600497116,0.01550330638614779,0.015502058563673687,0.015502058563673699,0.015502058563673694,0.015499751620258063,0.015498141283285579,0.015497782113238242,0.015497321227527314,0.015496619975584455,0.01549590624979263,0.015495290156302582,0.015495951114434366,0.015496784165351557,0.015489240992080046,0.015485477196736116,0.015489277246777223,0.015492433372998611,0.015494229868225868,0.015495824222151762,0.01549243337299865,0.015492433372998634,0.015492433372998628,0.015492433372998634,0.015492433372998628,0.015492433372998637,0.015492433372998637,0.015492433372998634,0.015492433372998634,0.015492433372998628,0.09372819830556882,0.0856754583143647,0.08568280670067642,0.015360032436124103,0.09518868143609492,0.018558548056118535
线路序号62,0.039029549929533856,0.03908993972876695,0.039003919023753414,0.03888060005592446,0.03885543356469334,0.03899030626652033,0.03904225723315016,0.03857303688867781,0.03857303688867782,0.03857303688867781,0.039097574316163,0.0391271770824484,0.03947724119306976,0.03955809029747061,0.040746606237064824,0.03906778791495606,0.0389395386455873,0.04010494177581432,0.04124265215839257,0.038346495899546626,0.0362449261014611,0.033843839288571625,0.029908037193216695,0.024767789871093793,0.03334934727180643,0.03479203585414418,0.03420504171606902,0.0347651577358232,0.03538292312369215,0.03803997350024443,0.035599763360579205,0.03414032239059041,0.045728878235148505,0.056166579880500285,0.05413924349349736,0.05469813082180618,0.05141603758987443,0.038256264754012954,0.042408648912930676,0.03726763933788244,0.033155678030028446,0.021757017320371438,0.16048783868786096,0.31278074119426374,0.36869594297024955,-0.2743018700185381,-0.08244356804519354,-0.06223173619880018,-0.005567494093526282,-0.004751214654099947,-0.003767965450063897,-0.003525986572243743,-0.002853137141570406,-0.002351072122964024,-0.0021180936223765922,-0.0022481024369229857,-0.0032966741636328355,-0.003119430431400198,0.0004510412975889014,0.0014592745584215906,0.0015967757592371828,0.0012779626514265476,0.0016700658527345515,0.0023016847932245217,0.004049767185394895,0.0,0.0005936531309830422,0.0011764041143183664,-0.004471189670012675,0.0032717352668906155,0.0051261944125752445,0.014529085855483088,0.0051261944125752254,0.0006861233778616704,-0.00010734482088794522,-0.00045942999528300897,-0.0009678066373363735,-0.0008980783271812672,-0.0007608710071986958,-0.0003649941495441011,0.0006320641679893272,-0.0006987639114940827,-0.0006776760310808888,-0.0006450089804914817,-0.0006291456627431078,-0.0006291456627431303,-0.0006291456627430909,-0.0005998179521191197,-0.0005793460599972546,-0.0005747800029619686,-0.0005689208550225786,-0.0005600059792104635,-0.0005509325258506591,-0.0005431002524314945,-0.0005515028810747277,-0.0005620932909085537,-0.00046619843653384913,-0.00041835005848296967,-0.0004666593352541213,-0.0005067825371872673,-0.0005296210219996834,-0.0005498897248442862,-0.0005067825371872537,-0.0005067825371872589,-0.0005067825371872706,-0.0005067825371872845,-0.0005067825371872706,-0.0005067825371872695,-0.0005067825371872695,-0.0005067825371872589,-0.0005067825371872589,-0.0005067825371872578,0.038319820030077445,0.034167507172466076,0.03417212680860181,0.0011764041143183643,0.0391271770824484,-0.0002725672295552538
线路序号63,0.017683682476947207,0.017719640873913735,0.017668420855010997,0.017595325718146246,0.017580006931657986,0.01766031529853259,0.017691248891699186,0.01740948368882861,0.01740948368882861,0.01740948368882861,0.0177273974613007,0.01774181341899025,0.01797193822208443,0.01802059916124169,0.018789527304650538,0.017666597145302467,0.017504169676582117,0.018290673408035252,0.019058487941908973,0.0167150376696141,0.015014534010487211,0.013071673528328224,0.009886984696748145,0.005513951830283157,0.012902022920396924,0.014189373438529385,0.01355201842004489,0.014016192329003767,0.014528140862510691,0.017087597118094395,0.014707838598025895,0.013480345462784983,0.02250601686557884,0.02953875547706388,0.02834790878986699,0.028676196254986228,0.026748312023551327,0.01798276758609915,0.02326563354113623,0.021277878369569146,0.01968800147172368,0.015280745184061927,0.09198302470695095,0.18314199953749408,0.21661153349116943,0.42146181496822066,-0.16569139546963985,0.09258918383214022,0.004715808846044592,0.004024399436959301,0.0031915623981825037,0.002986600145253135,0.0024166795950158514,0.0019914177777134025,0.0017940790728037878,0.0019041998394184333,0.0027923667133232413,0.0026422367722173084,-0.000382043430198592,-0.0012360425993831214,-0.0013525096073862162,-0.0010824668109696868,-0.0014145881772843333,-0.0019495854555671016,-0.0034302556224555325,0.0,-0.0005028392737456421,-0.009172800353131682,-0.020055619571345957,-0.012773680533032948,-0.011196011155395712,-0.00319656078991118,-0.01119601115539571,-0.014648302733514433,-0.01522358362043465,-0.01485681650941076,-0.014327240583249417,-0.014159621608871987,-0.01382979072380671,-0.012878147514438023,-0.010481332042963643,-0.013680492287340648,-0.01362979940694834,-0.013551271510552182,-0.013513137888135575,-0.013513137888135563,-0.013513137888135577,-0.013442637387482397,-0.013393425273300941,-0.013382448988410296,-0.013368364259178457,-0.013346933905610417,-0.013325122349545752,-0.013306294449735261,-0.013326493419022275,-0.013351951566948501,-0.013121431178563809,-0.01300640908729736,-0.013122539126979787,-0.013218990768240185,-0.013273891903691147,-0.013322615573821913,-0.0132189907682402,-0.013218990768240199,-0.013218990768240199,-0.013218990768240199,-0.013218990768240199,-0.013218990768240185,-0.013218990768240185,-0.013218990768240199,-0.013218990768240199,-0.013218990768240199,0.016984576760085836,0.013510451056362942,0.013515567039585386,-0.009172800353131682,0.01774181341899025,-0.015051471444432208
线路序号64,0.021345867452587708,0.021370298854854006,0.02133549816874304,0.021285274337778923,0.02127542663303582,0.02132999096798828,0.021351008341451386,0.021163553199849746,0.021163553199849784,0.021163553199849746,0.021370176854862907,0.02138536366345823,0.02150530297098572,0.021537491136229287,0.021957078932414702,0.02140119076965417,0.021435368969005487,0.02181426836777963,0.022184164216483854,0.021631458229932902,0.02123039209097381,0.020772165760243478,0.020021052496468936,0.01925383804081093,0.020447324351410105,0.020602662415615182,0.0206530232960243,0.020748965406819454,0.020854782261181825,0.020952376382150275,0.020891924762553818,0.020659976927805513,0.02322286136957011,0.026627824403436588,0.025791334703630497,0.026021934566820167,0.024667725566323243,0.020273497167914028,0.019143015371794483,0.015989760968313563,0.013467676558304865,0.0064762721363096016,0.06850481398091009,0.12963874165676958,0.15208440947907984,0.30423631501324094,0.08324782742444614,-0.15482092003094045,-0.010283302939570926,-0.008775614091059297,-0.00695952784824643,-0.006512586717496913,-0.00526981673658628,-0.004342489900677427,-0.003912172695180376,-0.0041523022763414455,-0.00608904087695613,-0.0057616672036175315,0.0008330847277875007,0.002695317157804718,0.002949285366623402,0.002360429462396248,0.003084654030018893,0.004251270248791642,0.007480022807850456,0.0,0.0010964924047286912,0.010349204467450088,0.015584429901333317,0.016045415799923652,0.016322205567971048,0.017725646645394385,0.01632220556797103,0.01533442611137611,0.015116238799546738,0.014397386514127777,0.013359433945913128,0.01326154328169074,0.013068919716608025,0.012513153364893951,0.011113396210953011,0.012981728375846619,0.012952123375867467,0.012906262530060745,0.012883992225392476,0.01288399222539248,0.012883992225392469,0.01284281943536331,0.012814079213303714,0.012807668985448358,0.012799443404155933,0.012786927926399969,0.01277418982369518,0.012763194197303774,0.012774990537947539,0.01278985827604,0.012655232742029981,0.01258805902881442,0.012655879791725678,0.01271220823105293,0.012744270881691475,0.012772725848977672,0.01271220823105295,0.012712208231052952,0.012712208231052938,0.012712208231052938,0.012712208231052938,0.012712208231052943,0.012712208231052943,0.012712208231052952,0.012712208231052952,0.012712208231052942,0.02133524326999163,0.020657056116103363,0.02065655976901675,0.010349204467450086,0.021385363663458376,0.01477890421487698
线路序号65,0.0458641212851596,0.045884674956007565,0.04585539780524117,0.04581146940309555,0.04580486077266421,0.045850764702712876,0.045868446216509096,0.04572266500612443,0.04572266500612443,0.04572266500612443,0.04586844606647178,0.04589734869098372,0.04588934251754195,0.045913808538387446,0.045959206985962675,0.04611083763006052,0.04657186110641387,0.046425628020204,0.04628286977960716,0.04892679139244693,0.050845329383301774,0.053037298583689996,0.05663032026267678,0.06257635725325195,0.05213723634035694,0.050116595549545506,0.05160468384083372,0.05102913262639652,0.050394343392226704,0.04556750895243189,0.050171527658917636,0.051776969606971646,0.04325777849733625,0.0420150719845751,0.04122944392330219,0.041446022469922905,0.04017415433829419,0.04114705741249314,0.026080267549127623,0.018036115183612922,0.011602117580881699,-0.006233399387675476,0.075600940970323,0.12463111496855313,0.1426328210697777,0.30942315111531515,0.6556905902847858,0.026585012894527388,-0.04898814043959837,-0.041805732852840505,-0.03315416550758715,-0.03102500379660253,-0.02510463067167082,-0.02068698222370953,-0.01863701444386849,-0.019780956396638683,-0.029007293801968703,-0.02744773384540794,0.003968692927045242,0.012840093910654167,0.014049961047109663,0.01124473825979281,0.01469483741927416,0.02025242523908191,0.035633726824512546,0.0,0.005223528299171484,0.058297281836832304,0.10047255435088426,0.08744215218843032,0.08529698640422911,0.0744200894702507,0.08529698640422906,0.0885268720132946,0.08885974899658633,0.08535983626926033,0.08030630374590186,0.07959058496466681,0.07818223510481714,0.07411879944361169,0.06388460099167409,0.07754474346412041,0.07732828917124318,0.07699298172463478,0.07683015439639543,0.07683015439639543,0.07683015439639546,0.07652912324767638,0.07631899170072734,0.0762721238966878,0.07621198329937612,0.07612047751016507,0.07602734401867686,0.07594695048593011,0.07603319836886821,0.0761419024978246,0.07515760002230051,0.07466646546380509,0.07516233086791568,0.07557417118245885,0.07580859436694212,0.07601664029928853,0.07557417118245896,0.07557417118245893,0.07557417118245893,0.07557417118245893,0.07557417118245893,0.07557417118245893,0.07557417118245893,0.07557417118245893,0.07557417118245893,0.07557417118245893,0.04724399223411324,0.05170460249037867,0.05169230481043452,0.058297281836832304,0.04589734869098416,0.0872173509264948
线路序号66,0.08610969664495531,0.08620989126823787,0.08606717159963849,0.08586278805883606,0.08582081468468983,0.08604458624416222,0.08613077973373677,0.08535072480824571,0.08535072480824578,0.08535072480824571,0.0862246637657629,0.08627167293784903,0.08686669631079491,0.08700117684506531,0.08901324561320044,0.08614700045342362,0.08587777366151719,0.08758480733814335,0.08925127783829528,0.08450275190355024,0.08105702667397852,0.0771202145742324,0.07066708958598888,0.06204091650394031,0.07649600471429056,0.07894651300866534,0.07791606190644831,0.07885697851052499,0.07989473799314975,0.08446336414259831,0.08025899927496176,0.07780203695059042,0.09956357721187944,0.10911743000194303,0.11017968857526171,0.10988684972531963,0.11160656022644895,0.0850081817955771,0.1695084129658687,0.20255616853883943,0.22898893242378157,0.30226250787485315,0.07329851171001492,0.021008431110138816,0.0018098318352861445,-0.009661387197916744,-0.013815402414412715,-0.01946807354262696,-0.02208837862415004,-0.018849885862725752,-0.014948960179500216,-0.013988937414760687,-0.01131948635974517,-0.009327602392088333,-0.008403287566456872,-0.00891908226186877,-0.013079167378272864,-0.012375973697139962,0.0017894533499112392,0.0057895003427996545,0.006335020200363865,0.005070166656315841,0.006625790034579163,0.009131663964458926,0.01606697545214715,0.0,0.002355249041721087,0.01550197992966733,0.013869822816308193,0.025967032121186406,0.029079116922128754,0.044858701828315126,0.02907911692212873,0.02120836686520743,0.01974803572845199,0.018297147088759954,0.01620220544315586,0.016179434574319692,0.016134627380803353,0.01600534760934642,0.015679742641721867,0.016114345338589228,0.016107458761847986,0.01609679082621922,0.016091610412023723,0.01609161041202374,0.016091610412023744,0.016082032990021134,0.016075347573878154,0.01607385645663152,0.01607194306035211,0.01606903176840549,0.016066068690483597,0.01606351093925863,0.016066254948891027,0.01606971341264424,0.016038397450072198,0.016022771814828835,0.01603854796374855,0.016051650822063532,0.016059109086015776,0.016065728147526482,0.016051650822063564,0.016051650822063553,0.01605165082206355,0.01605165082206355,0.01605165082206355,0.01605165082206355,0.01605165082206355,0.016051650822063553,0.016051650822063553,0.016051650822063546,0.08483496081295899,0.07784993212765635,0.07785807117735372,0.01550197992966733,0.08627167293784906,0.01906717969363065
线路序号67,0.08610969664495531,0.08620989126823787,0.08606717159963849,0.08586278805883606,0.08582081468468983,0.08604458624416222,0.08613077973373677,0.08535072480824571,0.08535072480824578,0.08535072480824571,0.0862246637657629,0.08627167293784903,0.08686669631079491,0.08700117684506531,0.08901324561320044,0.08614700045342362,0.08587777366151719,0.08758480733814335,0.08925127783829528,0.08450275190355024,0.08105702667397852,0.0771202145742324,0.07066708958598888,0.06204091650394031,0.07649600471429056,0.07894651300866534,0.07791606190644831,0.07885697851052499,0.07989473799314975,0.08446336414259831,0.08025899927496176,0.07780203695059042,0.09956357721187944,0.10911743000194303,0.11017968857526171,0.10988684972531963,0.11160656022644895,0.0850081817955771,0.1695084129658687,0.20255616853883943,0.22898893242378157,0.30226250787485315,0.07329851171001492,0.021008431110138816,0.0018098318352861445,-0.009661387197916744,-0.013815402414412715,-0.01946807354262696,-0.02208837862415004,-0.018849885862725752,-0.014948960179500216,-0.013988937414760687,-0.01131948635974517,-0.009327602392088333,-0.008403287566456872,-0.00891908226186877,-0.013079167378272864,-0.012375973697139962,0.0017894533499112392,0.0057895003427996545,0.006335020200363865,0.005070166656315841,0.006625790034579163,0.009131663964458926,0.01606697545214715,0.0,0.002355249041721087,0.01550197992966733,0.013869822816308193,0.025967032121186406,0.029079116922128754,0.044858701828315126,0.02907911692212873,0.02120836686520743,0.01974803572845199,0.018297147088759954,0.01620220544315586,0.016179434574319692,0.016134627380803353,0.01600534760934642,0.015679742641721867,0.016114345338589228,0.016107458761847986,0.01609679082621922,0.016091610412023723,0.01609161041202374,0.016091610412023744,0.016082032990021134,0.016075347573878154,0.01607385645663152,0.01607194306035211,0.01606903176840549,0.016066068690483597,0.01606351093925863,0.016066254948891027,0.01606971341264424,0.016038397450072198,0.016022771814828835,0.01603854796374855,0.016051650822063532,0.016059109086015776,0.016065728147526482,0.016051650822063564,0.016051650822063553,0.01605165082206355,0.01605165082206355,0.01605165082206355,0.01605165082206355,0.01605165082206355,0.016051650822063553,0.016051650822063553,0.016051650822063546,0.08483496081295899,0.07784993212765635,0.07785807117735372,0.01550197992966733,0.08627167293784906,0.01906717969363065
线路序号68,0.055939474329782544,0.056014959155689895,0.05590743672599424,0.05575286328753441,0.05572183586013169,0.055890421325663124,0.05595535794942359,0.055371907491767326,0.05537190749176736,0.055371907491767326,0.05602036792479238,0.05606150435364651,0.05647115036199654,0.056571538556257635,0.05797828069924336,0.056038587261291566,0.055989098432357165,0.05732659881120242,0.05863231700282749,0.05580924241960994,0.05376070368358255,0.05142020595219688,0.04758371998013168,0.04284842213599205,0.05064142834526704,0.05189321349656868,0.051530122237079465,0.052062003246832717,0.052648627565191834,0.054711368549237256,0.05285453705551711,0.05149189349663167,0.06324038272418371,0.07523415148612307,0.07267906494213835,0.07338344015156104,0.06924696220602891,0.05399490361483642,0.05556647835558157,0.047758277667354555,0.041513002562289625,0.02420063830800278,0.20520996706721453,0.3949545544770886,0.46462035450002925,0.19177023586643788,0.04708874645820757,0.02678368937651864,-0.01730001748983548,-0.014763571408089534,-0.011708295885396142,-0.010956388699122374,-0.008865626369942797,-0.007305546833796588,-0.006581606751021318,-0.006985586481884588,-0.010243840358169916,-0.00969308635357132,0.001401532216441728,0.004534441340947294,0.004961702356230468,0.0039710461923512935,0.005189438547421127,0.0071520843147679725,0.012583945660321125,0.0,0.0018446736316872132,0.014183628321805726,0.01680740667804092,0.023045830033720856,0.024754194601474544,0.03341632480416912,0.024754194601474534,0.0202453407726485,0.019385931369779782,0.018203630982651764,0.01649650457001816,0.016421291369887923,0.016273291201889657,0.01584627432373077,0.014770786525282796,0.01620629870761648,0.016183552036052096,0.016148315366639254,0.016131204226416836,0.016131204226416822,0.016131204226416857,0.01609956957237719,0.016077487343282855,0.016072562116200194,0.016066242082549892,0.016056625954794915,0.016046838775643245,0.016038390408734098,0.01604745399550914,0.016058877456260095,0.01595543942861392,0.01590382725521915,0.01595593658203139,0.015999215910185917,0.01602385089022554,0.016045713946996047,0.015999215910185955,0.015999215910185948,0.015999215910185938,0.01599921591018593,0.015999215910185938,0.015999215910185945,0.015999215910185945,0.015999215910185948,0.015999215910185948,0.015999215910185945,0.05540837827549184,0.051507951141898656,0.05151067989207475,0.014183628321805725,0.056061504353646666,0.01883111528567387
线路序号69,0.021345867452587743,0.021370298854853465,0.021335498168742868,0.021285274337778864,0.0212754266330359,0.02132999096798816,0.021351008341451212,0.021163553199849836,0.021163553199850006,0.021163553199849836,0.021370176854863022,0.02138536366345827,0.021505302970985803,0.021537491136229124,0.02195707893241408,0.021401190769654303,0.021435368969005306,0.021814268367779714,0.02218416421648392,0.021631458229932846,0.021230392090973896,0.020772165760243506,0.02002105249646874,0.019253838040810798,0.02044732435141004,0.02060266241561519,0.020653023296024177,0.020748965406819378,0.020854782261181686,0.02095237638215017,0.020891924762553787,0.02065997692780569,0.023222861369569924,0.02662782440343651,0.025791334703630257,0.026021934566820202,0.02466772556632297,0.020273497167914066,0.019143015371794355,0.01598976096831343,0.0134676765583048,0.00647627213630959,0.06850481398090992,0.1296387416567696,0.1520844094790799,0.3042363150132411,0.08324782742444621,0.8451790799690595,-0.010283302939570863,-0.008775614091059265,-0.006959527848246405,-0.006512586717496909,-0.005269816736586242,-0.00434248990067744,-0.003912172695180363,-0.0041523022763414585,-0.00608904087695612,-0.005761667203617523,0.0008330847277874962,0.0026953171578046986,0.002949285366623409,0.0023604294623962357,0.003084654030018893,0.004251270248791635,0.007480022807850428,0.0,0.001096492404728689,0.010349204467450066,0.015584429901333314,0.01604541579992358,0.016322205567971107,0.017725646645394322,0.016322205567970986,0.015334426111376144,0.015116238799546737,0.01439738651412777,0.013359433945913057,0.013261543281690763,0.013068919716607987,0.012513153364893994,0.011113396210953039,0.012981728375846558,0.012952123375867507,0.01290626253006076,0.012883992225392469,0.012883992225392502,0.012883992225392514,0.012842819435363254,0.012814079213303707,0.012807668985448353,0.012799443404155876,0.012786927926399985,0.01277418982369515,0.012763194197303764,0.012774990537947508,0.012789858276039968,0.01265523274202996,0.01258805902881442,0.012655879791725621,0.012712208231052858,0.012744270881691442,0.012772725848977606,0.012712208231052909,0.012712208231052876,0.012712208231052919,0.012712208231052919,0.012712208231052919,0.012712208231052975,0.012712208231052975,0.012712208231052876,0.012712208231052876,0.012712208231052898,0.021335243269991363,0.020657056116103443,0.020656559769016383,0.010349204467450078,0.021385363663458373,0.014778904214876928
线路序号70,-0.0009910083510221912,-0.0009707944851824567,-0.0009995876093970985,-0.0010411652625354703,-0.0010492891349296292,-0.0010041441148312081,-0.000986754921904565,-0.0011416805086756348,-0.001141680508675782,-0.001141680508676004,-0.0009711248589430554,-0.0009583302796197362,-0.0008606453043447683,-0.0008340508875000562,-0.0004912718003256131,-0.0009423874198737126,-0.0009079592539221512,-0.0006383494444084641,-0.0003751462046249026,-0.000728201785687563,-0.0009843933996383659,-0.0012770975993215538,-0.0017568910812778443,-0.0021989124157919906,-0.0015399413234384377,-0.001471089323413618,-0.0013916987573901135,-0.0013312670069714737,-0.001264615380485645,-0.001316082202939032,-0.0012412201648266128,-0.0013816204328101936,0.0007349416803228765,0.0024168744441005687,0.0022964278346043533,0.0023296320350603764,0.002134638740227604,-0.001973617274844801,0.006720005840650958,0.009337125742307774,0.011430390813405227,0.017233076328768582,0.00991146433916768,0.02085240639895083,0.024869435248121255,0.026341343386235807,0.025173670580998637,0.030130614561351448,0.031143091780099334,-0.7638421032377034,-0.05760110725153779,-0.06862256864776252,-0.09926897916277487,-0.12213663716174453,-0.1294900913338066,-0.13516638476835904,-0.39852316882793704,-0.0906986945124248,-0.07081316072262883,-0.04013833639583757,-0.03906270197698088,-0.03274021122408497,-0.04772424485370656,-0.035761076009705406,-0.013976202092139782,0.0,-0.015208839538877004,-0.010425991209601802,-0.003913382097794543,-0.004047406106366834,-0.0038879370273501527,-0.0030793614154339248,-0.0038879370273501154,-0.004644027588771501,-0.004827117779138964,-0.005624558348114974,-0.00677598473063636,-0.006894680518182887,-0.007128243196903331,-0.007802128958457689,-0.009499382512519479,-0.00723396568781839,-0.0072698627656016266,-0.0073254706139477856,-0.007352474122121859,-0.0073524741221218685,-0.0073524741221219015,-0.007402397542060075,-0.007437246046958057,-0.007445018668072512,-0.0074549924674872856,-0.0074701679134868216,-0.0074856132998717346,-0.007498945873968179,-0.007484642406380175,-0.007466614764051451,-0.007629852841044069,-0.007711303272051727,-0.007629068271097328,-0.007560768106619714,-0.007521891043126427,-0.007487388419424004,-0.007560768106619705,-0.00756076810661969,-0.007560768106619709,-0.007560768106619686,-0.007560768106619709,-0.007560768106619709,-0.007560768106619709,-0.00756076810661969,-0.00756076810661969,-0.007560768106619714,-0.0009691227094544897,-0.0013858537441646405,-0.0013865731304077372,-0.010425991209601807,-0.0009583302796195892,-0.005201331353458454
线路序号71,-0.0011992079360054894,-0.0011747473668211731,-0.0012095895990022413,-0.0012599022442523304,-0.0012697328498528452,-0.0012151033744126857,-0.0011940609097988947,-0.0013815346005654817,-0.0013815346005655732,-0.0013815346005656842,-0.0011751471483519465,-0.001159664573410291,-0.0010414570956858494,-0.0010092754942898653,-0.0005944824189208813,-0.0011403723001305191,-0.0010987111680237991,-0.0007724594034848252,-0.0004539601561225866,-0.0008811886998821497,-0.0011912032585591939,-0.0015454012820175472,-0.002125993918408621,-0.0026608789087178395,-0.0018634654835599147,-0.0017801484613025678,-0.001684078840172419,-0.0016109510662094678,-0.0015302966909498008,-0.0015925761075290066,-0.0015019864065265592,-0.0016718831742074402,0.0008893445697356015,0.0029246322805492747,0.0027788812080950577,0.002819061233474482,0.0025831020648256395,-0.0023882518206729073,0.008131802649087014,0.01129874968067009,0.013831785938975624,0.020853549694032063,0.011993750285456463,0.025233259853595945,0.030094220783055462,0.03187536008271609,0.03046237249966148,0.03646071404082072,0.037685901209520624,-0.011026243076458239,-0.5221368217266598,-0.4594456873566695,-0.28512595148093123,-0.15505250942074736,-0.15543860463972808,-0.1604015153151116,-0.09782713847966532,-0.3677821123439279,-0.08569020051606405,-0.04857094442673917,-0.047269331448399746,-0.039618557286535745,-0.05775056598603464,-0.043274071410889896,-0.016912443216869157,0.0,-0.018404043773836965,-0.012616373400262653,-0.004735539174271499,-0.004897720102948174,-0.004704748383883393,-0.0037263002308786735,-0.004704748383883356,-0.005619684974134919,-0.005841240331430342,-0.006806214095598986,-0.008199542067276683,-0.00834317448999978,-0.008625806031487127,-0.009441267528237674,-0.01149509475314898,-0.008753739615486455,-0.00879717826109689,-0.008864468686018206,-0.008897145324180658,-0.008897145324180705,-0.008897145324180683,-0.008957557086927833,-0.008999726866414082,-0.009009132426835867,-0.009021201608087415,-0.009039565242719098,-0.009058255529141336,-0.009074389125439817,-0.009057080661967983,-0.00903526561699307,-0.00923279815764812,-0.009331360397971042,-0.009231848758477601,-0.009149199506140205,-0.009102154813709901,-0.009060403581125169,-0.009149199506140224,-0.0091491995061402,-0.009149199506140198,-0.009149199506140198,-0.009149199506140198,-0.009149199506140198,-0.009149199506140198,-0.0091491995061402,-0.0091491995061402,-0.009149199506140212,-0.0011727243700236083,-0.0016770058561367397,-0.0016778763772486722,-0.012616373400262667,-0.001159664573410513,-0.006294071922225593
线路序号72,-0.0003757131792683749,-0.0003680496557563644,-0.0003789657658258216,-0.0003947287735050525,-0.0003978087131665362,-0.0003806932377904644,-0.0003741006102384764,-0.00043283632593219353,-0.0004328363259326935,-0.0004328363259326935,-0.00036817490775416077,-0.00036332419981626796,-0.00032628966565785924,-0.0003162071341704094,-0.00018625200261468636,-0.0003572799091544085,-0.00034422743015914583,-0.00024201238969976673,-0.00014222622148981625,-0.0002760773991142539,-0.00037320530492854394,-0.00048417593936941504,-0.0006660762576795375,-0.0008336563196679135,-0.0005838258072408991,-0.0005577224915604064,-0.0005276237724792843,-0.000504712759615687,-0.0004794436541990697,-0.0004989558646369899,-0.0004705740106225017,-0.0005238028567772987,0.0002786326422050612,0.0009162905442247519,0.0008706265712225463,0.0008832150178340446,0.0008092887480277863,-0.0007482419499585965,0.002547702808457282,0.00353991083351374,0.00433351390871061,0.00653344029785968,0.00375765529548657,0.007905608358898681,0.009428552821056141,0.009986585743376014,0.009543895163069409,0.011423182235070953,0.011807034736820094,-0.0022884397018890666,0.1578731131158789,-0.7084621720770139,-0.33679242937357845,-0.059460878243186126,-0.046815571439518776,-0.04551206211633477,-0.027405375536822905,0.07108739145892852,-0.026846835066336356,-0.015217330875499632,-0.014809534082643135,-0.012412538033896036,-0.018093316513175795,-0.01355781467215995,-0.005298687258024832,0.0,-0.005766007370436836,-0.003952723809400624,-0.0014836496868508016,-0.0015344611520692066,-0.0014740028979981703,-0.0011674540041167146,-0.0014740028979981841,-0.0017606535486760354,-0.0018300670883753777,-0.0021323944412577653,-0.002568925643468341,-0.002613925841154899,-0.0027024746172478686,-0.0029579596105652126,-0.0036014259629587654,-0.0027425563513130014,-0.002756165727264819,-0.002777247892185926,-0.002787485519242388,-0.0027874855192423498,-0.002787485519242402,-0.0028064125916587262,-0.002819624430443456,-0.0028225712029778505,-0.0028263524908789645,-0.0028321058380201334,-0.002837961525530495,-0.002843016199183311,-0.0028375934383392002,-0.0028307587605011808,-0.0028926459250458035,-0.0029235255844909103,-0.0028923484772303567,-0.0028664543746085417,-0.0028517152201799414,-0.0028386345126046354,-0.002866454374608514,-0.0028664543746085296,-0.002866454374608474,-0.002866454374608474,-0.002866454374608474,-0.0028664543746085036,-0.0028664543746085036,-0.0028664543746085296,-0.0028664543746085296,-0.002866454374608474,-0.00036741584861131637,-0.0005254077987193322,-0.0005256805339511871,-0.003952723809400624,-0.00036332419981626796,-0.00197193972909381
线路序号73,-0.000375713179269309,-0.00036804965575636486,-0.00037896576582604314,-0.0003947287735055497,-0.00039780871316690095,-0.0003806932377907844,-0.0003741006102383624,-0.0004328363259326043,-0.00043283632593244095,-0.00043283632593269563,-0.000368174907754385,-0.00036332419981653495,-0.0003262896656577797,-0.0003162071341705831,-0.00018625200261489534,-0.0003572799091544323,-0.0003442274301591582,-0.00024201238970035938,-0.00014222622148974353,-0.0002760773991141383,-0.00037320530492875487,-0.00048417593936939747,-0.0006660762576794199,-0.0008336563196680392,-0.0005838258072409298,-0.0005577224915608094,-0.0005276237724794846,-0.0005047127596152365,-0.0004794436541991748,-0.0004989558646368682,-0.00047057401062240435,-0.0005238028567771092,0.00027863264220468235,0.0009162905442247999,0.0008706265712225497,0.0008832150178340152,0.000809288748027701,-0.0007482419499586063,0.0025477028084572215,0.0035399108335136794,0.004333513908710481,0.006533440297859681,0.0037576552954862517,0.007905608358898622,0.009428552821056136,0.009986585743376044,0.0095438951630694,0.011423182235070904,0.011807034736820063,-0.0022884397018890536,0.15787311311587904,0.29153782792298627,-0.3367924293735784,-0.059460878243186084,-0.0468155714395187,-0.04551206211633491,-0.027405375536822835,0.07108739145892838,-0.026846835066336356,-0.01521733087549963,-0.014809534082643124,-0.012412538033896033,-0.018093316513175785,-0.013557814672159954,-0.005298687258024845,0.0,-0.005766007370436835,-0.003952723809400675,-0.0014836496868507805,-0.001534461152069245,-0.0014740028979981583,-0.0011674540041166778,-0.0014740028979982026,-0.0017606535486759827,-0.001830067088375441,-0.0021323944412577427,-0.0025689256434683464,-0.002613925841154945,-0.002702474617247876,-0.0029579596105652403,-0.003601425962958797,-0.002742556351313011,-0.0027561657272648183,-0.0027772478921859445,-0.00278748551924236,-0.002787485519242366,-0.0027874855192423584,-0.0028064125916587124,-0.0028196244304434484,-0.0028225712029778982,-0.0028263524908789146,-0.0028321058380201794,-0.0028379615255305327,-0.00284301619918336,-0.0028375934383392328,-0.0028307587605011686,-0.0028926459250458074,-0.0029235255844909354,-0.0028923484772304347,-0.002866454374608496,-0.0028517152201799094,-0.0028386345126046155,-0.0028664543746085066,-0.0028664543746085053,-0.002866454374608484,-0.0028664543746084944,-0.002866454374608484,-0.0028664543746084806,-0.0028664543746084806,-0.0028664543746085053,-0.0028664543746085053,-0.002866454374608484,-0.00036741584861135047,-0.0005254077987194818,-0.0005256805339514471,-0.003952723809400675,-0.00036332419981653495,-0.0019719397290938637
线路序号74,-0.0003757131792705426,-0.00036804965575698567,-0.000378965765825523,-0.0003947287735053262,-0.00039780871316663635,-0.0003806932377903305,-0.00037410061023823715,-0.00043283632593260624,-0.00043283632593271726,-0.0004328363259324952,-0.000368174907753982,-0.0003633241998164394,-0.0003262896656574039,-0.0003162071341700212,-0.00018625200261501718,-0.0003572799091546841,-0.0003442274301590498,-0.00024201238970011918,-0.0001422262214897385,-0.00027607739911417184,-0.000373205304928681,-0.00048417593936933567,-0.0006660762576793378,-0.0008336563196680302,-0.0005838258072410341,-0.0005577224915610982,-0.0005276237724793909,-0.0005047127596152778,-0.0004794436541989411,-0.0004989558646371073,-0.00047057401062244875,-0.0005238028567772224,0.0002786326422047347,0.0009162905442247626,0.0008706265712224992,0.0008832150178341158,0.0008092887480279365,-0.0007482419499584281,0.002547702808457329,0.0035399108335137375,0.004333513908710507,0.006533440297859711,0.003757655295486495,0.007905608358898697,0.009428552821056136,0.009986585743376042,0.009543895163069388,0.01142318223507089,0.011807034736820057,-0.002288439701889078,0.15787311311587907,0.291537827922986,0.6632075706264215,-0.05946087824318619,-0.0468155714395187,-0.045512062116334795,-0.02740537553682293,0.07108739145892834,-0.02684683506633634,-0.01521733087549964,-0.01480953408264312,-0.01241253803389606,-0.018093316513175785,-0.013557814672159964,-0.005298687258024864,0.0,-0.005766007370436834,-0.003952723809400649,-0.001483649686850802,-0.0015344611520692886,-0.0014740028979982056,-0.0011674540041166637,-0.00147400289799815,-0.0017606535486759944,-0.0018300670883754366,-0.0021323944412577484,-0.00256892564346832,-0.002613925841154899,-0.0027024746172478573,-0.0029579596105652056,-0.0036014259629587875,-0.0027425563513130136,-0.002756165727264809,-0.0027772478921859606,-0.0027874855192423498,-0.0027874855192423637,-0.002787485519242336,-0.0028064125916587024,-0.0028196244304434653,-0.0028225712029778527,-0.0028263524908788695,-0.0028321058380201447,-0.00283796152553048,-0.0028430161991833125,-0.0028375934383392393,-0.0028307587605011786,-0.002892645925045803,-0.002923525584490924,-0.0028923484772304386,-0.0028664543746084736,-0.002851715220179893,-0.002838634512604604,-0.0028664543746084736,-0.0028664543746085153,-0.002866454374608497,-0.0028664543746084875,-0.0028664543746085014,-0.0028664543746084875,-0.0028664543746084875,-0.0028664543746085153,-0.0028664543746085153,-0.0028664543746085014,-0.00036741584861144094,-0.0005254077987192352,-0.0005256805339511894,-0.003952723809400649,-0.0003633241998164394,-0.001971939729093846
线路序号75,-0.0010160883559004682,-0.0009953629264065303,-0.0010248847343846629,-0.001067514616541553,-0.001075844084336079,-0.0010295565538610838,-0.0010117272828634285,-0.0011705736584638178,-0.0011705736584639618,-0.00117057365846401,-0.00099570166112108,-0.0009825832821937872,-0.0008824261383906281,-0.000855158681704479,-0.0005037046916694075,-0.0009662369475425137,-0.0009309374886611163,-0.0006545045122878476,-0.0003846402403035381,-0.0007466307972278972,-0.0010093059962268088,-0.001309417825471538,-0.0018013537105225346,-0.002254561527183537,-0.0015789134833244652,-0.0015083190070686525,-0.001426919259405849,-0.0013649581287413532,-0.0012966197121136956,-0.0013493890343459674,-0.0012726324205932108,-0.00141658587700624,0.0007535412621622311,0.0024780396429475602,0.0023545448234634702,0.0023885893412674036,0.002188661241616219,-0.00202356471558103,0.006890072802341739,0.009573425627095416,0.011719666132902035,0.017669203469326954,0.010162299333368499,0.021380129958171117,0.025498820012346806,0.027007978556319985,0.025810754799648502,0.030893146945077343,0.031931247493396105,-0.007953304812578499,-0.059436095954170425,-0.07393628032518894,-0.11425567054052116,-0.14434108709263452,-0.1294591352327649,-0.13025886015510166,-0.07902418259184175,-0.0896566107675055,-0.07260526914892866,-0.04115413981625533,-0.04005128371309618,-0.03356878613607545,-0.048932029119630356,-0.03666610164331,-0.014329905687366886,0.0,-0.015593738182204385,-0.010689847624265154,-0.004012420256255793,-0.004149836085679375,-0.003986331233123872,-0.003157292544109885,-0.00398633123312385,-0.004761556602995258,-0.0049492803596318915,-0.005766902204920771,-0.0069474683815330595,-0.007069168070033257,-0.007308641650630369,-0.007999581817599192,-0.009739788720512529,-0.0074170397199955565,-0.007453845265285634,-0.007510860412678606,-0.007538547313798946,-0.007538547313798971,-0.007538547313798954,-0.007589734173761962,-0.0076254646093439895,-0.0076334339365460085,-0.007643660148503749,-0.007659219648037566,-0.007675055919489674,-0.007688725908526211,-0.007674060455051248,-0.007655576577053996,-0.007822945811733782,-0.007906457554540683,-0.007822141386234834,-0.007752112711138111,-0.007712251763966087,-0.007676875962989331,-0.007752112711138111,-0.0077521127111381295,-0.007752112711138097,-0.007752112711138097,-0.007752112711138097,-0.007752112711138097,-0.007752112711138097,-0.0077521127111381295,-0.0077521127111381295,-0.007752112711138104,-0.000993648842111157,-0.0014209263231481637,-0.0014216639153028106,-0.010689847624265168,-0.0009825832821938982,-0.005332964367030857
线路序号76,-0.0010091049307740167,-0.0009885219440944305,-0.0010178408530486713,-0.0010601777463247763,-0.0010684499669179747,-0.001022480563800204,-0.001004773830747533,-0.0011625284786805992,-0.0011625284786806866,-0.0011625284786807898,-0.0009888583507353537,-0.0009758301324880155,-0.0008763613539343537,-0.0008492813024487494,-0.000500242803754171,-0.0009595961437793006,-0.0009245392928627607,-0.0006500061994885922,-0.00038199666476879416,-0.0007414993140854337,-0.0010023691852562187,-0.001300418390244931,-0.001788973272649538,-0.002239066258955468,-0.0015680618442638237,-0.0014979525534118494,-0.0014171122541865588,-0.0013555769732173457,-0.0012877082364290417,-0.0013401148829071672,-0.0012638858060186897,-0.0014068498915972647,0.000748362284415385,0.002461008442652384,0.002338362384814238,0.002372172919677944,0.002173618896313018,-0.002009657054305549,0.006842718350091978,0.00950762888739029,0.01163911859934257,0.017547765644795484,0.010092455351695872,0.021233187484231794,0.025323570390268824,0.026822356710572082,0.02563336129587085,0.03068082291109056,0.03171178874773703,-0.007898642923832253,-0.05902760044933077,-0.0734281271958062,-0.11347040820003648,-0.14334905212979854,-0.12856938172601048,-0.12936361025712845,-0.07848106106200092,-0.08904041412992815,-0.07210626386268174,-0.04087129349449413,-0.03977601715836699,-0.0333380728292983,-0.048595726513997156,-0.036414100944730556,-0.014231418363055087,0.0,-0.015486564723907447,-0.010616377881143054,-0.0039848434847351375,-0.004121314875468524,-0.0039589337676041135,-0.003135592938995711,-0.003958933767604106,-0.004728831128060577,-0.0049152646870570995,-0.005727267138220284,-0.006899719457948643,-0.007020582722472885,-0.007258410436536684,-0.007944601873835624,-0.009672848591849215,-0.007366063501988719,-0.0074026160882046345,-0.007459239378914486,-0.00748673599205462,-0.0074867359920546455,-0.007486735992054636,-0.007537571052292808,-0.007573055917870835,-0.007580970473064594,-0.007591126401778636,-0.007606578963171329,-0.007622306394269817,-0.00763588243149167,-0.007621317771511377,-0.007602960930476306,-0.007769179861137675,-0.00785211764007649,-0.007768380964336314,-0.0076988335859756495,-0.007659246597203429,-0.007624113928879444,-0.00769883358597565,-0.007698833585975668,-0.007698833585975636,-0.007698833585975636,-0.007698833585975636,-0.007698833585975636,-0.007698833585975636,-0.007698833585975668,-0.007698833585975668,-0.0076988335859756426,-0.000986819640447192,-0.0014111605064942236,-0.001411893029286945,-0.010616377881143068,-0.000975830132488071,-0.005296311690968792
线路序号77,-0.00030085187974018146,-0.0002947153224362696,-0.000303456384541009,-0.0003160785941214843,-0.00031854485212834524,-0.00030483965565520987,-0.000299560617013286,-0.0003465931712317564,-0.0003465931712319012,-0.00034659317123207173,-0.00029481561782354886,-0.00029093141923384954,-0.00026127606022181333,-0.0002532024851706067,-0.00014914106872977506,-0.00028609146070271364,-0.0002756397037301889,-0.0001937911321165891,-0.00011388747705560174,-0.0002210686477347102,-0.00029884370235576895,-0.0003877033053972193,-0.0005333597681149176,-0.00066754930268013,-0.00046749781812446226,-0.00044659561925800066,-0.00042249410588820514,-0.0004041481396908135,-0.00038391393369677045,-0.0003995383129097624,-0.0003768115771923173,-0.0004194345122015866,0.000223114755588345,0.0007337185593376959,0.0006971531874738791,0.0007072333710687568,0.0006480369987812996,-0.0005991538481106463,0.0020400699821946085,0.002834579373671131,0.0034700560886599618,0.005231644518300702,0.003008937991632873,0.006330406454959632,0.007549902414803775,0.007996746611121392,0.007642262657464806,0.00914709953670757,0.009454468969205468,0.0016329731596005771,0.008706307088012245,0.019223195914824638,0.048466585764890054,0.07028734149399077,-0.17328682769120493,-0.02235156053315051,-0.012304266713897572,-0.004546278561611562,-0.021497571127195178,-0.012185259530733942,-0.011858716735718674,-0.00993932501143457,-0.014488201596491971,-0.010856403912189838,-0.0042429174958125305,0.0,-0.004617123517897526,-0.003165138871259335,-0.0011880307154309387,-0.0012287179355413807,-0.0011803060607745548,-0.000934837399984597,-0.0011803060607744797,-0.0014098412270753175,-0.0014654240361174665,-0.0017075123029923682,-0.002057064141992119,-0.0020930979965643804,-0.0021640033233032473,-0.0023685826266811347,-0.0028838375401320174,-0.0021960987240027506,-0.002206996415548033,-0.0022238779339388455,-0.0022320757015816513,-0.0022320757015816674,-0.0022320757015816526,-0.0022472315322222057,-0.0022578108963555994,-0.0022601705209443976,-0.0022631983827167165,-0.0022678053685712186,-0.0022724943033540744,-0.002276541827246843,-0.002272199557975144,-0.0022667266978561645,-0.002316282770978779,-0.0023410096214125688,-0.002316044589995747,-0.0022953099182359215,-0.0022835075579242035,-0.0022730331969501878,-0.0022953099182359145,-0.0022953099182359067,-0.0022953099182359657,-0.0022953099182359657,-0.0022953099182359657,-0.0022953099182359657,-0.0022953099182359657,-0.0022953099182359067,-0.0022953099182359067,-0.0022953099182359657,-0.00029420780212153044,-0.00042071966754556256,-0.000420938059956931,-0.0031651388712593104,-0.00029093141923384954,-0.0015790283837923819
线路序号78,-0.0009843789410733544,-0.0009643002971028002,-0.0009929008079792283,-0.0010342003249094965,-0.0010422698521696371,-0.0009974268323989079,-0.000980153965520963,-0.0011340431682683738,-0.0011340431682677274,-0.0011340431682674043,-0.0009646284608049713,-0.0009519194715930198,-0.0008548879658371295,-0.0008284714539401817,-0.00048798540808045135,-0.0009360832625662066,-0.0009018854059008368,-0.0006340791674198362,-0.0003726366415339575,-0.0007233304360586591,-0.0009778082408034303,-0.001268554378143613,-0.0017451382527521998,-0.002184202658971894,-0.0015296397933615958,-0.0014612483829311127,-0.0013823889048721377,-0.001322361416282699,-0.0012561556598600396,-0.0013072781919097056,-0.001232916947904694,-0.0013723779998526882,0.0007300252437594878,0.0024007066171850867,0.002281065742524602,0.0023140478214851556,0.002120358946023427,-0.00196041464341486,0.006675051957519442,0.009274664478232851,0.011353926526772879,0.017117794628478025,0.009845161002516,0.02071291297253303,0.024703069665681757,0.026165131385803512,0.025005269798006775,0.029929054003552256,0.03093475819506717,-0.07166597688528996,-0.04579967191256613,0.04008413837631858,0.2788937129040874,0.45708801316333897,-0.22873087409518386,-0.3862900395120235,-0.2544917548210327,-0.19108903351732,-0.07033945182612686,-0.0398698285810831,-0.03880138968334701,-0.03252119361250063,-0.04740499064819814,-0.035521850141499424,-0.013882707447884406,0.0,-0.015107099092305855,-0.01035624591451216,-0.0038872032929478553,-0.004020330739856629,-0.003861928438832649,-0.0030587618420900844,-0.0038619284388327698,-0.004612961086981019,-0.004794826484510965,-0.005586932526852523,-0.006730656373355078,-0.006848558138293836,-0.007080558385431462,-0.007749936147664588,-0.009435835822023819,-0.007185573639386659,-0.007221230581509683,-0.007276466437810562,-0.0073032893043930526,-0.0073032893043928505,-0.007303289304393194,-0.0073528787586115505,-0.007387494142340759,-0.007395214768038948,-0.00740512184712285,-0.007420195776064005,-0.007435537839608057,-0.007448781224648379,-0.007434573440967149,-0.007416666395635401,-0.007578812481696886,-0.0076597180451489786,-0.007578033160178178,-0.0075101898937572666,-0.007471572900717989,-0.007437301084391363,-0.007510189893757206,-0.007510189893757206,-0.0075101898937575086,-0.0075101898937575086,-0.0075101898937575086,-0.0075101898937575086,-0.0075101898937575086,-0.007510189893757206,-0.007510189893757206,-0.0075101898937575086,-0.0009626397048195954,-0.001376582992215041,-0.001377297566081495,-0.01035624591451198,-0.0009519194715930198,-0.005166536734624229
线路序号79,0.0007860535768468972,0.0007700202290672095,0.0007928585212485121,0.0008258373179806508,0.0008322810567715776,0.0007964726758548436,0.0007826798180205999,0.000905564566166822,0.0009055645661676483,0.0009055645661685057,0.0007702822767834013,0.0007601338004053537,0.0006826514823806705,0.0006615571732742774,0.00038966972927363403,0.0007474881532566193,0.0007201802269782822,0.000506329602105441,0.0002975605762381791,0.0005775991874500528,0.0007808066925096037,0.0010129754556499767,0.0013935407478109167,0.0017441457156495612,0.0012214593188602622,0.001166846902287812,0.0011038754466721242,0.0010559418510350542,0.0010030747391196692,0.0010438974827790331,0.0009845179903980464,0.00109588146450628,-0.0005829451749792711,-0.001917030062983884,-0.001821493543926451,-0.00184783063836924,-0.001693164760219725,0.0015654448487949961,-0.005330212022969855,-0.007406073904068239,-0.009066421664740325,-0.013669028393502931,-0.007861631022146928,-0.01653982897204991,-0.01972607850459381,-0.020893574878931058,-0.019967393596807756,-0.023899170298761603,-0.024702252672843306,-0.052970945803859734,-0.06972998529056101,-0.06465406819101066,-0.05053991094991357,-0.040008246219553345,0.6666886668979597,-0.13965659255934326,-0.10334335111710621,-0.09956810435658738,0.0561679810432576,0.0318371513823541,0.030983973625122244,0.025969064854903443,0.03785418491269468,0.02836517137354319,0.011085722571301323,0.0,0.012063432873101599,0.008269746338704885,0.0031040384194247384,0.0032103443362347553,0.003083855755358083,0.002442505204433936,0.00308385575535783,0.003683575918778823,0.0038288004255910184,0.00446131882053759,0.005374613673728556,0.00546876146598631,0.005654020024945043,0.006188536522924331,0.0075347736415237,0.005737877584824616,0.005766350630849641,0.005810457976714366,0.005831876771183378,0.005831876771183513,0.005831876771183302,0.005871475310156843,0.005899116643244048,0.005905281774569306,0.0059131928488773315,0.0059252297944750515,0.005937480852905723,0.005948056059003994,0.00593671075414613,0.005922411487424642,0.0060518895833109225,0.006116494894218228,0.006051267273708556,0.005997092565158748,0.0059662558373101745,0.005938888852214759,0.005997092565158805,0.0059970925651587625,0.005997092565158881,0.005997092565158881,0.005997092565158881,0.005997092565158881,0.005997092565158881,0.0059970925651587625,0.0059970925651587625,0.005997092565158881,0.0007686942005941651,0.0010992392662125317,0.0010998098730385284,0.00826974633870489,0.0007601338004053537,0.0041256212528781675
线路序号80,0.0009910083510216974,0.0009707944851827712,0.0009995876093958846,0.0010411652625355104,0.001049289134929013,0.0010041441148307278,0.0009867549219037374,0.0011416805086757731,0.0011416805086758516,0.0011416805086756426,0.0009711248589428737,0.0009583302796199988,0.0008606453043447861,0.0008340508875010889,0.0004912718003258703,0.0009423874198734891,0.0009079592539224182,0.0006383494444083554,0.00037514620462521887,0.0007282017856871933,0.0009843933996377219,0.001277097599321474,0.0017568910812778937,0.0021989124157921645,0.0015399413234382067,0.0014710893234135658,0.001391698757389674,0.0013312670069710523,0.0012646153804859517,0.0013160822029389524,0.0012412201648263153,0.0013816204328103612,-0.000734941680323029,-0.002416874444100558,-0.002296427834604563,-0.0023296320350604254,-0.002134638740227654,0.001973617274844627,-0.00672000584065105,-0.009337125742307729,-0.011430390813405404,-0.01723307632876875,-0.009911464339167881,-0.020852406398950765,-0.024869435248121293,-0.026341343386235772,-0.025173670580998644,-0.03013061456135147,-0.031143091780099302,-0.23615789676229662,0.05760110725153777,0.06862256864776244,0.099268979162775,0.12213663716174454,0.12949009133380657,0.13516638476835902,-0.6014768311720631,0.09069869451242478,0.0708131607226288,0.040138336395837595,0.0390627019769809,0.03274021122408498,0.047724244853706556,0.035761076009705385,0.01397620209213968,0.0,0.015208839538877006,0.010425991209601764,0.003913382097794548,0.004047406106366806,0.0038879370273500508,0.003079361415433986,0.0038879370273500182,0.004644027588771354,0.0048271177791389345,0.005624558348114873,0.006775984730636303,0.006894680518182836,0.007128243196903345,0.007802128958457716,0.009499382512519455,0.007233965687818348,0.007269862765601567,0.007325470613947659,0.007352474122121818,0.0073524741221217965,0.007352474122121813,0.007402397542059941,0.007437246046958,0.007445018668072474,0.0074549924674872725,0.0074701679134868155,0.007485613299871738,0.007498945873968166,0.007484642406380114,0.007466614764051404,0.0076298528410440256,0.0077113032720518134,0.007629068271097362,0.007560768106619656,0.0075218910431264045,0.007487388419423943,0.007560768106619648,0.007560768106619694,0.007560768106619652,0.00756076810661967,0.007560768106619652,0.007560768106619652,0.007560768106619652,0.007560768106619694,0.007560768106619694,0.007560768106619652,0.0009691227094541384,0.0013858537441642689,0.0013865731304070353,0.010425991209601755,0.0009583302796199988,0.005201331353458383
线路序号81,-0.0009910083510219067,-0.0009707944851825679,-0.000999587609396191,-0.001041165262535706,-0.0010492891349292075,-0.0010041441148307296,-0.0009867549219039933,-0.00114168050867561,-0.0011416805086754914,-0.0011416805086758022,-0.0009711248589424825,-0.0009583302796197105,-0.0008606453043447596,-0.00083405088750081,-0.0004912718003258055,-0.0009423874198730779,-0.0009079592539221144,-0.000638349444408063,-0.0003751462046252071,-0.000728201785687437,-0.0009843933996374148,-0.0012770975993217565,-0.0017568910812779423,-0.002198912415792044,-0.0015399413234378383,-0.0014710893234134088,-0.001391698757389821,-0.001331267006970812,-0.0012646153804853992,-0.0013160822029389956,-0.001241220164826403,-0.0013816204328103436,0.0007349416803231343,0.002416874444100651,0.0022964278346045263,0.0023296320350603174,0.0021346387402276083,-0.0019736172748448634,0.00672000584065102,0.00933712574230764,0.011430390813405496,0.01723307632876864,0.00991146433916788,0.02085240639895072,0.024869435248121286,0.026341343386235755,0.02517367058099861,0.03013061456135146,0.031143091780099275,0.23615789676229654,-0.05760110725153778,-0.06862256864776248,-0.09926897916277497,-0.12213663716174454,-0.1294900913338066,-0.13516638476835907,-0.398523168827937,-0.09069869451242474,-0.07081316072262883,-0.04013833639583758,-0.0390627019769809,-0.03274021122408498,-0.04772424485370654,-0.035761076009705385,-0.013976202092139725,0.0,-0.015208839538876999,-0.010425991209601753,-0.003913382097794574,-0.0040474061063667955,-0.0038879370273500243,-0.0030793614154340657,-0.0038879370273500447,-0.004644027588771411,-0.004827117779138977,-0.005624558348114949,-0.006775984730636374,-0.006894680518182844,-0.007128243196903373,-0.0078021289584576875,-0.00949938251251944,-0.007233965687818394,-0.007269862765601584,-0.007325470613947682,-0.007352474122121782,-0.007352474122121828,-0.007352474122121776,-0.0074023975420600095,-0.007437246046958038,-0.00744501866807248,-0.0074549924674872535,-0.0074701679134868216,-0.007485613299871709,-0.0074989458739681755,-0.007484642406380136,-0.007466614764051406,-0.007629852841044052,-0.007711303272051757,-0.007629068271097336,-0.007560768106619667,-0.007521891043126405,-0.007487388419423992,-0.007560768106619681,-0.007560768106619673,-0.007560768106619645,-0.007560768106619646,-0.007560768106619645,-0.007560768106619645,-0.007560768106619645,-0.007560768106619673,-0.007560768106619673,-0.007560768106619659,-0.0009691227094544618,-0.001385853744164415,-0.0013865731304074126,-0.010425991209601753,-0.0009583302796199325,-0.005201331353458393
线路序号82,0.0008234947567347828,0.0008066977110643293,0.0008306238331758971,0.0008651734707469438,0.0008719241366859299,0.0008344101366216549,0.0008199602995599955,0.0009486982746326006,0.0009486982746325353,0.0009486982746326137,0.0008069722405965241,0.0007963403735939562,0.0007151674300280432,0.0006930683601190759,0.0004082304163055366,0.0007830923909758619,0.000754483737864552,0.0005304470137842855,0.00031173393463266403,0.0006051113007677528,0.0008179979536299442,0.0010612253426479138,0.0014599176607289447,0.0018272225890498357,0.0012796396763185994,0.001222425969741601,0.0011564550676927733,0.0011062383065938274,0.0010508530367500503,0.001093620242891898,0.0010314123959038754,0.0011480803174302421,-0.0006107119275310011,-0.0020083417363245108,-0.001908254636872494,-0.0019358462156406375,-0.001773813316798079,0.0016400098707142925,-0.005584099840629949,-0.007758838847156552,-0.009498272030265282,-0.014320109396172407,-0.00823609498997012,-0.01732765149469729,-0.020665667961999326,-0.02188877433934002,-0.02091847733659203,-0.025037531805749795,-0.02587886647270055,0.008737803374569277,-0.31999006515746087,-0.24901648472034416,-0.051666477892646896,0.09559163117756135,0.10862303320020943,0.11488945319877683,0.07042176294284261,-0.5611304961971433,0.05884336544972766,0.03335361355123956,0.03245979736575662,0.027206019252639685,0.039657249472858834,0.029716256738729924,0.011613755958844233,0.0,0.012638036403400133,0.008663649590861962,0.0032518894874206798,0.003363258950878767,0.00323074548588503,0.002558846226761724,0.003230745485885033,0.003859031425458851,0.004011173243054844,0.004673819654341158,0.00563061642380826,0.005729248648844822,0.005923331414239256,0.006483307917672433,0.007893668790190156,0.006011183264173375,0.0060410125338320195,0.006087220793832133,0.006109659804938292,0.006109659804938289,0.006109659804938287,0.006151144495269062,0.0061801024359705616,0.006186561223857916,0.006194849117208508,0.006207459404698861,0.006220294003610771,0.006231372926256474,0.006219487223628707,0.006204506856491857,0.006340152232602248,0.006407834813480126,0.0063395002812471155,0.006282745131531706,0.006250439593529976,0.0062217690685204925,0.00628274513153168,0.006282745131531727,0.006282745131531685,0.006282745131531685,0.006282745131531685,0.006282745131531667,0.006282745131531667,0.006282745131531727,0.006282745131531727,0.006282745131531685,0.000805308521412101,0.001151598057416893,0.0011521958432968863,0.008663649590861935,0.0007963403735936689,0.0043221321931316255
线路序号83,-0.0008234947567339485,-0.000806697711064087,-0.0008306238331750623,-0.0008651734707464194,-0.0008719241366851448,-0.0008344101366212007,-0.0008199602995591831,-0.000948698274631916,-0.00094869827463208,-0.000948698274632273,-0.0008069722405959158,-0.0007963403735931929,-0.0007151674300273102,-0.0006930683601183982,-0.00040823041630526276,-0.0007830923909753268,-0.0007544837378641967,-0.0005304470137838613,-0.0003117339346320678,-0.0006051113007675648,-0.0008179979536296753,-0.0010612253426474148,-0.0014599176607286086,-0.0018272225890496113,-0.001279639676318421,-0.0012224259697407173,-0.0011564550676922791,-0.0011062383065935785,-0.0010508530367501633,-0.001093620242891533,-0.0010314123959035805,-0.0011480803174298872,0.0006107119275314184,0.002008341736324919,0.0019082546368727248,0.0019358462156407075,0.0017738133167983794,-0.0016400098707140362,0.005584099840630103,0.007758838847156712,0.009498272030265447,0.014320109396172537,0.008236094989970496,0.01732765149469737,0.02066566796199936,0.021888774339340028,0.020918477336592047,0.025037531805749746,0.025878866472700504,-0.008737803374569298,0.3199900651574606,0.24901648472034377,0.05166647789264685,-0.09559163117756145,-0.10862303320020963,-0.11488945319877694,-0.07042176294284264,-0.4388695038028568,-0.058843365449727764,-0.033353613551239565,-0.032459797365756646,-0.027206019252639716,-0.039657249472858876,-0.02971625673872993,-0.011613755958844198,0.0,-0.012638036403400138,-0.008663649590861945,-0.003251889487420643,-0.003363258950878741,-0.003230745485885021,-0.002558846226761628,-0.0032307454858849435,-0.00385903142545882,-0.004011173243054807,-0.004673819654341155,-0.0056306164238082435,-0.005729248648844745,-0.00592333141423919,-0.006483307917672416,-0.007893668790190095,-0.006011183264173373,-0.006041012533831962,-0.006087220793832109,-0.006109659804938267,-0.006109659804938233,-0.006109659804938272,-0.0061511444952690435,-0.0061801024359705425,-0.00618656122385785,-0.006194849117208463,-0.0062074594046988025,-0.00622029400361072,-0.0062313729262564125,-0.0062194872236286496,-0.006204506856491794,-0.006340152232602201,-0.006407834813480099,-0.006339500281247085,-0.006282745131531631,-0.006250439593529954,-0.006221769068520514,-0.006282745131531655,-0.006282745131531677,-0.006282745131531622,-0.006282745131531622,-0.006282745131531622,-0.006282745131531646,-0.006282745131531646,-0.006282745131531677,-0.006282745131531677,-0.006282745131531622,-0.0008053085214116283,-0.0011515980574168085,-0.001152195843296627,-0.008663649590861945,-0.0007963403735935789,-0.004322132193131583
线路序号84,-0.0011156756451325856,-0.0010929189067182808,-0.0011253341607361568,-0.001172142217340368,-0.0011812880601219204,-0.001130463867398598,-0.0011108871413123905,-0.0012853021235790449,-0.0012853021235788833,-0.0012853021235789538,-0.0010932908409786743,-0.0010788867236716316,-0.0009689131319281266,-0.0009389731792133359,-0.0005530730212300002,-0.0010609382772085317,-0.0010221791020529215,-0.0007186528019427236,-0.0004223390079736538,-0.0008198084266356655,-0.0011082285432543132,-0.0014377544715466523,-0.001977905219984573,-0.002475532144155873,-0.0017336635233429212,-0.0016561500498517754,-0.0015667722753108795,-0.0014987383056016472,-0.0014237020091851914,-0.0014816432770709854,-0.0013973637121397606,-0.0015554261133280082,0.0008273961894321553,0.0027209134533023073,0.0025853148495012693,0.0026226960862249203,0.0024031729411525394,-0.0022218952283188666,0.00756537202117654,0.010511721496095925,0.012868316025521739,0.01940097026520319,0.011158310986403068,0.023475606373808734,0.02799797114318635,0.029655043013343218,0.028340478803117214,0.03392099855097895,0.03506084381368055,0.051892616287389684,0.07650278153693228,0.08486608611084748,0.10812119321688733,0.12547362787705163,0.09717361338809459,0.10350706751660943,0.081885402344265,0.08802567864042658,-0.07972134512462457,-0.04518767607443205,-0.04397672853504059,-0.03685887837533441,-0.053727879902112974,-0.04025976320651114,-0.01573438636474975,0.0,-0.017122087666345275,-0.01173756452903749,-0.0044056794194628456,-0.004556563437819524,-0.004377033399119543,-0.0034667402451475805,-0.0043770333991195644,-0.00522823896567585,-0.005434361614435963,-0.006332118954554221,-0.007628392967602962,-0.007762020498802942,-0.008024964995680353,-0.00878362452765456,-0.010694389913164506,-0.008143987209908079,-0.008184400083697594,-0.008247003312029712,-0.00827740381912127,-0.008277403819121275,-0.008277403819121287,-0.008333607526879559,-0.00837283991896181,-0.008381590323604995,-0.008392818811321626,-0.008409903304593838,-0.008427291696327954,-0.008442301487306013,-0.008426198665959981,-0.008405903174539932,-0.008589676345241676,-0.008681373112546693,-0.008588793077627907,-0.008511900859729013,-0.008468133122707397,-0.008429290123131943,-0.008511900859729027,-0.008511900859729018,-0.008511900859729025,-0.008511900859729032,-0.008511900859729025,-0.008511900859729025,-0.008511900859729025,-0.008511900859729018,-0.008511900859729018,-0.008511900859729032,-0.001091036824229432,-0.001560191968601569,-0.0015610018525042083,-0.01173756452903749,-0.0010788867236718735,-0.005855650668676842
线路序号85,-0.0009817673567395898,-0.0009617419819648688,-0.0009902666149027319,-0.0010314565630806186,-0.001039504681664276,-0.0009947806316537844,-0.000977553590168171,-0.0011310345206362524,-0.0011310345206361964,-0.0011310345206363068,-0.0009620692750426206,-0.0009493940031242236,-0.0008526199246110445,-0.0008262734964482071,-0.00048669076940586873,-0.0009335998079936482,-0.0008994926791808092,-0.0006323969379944649,-0.0003716480263016911,-0.0007214114205705338,-0.0009752140887193022,-0.0012651888685831926,-0.0017405083531023327,-0.0021784079094094356,-0.0015255816170355499,-0.0014573716508924758,-0.0013787213891922382,-0.0013188531551751096,-0.0012528230444402582,-0.001303809947010502,-0.0012296459854229816,-0.0013687370433765984,0.0007280884667684509,0.0023943374766856778,0.002275014012547907,0.0023079085891481747,0.0021147335755846925,-0.0019552136095972394,0.0066573428615994785,0.00925005853899472,0.011323804248292638,0.01707238064983714,0.009819041520351384,0.02065796104632132,0.024637531744324183,0.026095714574602295,0.024938930131409614,0.029849651402412542,0.03085268743312374,0.05013301591216325,0.07163137319993457,0.07600394431762345,0.0881623691091563,0.09723471054381691,0.0974752565637414,0.1092559380832604,0.08448892038279215,0.08768600949139531,-0.07015283933122272,-0.03976405283234232,-0.03869844853230615,-0.03243491399388366,-0.047279223907825546,-0.035427609698811494,-0.013845876244262237,0.0,-0.015067019544069525,-0.010328770510058581,-0.0038768904359967227,-0.004009664692137001,-0.0038516826367619842,-0.003050646863029395,-0.0038516826367620115,-0.004600722774696429,-0.004782105678338991,-0.005572110241624858,-0.006712799757393698,-0.006830388725716365,-0.007061773469835198,-0.007729375354505947,-0.009410802290790022,-0.007166510115441355,-0.007202072458718896,-0.007257161772778178,-0.007283913477559969,-0.007283913477559983,-0.007283913477559983,-0.007333371369596577,-0.0073678949177632975,-0.007375595060429694,-0.007385475855761058,-0.007400509793155203,-0.007415811153783829,-0.007429019403760467,-0.007414849313718673,-0.007396989776269673,-0.007558705684317576,-0.007639396603090774,-0.007557928430360074,-0.00749026515398598,-0.007451750612888242,-0.007417569720630347,-0.007490265153985994,-0.007490265153985987,-0.007490265153985987,-0.0074902651539859935,-0.007490265153985987,-0.007490265153985987,-0.007490265153985987,-0.007490265153985987,-0.007490265153985987,-0.0074902651539859935,-0.000960085795278041,-0.001372930879779608,-0.0013736435578611246,-0.010328770510058588,-0.0009493940031244448,-0.005152829770963899
线路序号86,-0.0010310611152370465,-0.0010100302823145872,-0.0010399871143957672,-0.0010832451771265051,-0.001091697385346167,-0.0010447277763392922,-0.0010266357787957919,-0.0011878228647685914,-0.0011878228647685385,-0.0011878228647686571,-0.0010103740085176374,-0.0009970623212727616,-0.0008954292932107748,-0.0008677600318347141,-0.0005111271260287882,-0.0009804751121606733,-0.0009446554915245929,-0.0006641490855088151,-0.0003903081782498685,-0.0007576329144904208,-0.0010241788128390952,-0.001328712995876095,-0.0018278978938438871,-0.0022877840387521614,-0.0016021798572214395,-0.0015305451229037884,-0.0014479458940888923,-0.0013850717236357885,-0.0013157262935334783,-0.0013692732079482865,-0.0012913855328082237,-0.0014374602422072191,0.000764645209869816,0.002514555257941847,0.002389240657529386,0.0024237868446702585,0.002220912667245831,-0.0020533833305812006,0.0069916027542320895,0.009714496624634614,0.01189236345741194,0.01792957131008001,0.010312047789155615,0.021695180847810257,0.025874562626884392,0.027405959657845924,0.026191093987379968,0.03134837866947928,0.03240177634189982,0.05265015478641412,0.07522792750286016,0.07982004194026564,0.092588931574888,0.10211678806066127,0.10236941170501711,0.11474159187823581,0.08873104190828798,0.09208865431941515,-0.07367515762400377,-0.04176057431346412,-0.040641466868656245,-0.034063445240438486,-0.04965307615424357,-0.03720640181758027,-0.01454106668330469,0.0,-0.015823522617411927,-0.010847369866212151,-0.004071546022741328,-0.004210986768729655,-0.0040450725599466926,-0.0032038174168216834,-0.004045072559946724,-0.0048317214077355725,-0.00502221140277442,-0.005851881467145774,-0.007049844096677065,-0.007173337113618443,-0.00741633950179345,-0.008117461146363985,-0.009883311192419645,-0.0075263348911120504,-0.0075636827913742365,-0.007621538096097585,-0.007649632982709427,-0.007649632982709439,-0.007649632982709438,-0.007701574116187204,-0.007737831064261873,-0.007745917824970098,-0.007756294727180022,-0.007772083506619057,-0.0077881531364005965,-0.007802024562108272,-0.007787143003110402,-0.007768386752484051,-0.007938222287714273,-0.008022964633371482,-0.007937406008453468,-0.007866345412763516,-0.007825897087175515,-0.00778999999949045,-0.007866345412763534,-0.007866345412763523,-0.007866345412763528,-0.007866345412763537,-0.007866345412763528,-0.007866345412763528,-0.007866345412763528,-0.007866345412763523,-0.007866345412763523,-0.007866345412763537,-0.0010082909398107915,-0.0014418646478020353,-0.0014426131088834167,-0.010847369866212158,-0.0009970623212729938,-0.0054115492573721235
线路序号87,-0.0010869054565860365,-0.0010647355515026537,-0.0010963149057911803,-0.0011419159121026645,-0.0011508259088993849,-0.001101312331509159,-0.0010822404350328007,-0.0012521577373984052,-0.0012521577373982473,-0.0012521577373983293,-0.001065097894607359,-0.0010510652196388586,-0.0009439275426015611,-0.0009147596584432361,-0.0005388107980020747,-0.0010335796139585166,-0.0009958199307090528,-0.000700120734220653,-0.0004114480532925309,-0.0007986678351840419,-0.0010796503948640186,-0.001400678761047547,-0.001926900515925561,-0.0024116950183292684,-0.0016889571369839433,-0.0016134425215452602,-0.0015263695525602181,-0.0014600899907243616,-0.0013869886728165033,-0.001443435795688926,-0.0013613295675910788,-0.0015153159767074523,0.0008060599305685748,0.0026507486223218257,0.0025186467314005194,0.0025550640094384207,0.0023412017590011226,-0.0021645986969049823,0.007370282005165056,0.010240653277739792,0.012536477753400705,0.01890067291180366,0.01087056901378025,0.022870235427009722,0.027275980919397605,0.028890321490052447,0.02760965625427255,0.033046269835469176,0.03415672164204877,0.05460391896346012,0.07843629237857326,0.08387726410583514,0.09900649671480326,0.11029558771354397,0.1600245054108354,0.1173050320261922,0.0910390844032091,0.09502182579497569,-0.07766555217045282,-0.04402241091308794,-0.04284269036084104,-0.03590838986633808,-0.05234238650918685,-0.03922157528573301,-0.015328640067113862,0.0,-0.016680556390999152,-0.011434885209964144,-0.0042920691348557125,-0.004439062271775917,-0.004264161816132308,-0.0033773426044181013,-0.00426416181613235,-0.005093417145853775,-0.005294224461708348,-0.006168831123529767,-0.0074316778157206545,-0.007561859462550575,-0.007818023348248214,-0.008557119149605354,-0.01041861118165564,-0.00793397630882728,-0.007973347046397654,-0.008034335910653084,-0.008063952472764986,-0.008063952472764995,-0.008063952472765005,-0.008118706842378936,-0.008156927539599639,-0.008165452295513704,-0.008176391231593961,-0.00819303516304625,-0.008209975156259807,-0.008224597886250778,-0.008208910312121316,-0.0081891381852807,-0.008368172354289702,-0.00845750451563063,-0.008367311863704258,-0.008292402483394735,-0.008249763395234309,-0.008211922049164856,-0.008292402483394747,-0.008292402483394745,-0.008292402483394735,-0.008292402483394743,-0.008292402483394735,-0.008292402483394735,-0.008292402483394735,-0.008292402483394745,-0.008292402483394745,-0.008292402483394743,-0.0010629020027146598,-0.0015199589337575269,-0.0015207479329947123,-0.01143488520996415,-0.0010510652196391158,-0.0057046496366704265
线路序号88,0.010650071159745256,0.010663019716959134,0.010644575475802215,0.010617941747013018,0.010612737773299215,0.010641656678784491,0.010652795812749328,0.010553553894341029,0.01055355389434114,0.010553553894341282,0.01066280808680511,0.010671004012499213,0.010733578855996068,0.010750614653642649,0.010970191386641731,0.010681216657286155,0.010703270582060382,0.010875976687457621,0.011044578885400105,0.010818419256772144,0.010654308551896575,0.01046680868884623,0.010159463552505979,0.009876314421826857,0.010298436788720918,0.010342541863364094,0.010393397711257104,0.010432108959471633,0.010474804523292273,0.010441836010465607,0.010489790983127157,0.01039985366399196,0.011755676733077515,0.012833085814355882,0.012755930369337455,0.01277720024877498,0.012652291839137235,0.010020633526640175,0.015589577003792963,0.017266046366638945,0.018606945863749936,0.022324018391675818,0.017633955021082483,0.024642481513234168,0.02721570171267534,0.028158573644874743,0.02741058816565793,0.030585897295035108,0.031234467899972116,0.04714306644738385,0.06630576503264457,0.07102172949072182,0.08413499800935494,0.09391982222509343,0.09846037691385075,0.09592661465261183,0.0754908351355909,0.07894516614644662,0.1485306519713634,-0.13078487695141244,-0.07565364080233156,-0.08105545487445849,0.049104290683756005,-0.0024119586880612066,0.002332042068366545,0.0,-0.03765276279065232,0.004606228960778117,0.008778062907409604,0.008692210079606464,0.008794362459068904,0.009312318185921327,0.008794362459069019,0.008310027499498515,0.008192743956396574,0.007681921092785158,0.006944342714107195,0.006868308807065102,0.006718693699659698,0.006287017324194951,0.005199794082124617,0.006650970200682612,0.006627975323343932,0.006592354160543153,0.00657505630800128,0.006575056308001273,0.006575056308001257,0.00654307646483024,0.006520753280185301,0.006515774310303521,0.006509385314086932,0.006499664257642519,0.006489770283333136,0.006481229730037728,0.00649039221631839,0.0065019403269072126,0.006397373610359439,0.006345198258328903,0.006397876188585911,0.006441627769532449,0.0064665315600781785,0.006488633180847741,0.006441627769532427,0.006441627769532444,0.006441627769532475,0.006441627769532478,0.006441627769532475,0.006441627769532475,0.006441627769532475,0.006441627769532444,0.006441627769532444,0.0064416277695324535,0.010664090619667364,0.010397141897984019,0.010396681075002138,0.004606228960778117,0.010671004012499164,0.00795303098332623
线路序号89,0.007649583188190186,0.007663807166421984,0.007643546184415739,0.007614289057752412,0.007608572497397365,0.007640339888567126,0.007652576217017836,0.0075435590606069015,0.0075435590606070125,0.007543559060607161,0.007663574690891482,0.007672577907754519,0.0077413163159826635,0.007760030124083476,0.008001234964029389,0.007683796488692717,0.007708022704843469,0.00789774020332822,0.00808294956323525,0.007834513418474657,0.0076542379595846664,0.007448269531877351,0.007110651181305331,0.006799612120775197,0.007263313153911216,0.0073117625379821825,0.007367627640280729,0.007410151910963564,0.007457052948687766,0.007420837067565049,0.0074735155610805085,0.007374719498442712,0.008864089897151062,0.010047622785434102,0.009962867599798307,0.009986232542865448,0.009849020769363493,0.006958146525136718,0.013075625830563686,0.014917225889078931,0.016390202757651493,0.02047340352268845,0.015321373208777776,0.02302023313672865,0.02584691316732512,0.026882657120655167,0.026060995757302953,0.0295490699255884,0.03026152414066313,0.04617908745848129,0.0653525845557965,0.07007120654140425,0.08319186461362985,0.09298220274703368,0.09752531611688295,0.09499012603679065,0.0745428306045934,0.07799910819071328,0.14762380664031102,-0.06908767637426073,-0.0896513734565401,-0.06747901621859517,0.04379367508702176,-0.010004320536444122,-0.0014877641447843756,0.0,-0.03134608762557164,0.0010104280721195907,0.005593183838792256,0.005498874586139062,0.005611088881350603,0.006180062772564697,0.005611088881350718,0.005079047372180614,0.004950211507579595,0.004389073060098074,0.0035788438871491566,0.0034953207099524294,0.003330968651597586,0.002856772548803328,0.0016624588138855166,0.003256574450043349,0.003231314598362806,0.0031921847836748046,0.0031731831085119256,0.00317318310851193,0.0031731831085119117,0.00313805328009971,0.003113531282227608,0.0031080618883759683,0.003101043581887893,0.0030903650102935723,0.0030794964885830275,0.0030701146986158866,0.0030801796813972934,0.0030928652702946692,0.002977998828007758,0.0029206842516236345,0.002978550909728907,0.003026611981298086,0.0030539687723869506,0.00307824738254503,0.0030266119812980743,0.0030266119812980812,0.0030266119812981,0.0030266119812981137,0.0030266119812981,0.0030266119812981,0.0030266119812981,0.0030266119812980812,0.0030266119812980812,0.003026611981298102,0.007664983552065286,0.007371740625968428,0.007371234412345224,0.0010104280721195907,0.007672577907754482,0.0046868870263711655
线路序号90,-0.02939428443959536,-0.02937531733302047,-0.029402334542884274,-0.029441347752149807,-0.029448970556947295,-0.02940661001027204,-0.029390293355256777,-0.029535663376919322,-0.029535663376919322,-0.029535663376919603,-0.029375627329852882,-0.02936362189994218,-0.029271961979409743,-0.02924700786412252,-0.028925370848788715,-0.029348662370563022,-0.029316357679424497,-0.029063376976453125,-0.02881640769612732,-0.029147687367463593,-0.029388077487947757,-0.029662728155636513,-0.030112928734634645,-0.030527686892489588,-0.02990936009465565,-0.029844754777072033,-0.029770260895568827,-0.02971355647991559,-0.02965101582031328,-0.029699308250574426,-0.02962906358454524,-0.029760804186105945,-0.027774788275820913,-0.026196594464183712,-0.026309612117346733,-0.026278455899448497,-0.026461422316324583,-0.030316287599431592,-0.022158873404846256,-0.019703173318578546,-0.017739017525631513,-0.012294232473313084,-0.01916425901779951,-0.008898136956270652,-0.005128872091789327,-0.0037477489191527964,-0.004843401512959801,-0.00019219399569118606,0.0007578352298898297,0.006749517326039555,0.013966796565630487,0.01574297815229434,0.02068185042133419,0.024367125141963257,0.026077241853635698,0.025122946732583966,0.01742618489098734,0.01872719536090617,0.04493529334807112,0.6370856075419029,-0.1835502297883659,0.12082877955608923,-0.04082006563639698,-0.08525289412575882,-0.04157857197265226,0.0,0.0561287008006549,-0.038247332481102805,-0.032136410796707676,-0.032262168416450326,-0.032112535137955464,-0.03135383119065841,-0.03211253513795572,-0.032821991229643854,-0.032993788706708486,-0.033742044402898914,-0.03482245262764218,-0.03493382744678336,-0.035152984348964376,-0.03578530590279763,-0.03737787554261056,-0.03525218604388712,-0.03528586904669988,-0.035338047090928616,-0.03536338506543678,-0.03536338506543682,-0.035363385065436674,-0.035410229287809465,-0.035442928392053825,-0.035450221610193844,-0.035459580241438485,-0.03547381968993561,-0.03548831242932219,-0.03550082267133977,-0.03548740141900538,-0.035470485693136586,-0.03562365550377437,-0.03570008220104779,-0.035622919324860745,-0.035558831806480756,-0.035522352618762396,-0.03548997806230862,-0.035558831806480895,-0.035558831806480944,-0.035558831806480985,-0.035558831806480874,-0.035558831806480985,-0.035558831806480985,-0.035558831806480985,-0.035558831806480944,-0.035558831806480944,-0.035558831806480784,-0.029373748669776635,-0.029764776393512517,-0.029765451409150406,-0.038247332481102805,-0.02936362189994096,-0.03334492137975029
线路序号91,0.04004435559933858,0.040038337049981755,0.040046910018684725,0.04005928949916432,0.040061708330246325,0.04004826668905564,0.04004308916800451,0.04008921727126045,0.04008921727126045,0.04008921727126089,0.04003843541665787,0.04003462591244114,0.04000554083540472,0.03999762251776726,0.0398955622354303,0.04002987902785031,0.04001962826148463,0.03993935366391043,0.039860986581526314,0.03996610662423618,0.040042386039843336,0.040129536844483435,0.040272392287140524,0.04040400131431764,0.0402077968833761,0.040187296640435195,0.04016365860682616,0.04014566543938812,0.04012582034360473,0.0401411442610413,0.04011885456767317,0.040160657850098015,0.03953046500889857,0.03902968027854006,0.039065542486684514,0.039055656148223525,0.03911371415546243,0.040336921126071734,0.037748450408639826,0.036969219685217304,0.03634596338938105,0.03461825086498918,0.03679821403888199,0.033540618469504985,0.032344573804464885,0.031906322564027534,0.03225398967861773,0.03077809129072635,0.03047663267008239,0.04039354912134426,0.05233896846701407,0.05527875133842745,0.06345314758802079,0.06955269708313015,0.07238313506021511,0.07080366792002789,0.05806465024460362,0.06021797078554041,0.10359535862329225,0.23212951550668476,0.10789658898603441,-0.20188423443054784,0.08992435632015305,0.08284093543769748,0.0439106140410188,0.0,-0.09378146359130711,0.042853561441881065,0.04091447370411745,0.04095437849605661,0.04090689759702454,0.040666149376579495,0.040906897597024344,0.041132018729142315,0.04118653266310504,0.04142396549568416,0.04176679534174954,0.04180213625384855,0.041871678048624086,0.042072323226992725,0.04257766962473515,0.04190315624456959,0.04191384437004385,0.04193040125147178,0.041938441373437954,0.04193844137343796,0.041938441373437996,0.04195330575263965,0.04196368167223914,0.041965995920497254,0.04196896555552565,0.041973483947578334,0.04197808271265531,0.04198205240137752,0.04197779363532368,0.041972426020043835,0.042021029114133766,0.042045280459376715,0.042020795513446806,0.04200045957601329,0.041988884178840634,0.04197861124315636,0.04200045957601336,0.04200045957601333,0.04200045957601341,0.04200045957601332,0.04200045957601341,0.04200045957601341,0.04200045957601341,0.04200045957601333,0.04200045957601333,0.0420004595760134,0.04003783928944356,0.040161918291496734,0.040162132484152305,0.042853561441881065,0.040034625912440044,0.04129795236307643
线路序号92,0.07030082949620832,0.0702850396941421,0.07030753107386062,0.0703400089243921,0.07034635478312808,0.07031109032964594,0.0702975069846019,0.07041852511984377,0.07041852511984377,0.07041852511984421,0.07028529776137069,0.0702753034398182,0.070198998074155,0.0701782241865,0.06991046669857147,0.07026284987938827,0.07023595675908315,0.07002535451402876,0.06981975667875923,0.0700955415180958,0.07029566231176865,0.07052430444352695,0.07089908896878071,0.07124436826547416,0.07072962144774605,0.07067583859092799,0.07061382366843429,0.07056661818160996,0.07051455411836309,0.07055475676668038,0.07049627924568694,0.07060595111443926,0.06895262576390405,0.06763880555565387,0.06773289087997837,0.06770695384462481,0.06785927035616565,0.07106838185545081,0.06427746965133295,0.062233140003763315,0.0605980128388378,0.05606531946584088,0.06178450277450993,0.05323812619810859,0.05010027562951166,0.04895051346410927,0.049862626100941804,0.0459905728816909,0.04519968928691779,0.05784467079270954,0.07307618024902865,0.07682467406994165,0.08724778188829663,0.09502526906774193,0.09863433808122302,0.09662037205914047,0.08037695166739184,0.08312263360895167,0.1384327967704184,0.1176013329284394,0.22688634958136894,-0.34459824669045047,0.14882519350138151,0.15420985502001522,0.08044404705670105,0.0,-0.1600765310713077,0.0776708453559685,0.07258360427012085,0.07268829540560777,0.07256372817966686,0.07193211971010624,0.07256372817966661,0.07315433862513504,0.07329735717927545,0.07392026765284616,0.07481968960492866,0.07491240729714042,0.0750948517882667,0.07562124900856543,0.07694703685566182,0.07517743555619225,0.07520547609813583,0.07524891345572081,0.07527000689982091,0.07527000689982087,0.07527000689982091,0.07530900393905614,0.07533622540173782,0.0753422968850402,0.07535008779054277,0.07536194189556583,0.07537400686105884,0.07538442143032886,0.0753732484600593,0.07535916639845221,0.07548667772882603,0.0755503016884356,0.07548606487207407,0.07543271307451689,0.0754023447549535,0.07537539347293191,0.07543271307451703,0.07543271307451702,0.07543271307451715,0.07543271307451697,0.07543271307451715,0.07543271307451715,0.07543271307451715,0.07543271307451702,0.07543271307451702,0.07543271307451703,0.0702837338079726,0.07060925791131313,0.07060981985065068,0.0776708453559685,0.0702753034398166,0.07358966931370255
线路序号93,0.022515063921630808,0.022456253605881653,0.022540024456043563,0.022660990674416376,0.022684626306727063,0.022553281174252055,0.022502688975075753,0.022953430201331625,0.02295343020133154,0.02295343020133065,0.022457214796845443,0.02241999018796196,0.022135785064329443,0.022058411143666242,0.021061128065338445,0.022373605957301212,0.022273440490370368,0.021489036450452453,0.02072327171445322,0.02175045327212843,0.022495818351157732,0.023347413317777434,0.02474332671666811,0.02602934565324905,0.024112132077216245,0.023911813746539442,0.023680834462690575,0.023505014045572297,0.023311097491955996,0.02346083530574943,0.023243031342170397,0.02365151253805459,0.017493576833589538,0.012600153789538536,0.012950581718156707,0.012853977262159299,0.013421291665516517,0.02537387091717931,8.06031921837511e-05,-0.007533657681746795,-0.013623812863224963,-0.030506173222559656,-0.009204641079829793,-0.04103626904498721,-0.05272343155379199,-0.057005807970314064,-0.05360857525321845,-0.06803033123771646,-0.07097603719011757,-0.115957552043562,-0.17014002502985923,-0.1834744004424458,-0.22055212799275023,-0.24821868922294676,-0.2610570940369551,-0.25389288881489547,-0.1961107832983698,-0.2058778939090527,-0.4026306471380221,-0.029137839192346828,0.0008543200379723837,-0.009268843617058993,0.29590053224414664,0.1396990707841305,0.0602942472830127,0.0,-0.004305664197398121,0.04996524714817011,0.03101743175925848,0.0314073618362079,0.03094340175238058,0.028590928087902527,0.030943401752380296,0.03314317516564072,0.0336758586212339,0.035995935939737815,0.03934590123865072,0.039691235317705895,0.0403707636668147,0.042331370051128095,0.04726936747403996,0.04067835317601481,0.040782792301895084,0.040944578035776495,0.04102314216866897,0.04102314216866894,0.041023142168668994,0.04116838959997221,0.041269778002999614,0.04129239170319804,0.04132140952183157,0.04136556103535049,0.0414104979146884,0.04144928776807912,0.041407673192626206,0.041355223485776214,0.04183014910993052,0.04206712137459222,0.04182786647846052,0.04162915366070386,0.04151604455047056,0.04141566245581039,0.04162915366070395,0.04162915366070386,0.0416291536607039,0.04162915366070385,0.0416291536607039,0.0416291536607039,0.0416291536607039,0.04162915366070386,0.04162915366070386,0.04162915366070387,0.022451389733764853,0.02366382895389323,0.02366592193959165,0.04996524714817011,0.022419990187961345,0.034764597343380554
线路序号94,-0.02251506392162944,-0.022456253605882326,-0.022540024456042973,-0.02266099067441585,-0.022684626306728017,-0.022553281174251094,-0.022502688975076457,-0.02295343020133106,-0.022953430201330866,-0.022953430201330866,-0.02245721479684376,-0.022419990187961758,-0.022135785064330782,-0.022058411143666412,-0.02106112806533858,-0.022373605957299786,-0.022273440490371055,-0.021489036450452248,-0.0207232717144529,-0.021750453272127657,-0.0224958183511573,-0.02334741331777651,-0.024743326716667485,-0.02602934565324891,-0.02411213207721638,-0.023911813746539196,-0.023680834462689815,-0.023505014045572648,-0.023311097491955174,-0.02346083530574955,-0.02324303134216929,-0.02365151253805345,-0.017493576833588736,-0.012600153789538576,-0.0129505817181568,-0.0128539772621587,-0.013421291665516838,-0.02537387091717895,-8.060319218319845e-05,0.007533657681747102,0.013623812863225754,0.030506173222559725,0.009204641079829823,0.04103626904498715,0.052723431553792235,0.05700580797031407,0.053608575253218466,0.06803033123771646,0.07097603719011758,0.11595755204356203,0.17014002502985917,0.1834744004424457,0.2205521279927502,0.2482186892229469,0.261057094036955,0.25389288881489547,0.1961107832983699,0.2058778939090527,0.40263064713802194,0.02913783919234681,-0.0008543200379724503,0.009268843617058965,0.7040994677558529,-0.1396990707841307,-0.06029424728301272,0.0,0.004305664197398114,-0.04996524714817006,-0.03101743175925841,-0.031407361836207924,-0.030943401752380112,-0.02859092808790259,-0.030943401752380188,-0.03314317516564061,-0.033675858621233845,-0.03599593593973773,-0.03934590123865074,-0.03969123531770593,-0.04037076366681458,-0.04233137005112809,-0.04726936747403997,-0.04067835317601474,-0.04078279230189514,-0.0409445780357765,-0.04102314216866888,-0.04102314216866889,-0.041023142168668925,-0.04116838959997207,-0.04126977800299951,-0.041292391703197956,-0.04132140952183149,-0.041365561035350586,-0.041410497914688295,-0.041449287768079074,-0.041407673192626115,-0.041355223485776235,-0.04183014910993039,-0.04206712137459214,-0.04182786647846053,-0.04162915366070376,-0.0415160445504706,-0.041415662455810395,-0.041629153660703834,-0.041629153660703855,-0.041629153660703834,-0.041629153660703834,-0.041629153660703834,-0.041629153660703834,-0.041629153660703834,-0.041629153660703855,-0.041629153660703855,-0.04162915366070378,-0.022451389733764177,-0.023663828953893185,-0.023665921939591023,-0.04996524714817006,-0.022419990187962258,-0.03476459734338064
线路序号95,0.09204553074761446,0.09199654986074535,0.09206631943233212,0.09216706761879312,0.09218675284267963,0.09207736045135118,0.09203522412284038,0.0924106294361593,0.0924106294361593,0.09241062943615841,0.0919973504003293,0.09196634743200605,0.09172964373757986,0.09166520192654293,0.09083460258332998,0.09192771576125924,0.09184429173366526,0.09119099128715513,0.09055321481165057,0.0914087154670864,0.0920295018401327,0.09273876306728868,0.09390136652211023,0.09497244303718944,0.09337566838849032,0.09320883083001928,0.09301645692372285,0.09287002275056189,0.09270851698999083,0.09283322794968996,0.092651827269151,0.09299203580210458,0.08786332414257414,0.08378777723440578,0.08407963539752705,0.08399917720120653,0.08447167190312665,0.09442652292974651,0.07336071722561589,0.06701908743326368,0.0619468276068178,0.04788614841646521,0.06562738858353145,0.03911603001765107,0.029382234553975817,0.025815605262607122,0.028645031856598557,0.01663369695179384,0.014180329916364892,0.004916066008188724,-0.006243200872398342,-0.008989510623756976,-0.01662593314666741,-0.022324058821254933,-0.02496821988929565,-0.023492700710234238,-0.011592063828188906,-0.013603669942667804,-0.05412630321796419,-0.45039659823920264,-0.49991204717372495,-0.3979480100279452,0.14585158405075616,0.24946706968221766,0.12351038317413762,0.0,-0.18485914424639086,0.11490774976495172,0.09912683122803673,0.09945158923591935,0.09906517443627183,0.0971058881282012,0.09906517443627194,0.10089728248259833,0.10134093437840475,0.10327323899564722,0.10606329834542189,0.10635091403397134,0.10691686748563344,0.10854978236255988,0.1126624535843869,0.10717304715003617,0.10726003054647298,0.10739477576297479,0.1074602088567459,0.10746020885674579,0.10746020885674584,0.10758117994676586,0.10766562251156403,0.10768445660685821,0.10770862445009377,0.10774539657520806,0.1077828228017983,0.10781512940305293,0.1077804701976674,0.10773678682129428,0.10813233440459286,0.10832969963785993,0.10813043328720612,0.10796493289969994,0.10787072860132912,0.1077871241526957,0.10796493289969994,0.10796493289969994,0.10796493289970013,0.1079649328997001,0.1079649328997001,0.1079649328997001,0.1079649328997001,0.10796493289969994,0.10796493289969994,0.1079649328997,0.0919924989256864,0.09300229367885882,0.09300403684745717,0.11490774976495172,0.09196634743200516,0.10224770366708127
线路序号96,0.5393081172174181,0.5386443535049431,0.5395898347490402,0.5409745887573714,0.54122188620154,0.5397394569433992,0.5391684471550785,0.5441172873077565,0.5441172873077565,0.5441172873077565,0.5388425005169266,0.5382350657703231,0.5362923018187031,0.5354493714402266,0.5277660561026193,0.5353866277764079,0.5292355044825935,0.5259177158022973,0.5226787656648996,0.49794675011347006,0.4800001849825604,0.4594958643971869,0.4258856894170386,0.3634857527080077,0.47535296571243546,0.4981837086876139,0.4787234022911627,0.4843959504868151,0.4906523399002654,0.5495827635531993,0.4928483790263014,0.4764523139963169,0.5304039791728051,0.5267707938951017,0.5296063165614064,0.5288246319344788,0.5334151132239826,0.6160308063600939,0.45896746482721706,0.4164761183366103,0.38249003639348184,0.28827810492895695,0.39785300207523655,0.2096529657123876,0.14055425635504157,0.09351164915114074,0.0659309803125358,0.06898866077333159,0.062436222079789994,0.05328212088039238,0.042255550464384874,0.039541897481481195,0.03199628076881529,0.026365912334899468,0.023753193370472134,0.025211166936494958,0.03697029161550836,0.034982605801742235,-0.00505816695093805,-0.016364919095457994,-0.01790691543459062,-0.014331611057643363,-0.01872882139030079,-0.02581206203245765,-0.04541579373254676,0.0,-0.006657476074832044,-0.020503467522514956,0.021134483253755852,0.10253479787298575,0.12504697016130478,0.23919319584855614,0.12504697016130478,0.06525329460649916,0.05381241000620173,0.03745826953472776,0.013844486219819173,0.012727513566879452,0.010529599636901294,0.004188077478275878,-0.011783726106151726,0.009534710655635223,0.009196905456031397,0.008673614384163393,0.008419501068203269,0.008419501068203307,0.008419501068203312,0.007949702636727068,0.007621764908088803,0.007548621577512639,0.007454764319201284,0.007311957581675034,0.0071666106021176105,0.007041145992405395,0.007175747080348789,0.007345394073678313,0.00580926148053311,0.005042781844765626,0.005816644583109073,0.006459375192929111,0.006825223195172364,0.0071499060497780586,0.006459375192929153,0.006459375192929108,0.006459375192929099,0.006459375192929107,0.006459375192929099,0.006459375192929097,0.006459375192929102,0.006459375192929112,0.006459375192929112,0.00645937519292911,0.5224196570624436,0.4774062646047211,0.4775683738584368,-0.020503467522514966,0.5382350657703232,0.04613793042885638
线路序号97,-0.11456059466924548,-0.11445280346662796,-0.11460634388837436,-0.11482805829320876,-0.11487137914940808,-0.11463064162560502,-0.11453791309791828,-0.11536405963748934,-0.11536405963748936,-0.1153640596374889,-0.11445456519717549,-0.11438633761996828,-0.11386542880191301,-0.11372361307020958,-0.11189573064866935,-0.11430132171856143,-0.1141177322240373,-0.11268002773760802,-0.11127648652610453,-0.11315916873921414,-0.11452532019129061,-0.11608617638506562,-0.11864469323877874,-0.12100178869043918,-0.11748780046570721,-0.11712064457655917,-0.11669729138641335,-0.11637503679613492,-0.11601961448194573,-0.11629406325544073,-0.11589485861132215,-0.11664354834015808,-0.10535690097616468,-0.09638793102394413,-0.09703021711568469,-0.09685315446336688,-0.09789296356864374,-0.11980039384692576,-0.07344132041780048,-0.059485429751516695,-0.04832301474359278,-0.017379975193906456,-0.056422747503702575,0.0019202390273361384,0.023341196999816103,0.031190202707706904,0.02496354339661977,0.05139663428592252,0.056795707273752626,0.11104148603537327,0.17638322590225758,0.19246391106620273,0.23717806113941756,0.27054274804420186,0.2860253139262507,0.2773855895251298,0.20770284712655876,0.21948156385172052,0.45675695035598607,0.47953443743154955,0.49905772713575275,0.4072168536450041,0.5582478837050968,0.6108338595336515,-0.1838046304571504,0.0,0.1891648084437891,-0.1648729969131219,-0.13014426298729515,-0.13085895107212697,-0.13000857618865222,-0.12569681621610357,-0.13000857618865222,-0.13404045764823916,-0.1350167929996387,-0.13926917493538515,-0.1454091995840727,-0.14604214935167747,-0.14728763115244814,-0.150881152413688,-0.15993182105842682,-0.1478514003260509,-0.14804282284836806,-0.14833935379875138,-0.14848335102541488,-0.1484833510254148,-0.14848335102541488,-0.14874956954673813,-0.14893540051456364,-0.1489768483100563,-0.14903003397192535,-0.14911095761055862,-0.14919332071648658,-0.1492644171711321,-0.14918814339029352,-0.14909201030707064,-0.14996248351452332,-0.15039682101245214,-0.1499582997656667,-0.14959408656040368,-0.14938677315179977,-0.14920278660850603,-0.14959408656040388,-0.14959408656040377,-0.14959408656040396,-0.14959408656040388,-0.14959408656040396,-0.149594086560404,-0.14959408656040396,-0.14959408656040377,-0.14959408656040377,-0.1495940865604039,-0.11444388865945165,-0.11666612263275208,-0.11666995878704818,-0.1648729969131219,-0.11438633761996739,-0.13701230101046205
线路序号98,0.16629681426378512,0.1664096307620811,0.16624893218643344,0.166016881312454,0.1659715408098869,0.166223501672958,0.1663205532646592,0.16545589123837628,0.1654558912383765,0.16545589123837628,0.1664077868985108,0.1664791952895549,0.1670243892140623,0.16717281648702376,0.1690859159708444,0.16656817468734342,0.16676032324300158,0.16826505444368678,0.16973402965544568,0.1677635755782809,0.16633373326074696,0.164700108940363,0.16202231237395873,0.15955532760581848,0.16323314023734933,0.16361741317182973,0.1640605033618757,0.16439778166985494,0.16476977400251447,0.16448253024945775,0.1649003460726201,0.16411675194375197,0.17592959011741727,0.185316699257377,0.18464446937207776,0.184829786799916,0.18374150112074203,0.16081273225499515,0.2093330957108749,0.22393961903826198,0.2356224330629615,0.26800805715607023,0.22714508551595272,0.2882080598636889,0.3106276767696829,0.3188426082069208,0.31232565800618445,0.33999107671158785,0.345641857978708,0.32015806579303363,0.28946156999498274,0.28190712339514573,0.26090113667621123,0.2452269447513794,0.23795348494590793,0.2420122881598354,0.27474811695153945,0.269214665757908,0.15774651508351287,0.10846471045352428,0.10835338536534674,0.08986036776808767,0.12793503482738072,0.11248867200036937,0.0938245766829881,0.0,0.04174291683506131,0.11363881524351753,0.14998662523630824,0.14923861793010862,0.15012863784137892,0.15464141485627,0.15012863784137895,0.14590878745698163,0.14488693471919656,0.14043630398363885,0.13401002740937024,0.13334756911368298,0.13204402214475,0.12828296859504199,0.11881035191660845,0.1314539696871604,0.13125362292288215,0.13094326750754967,0.1307925570369223,0.1307925570369224,0.13079255703692239,0.1305139272357244,0.13031943270782934,0.13027605258926786,0.13022038737739797,0.13013569102632327,0.13004948809905584,0.12997507708165074,0.1300549067955493,0.13015552166537053,0.1292444664332427,0.12878987983987072,0.12924884523118066,0.12963003829194772,0.12984701678592328,0.13003958090102027,0.1296300382919479,0.12963003829194786,0.1296300382919478,0.12963003829194783,0.1296300382919478,0.1296300382919478,0.1296300382919478,0.12963003829194786,0.12963003829194786,0.12963003829194783,0.16641896118333813,0.16409312522301872,0.16408911022472372,0.11363881524351747,0.16647919528955507,0.14279839483255927
线路序号99,0.16629681426378512,0.1664096307620811,0.16624893218643344,0.166016881312454,0.1659715408098869,0.166223501672958,0.1663205532646592,0.16545589123837628,0.1654558912383765,0.16545589123837628,0.1664077868985108,0.1664791952895549,0.1670243892140623,0.16717281648702376,0.1690859159708444,0.16656817468734342,0.16676032324300158,0.16826505444368678,0.16973402965544568,0.1677635755782809,0.16633373326074696,0.164700108940363,0.16202231237395873,0.15955532760581848,0.16323314023734933,0.16361741317182973,0.1640605033618757,0.16439778166985494,0.16476977400251447,0.16448253024945775,0.1649003460726201,0.16411675194375197,0.17592959011741727,0.185316699257377,0.18464446937207776,0.184829786799916,0.18374150112074203,0.16081273225499515,0.2093330957108749,0.22393961903826198,0.2356224330629615,0.26800805715607023,0.22714508551595272,0.2882080598636889,0.3106276767696829,0.3188426082069208,0.31232565800618445,0.33999107671158785,0.345641857978708,0.32015806579303363,0.28946156999498274,0.28190712339514573,0.26090113667621123,0.2452269447513794,0.23795348494590793,0.2420122881598354,0.27474811695153945,0.269214665757908,0.15774651508351287,0.10846471045352428,0.10835338536534674,0.08986036776808767,0.12793503482738072,0.11248867200036937,0.0938245766829881,0.0,0.04174291683506131,0.11363881524351753,0.14998662523630824,0.14923861793010862,0.15012863784137892,0.15464141485627,0.15012863784137895,0.14590878745698163,0.14488693471919656,0.14043630398363885,0.13401002740937024,0.13334756911368298,0.13204402214475,0.12828296859504199,0.11881035191660845,0.1314539696871604,0.13125362292288215,0.13094326750754967,0.1307925570369223,0.1307925570369224,0.13079255703692239,0.1305139272357244,0.13031943270782934,0.13027605258926786,0.13022038737739797,0.13013569102632327,0.13004948809905584,0.12997507708165074,0.1300549067955493,0.13015552166537053,0.1292444664332427,0.12878987983987072,0.12924884523118066,0.12963003829194772,0.12984701678592328,0.13003958090102027,0.1296300382919479,0.12963003829194786,0.1296300382919478,0.12963003829194783,0.1296300382919478,0.1296300382919478,0.1296300382919478,0.12963003829194786,0.12963003829194786,0.12963003829194783,0.16641896118333813,0.16409312522301872,0.16408911022472372,0.11363881524351747,0.16647919528955507,0.14279839483255927
线路序号100,0.05523579139376181,0.05522487472758805,0.055240424693521445,0.05526287905050992,0.055267266415286606,0.05524288547213507,0.0552334942940318,0.05531716314423089,0.05531716314423089,0.05531716314423089,0.05522505314868011,0.055218143329824165,0.05516538774739763,0.05515102521164566,0.05496590451793764,0.055209533255970826,0.05519094003893394,0.05504533502148967,0.0549031899252518,0.05509386052485699,0.05523221893431288,0.055390296269027806,0.05564941272490056,0.05588813001875041,0.05553224720584298,0.05549506311123298,0.05545218757650551,0.05541955090764816,0.055383555143048054,0.05541135022808071,0.055370920362472334,0.05544674469358893,0.05430367774079602,0.05339533597885861,0.05346038417094234,0.05344245196663721,0.053547759715442615,0.055766457506215755,0.05107139411936781,0.04965799677443838,0.048527511582740004,0.045393723063657736,0.049347820443816956,0.04343907379123408,0.04126964398928713,0.04047472777124384,0.04110533917029496,0.03842830039329477,0.03788150366003329,0.04917537468779105,0.06277940434010384,0.06612737331438406,0.0754367768398061,0.08238324307895896,0.08560668472257557,0.083807910046846,0.06930009167874232,0.07175239876333687,0.12115269634255615,0.17506572825446662,0.1675832120892959,0.2270185060138874,0.11951151577549887,0.11866116315008066,0.062248553149717674,0.0,0.10545710920095912,0.06033123226879739,0.056814043613679345,0.05688642439292947,0.056800301791997986,0.05636362381544317,0.05680030179199798,0.05720863478100707,0.05730751415935894,0.05773817856346819,0.05836001594696259,0.05842411859310664,0.058550256058099714,0.05891419366201447,0.05983080954402453,0.05860735236762085,0.058626738882696997,0.058656770363165224,0.05867135383208948,0.058671353832089566,0.058671353832089546,0.05869831538977199,0.058717135614350394,0.05872133328295519,0.05872671971618767,0.058734915341871675,0.058743256751103104,0.05875045711850596,0.05874273241200729,0.05873299643400071,0.05882115451360073,0.05886514249552574,0.05882073080008315,0.05878384472884505,0.058762848847729636,0.05874421541916441,0.058783844728845146,0.05878384472884513,0.05878384472884503,0.05878384472884508,0.05878384472884503,0.05878384472884503,0.05878384472884503,0.05878384472884513,0.05878384472884513,0.05878384472884508,0.05522397187121632,0.055449030928554716,0.05544941943907148,0.06033123226879739,0.055218143329824866,0.05750961130899459
线路序号101,0.055109393701786,0.055098502016537446,0.055114016399025155,0.055136419373047287,0.05514079669808722,0.05511647154656682,0.05510710185857486,0.05519057924687404,0.05519057924687404,0.05519057924687404,0.055098680029346925,0.05509178602243465,0.05503915116216201,0.05502482149262192,0.05484012441606385,0.05508319565126619,0.055064644981634686,0.05491937315645061,0.05477755333503407,0.05496778761747539,0.055105829417299745,0.055263545018983194,0.05552206853102087,0.05576023956104065,0.055405171125278777,0.05536807212013105,0.05532529469875423,0.05529273271334879,0.0552568193189207,0.055284550799639974,0.05524421345088707,0.05531986427094941,0.05417941303200588,0.05327314985533616,0.05333804919572051,0.05332015802621055,0.05342522479618473,0.055638845475306765,0.05095452594060473,0.04954436291454275,0.048416464645478906,0.04528984726717236,0.049234896369574815,0.04333967087637943,0.04117520544468916,0.040382108256893035,0.04101127660926452,0.03834036377912255,0.03779481829696688,0.049062845226262815,0.06263574437593886,0.06597605209398501,0.07526415263651128,0.08219472307191321,0.08541078841886258,0.08361612993232231,0.06914151023325318,0.07158820563115526,0.1208754590511544,0.17466512018065777,0.16719972647810757,0.22649901286511417,0.11923803404603553,0.11838962730763196,0.06210610794800215,0.0,-0.3593151038635739,0.06019317452905205,0.05668403436055905,0.05675624950873512,0.05667032398469334,0.05623464527124304,0.05667032398469327,0.05707772257327024,0.057176375683021835,0.05760605458506219,0.05822646899971564,0.05829042495788236,0.05841627377879109,0.05877937857354354,0.059693896936372434,0.05847323943314113,0.05849258158548261,0.05852254434402744,0.05853709444116958,0.058537094441169314,0.05853709444116948,0.058563994301923744,0.058582771459626516,0.058586959522582444,0.058592333629880804,0.058600510501272414,0.0586088328226112,0.05861601671320049,0.058608309683375694,0.058598595984495384,0.058686552329359126,0.05873043965228663,0.05868612958543765,0.05864932792168527,0.05862838008606456,0.058609789296923905,0.0586493279216853,0.058649327921685215,0.058649327921685535,0.05864932792168538,0.058649327921685535,0.058649327921685535,0.058649327921685535,0.058649327921685215,0.058649327921685215,0.05864932792168538,0.05509760122620161,0.055322145274255594,0.055322532895732066,0.06019317452905205,0.05509178602243198,0.05737801036778403
线路序号102,0.5570611863768857,0.5568573617317326,0.5571476945346011,0.5575669389515362,0.5576488552668661,0.5571936396353951,0.5570182973180868,0.5585804751321537,0.5585804751321541,0.5585804751321537,0.5568606930249547,0.5567316800686383,0.5557466826623192,0.5554785203216989,0.5520221391243175,0.5565709217180795,0.5562237684934401,0.5535051829346957,0.5508511974288337,0.554411200701119,0.5569944851268981,0.5599459408312704,0.5647838939961658,0.5692409752085773,0.5625963011941871,0.5619020384249809,0.561101511000994,0.560492153039302,0.5598200775330121,0.5603390384733724,0.5595841740414046,0.5609998871479595,0.5396577289923642,0.5226981156510531,0.5239126278891899,0.5235778164073198,0.5255440132468958,0.5669692325084958,0.4793078885182808,0.4529184022344958,0.4318111576458606,0.373300315357034,0.44712711215470613,0.3368051356050111,0.2962997970266578,0.2814579475580213,0.2932320682080713,0.24324918240440688,0.23303996208558425,0.26144564849987867,0.2956617112939909,0.3040823278013384,0.32749679717125907,0.34496814434636813,0.35307555696674503,0.3485513837011597,0.31206216418492494,0.31823006408969096,0.4424788144392637,0.4333397306578275,0.4485102907019032,0.3667617455848232,0.5053803805237038,0.537971865541549,0.6879961855363039,0.0,0.1703721609924922,0.6521979627151144,0.5865286715531444,0.5878800902381177,0.5862720985405518,0.5781189012007764,0.5862720985405517,0.5938960677317588,0.5957422407192254,0.6037831588841909,0.6153934602345802,0.6165903182216438,0.6189454258736075,0.6257404905743568,0.6428545896863863,0.6200114688249158,0.6203734336860552,0.6209341502777065,0.6212064376528944,0.6212064376528947,0.6212064376528947,0.6217098358368547,0.622061227510364,0.6221396020159256,0.6222401718991346,0.6223931921042094,0.6225489342281724,0.6226833720049911,0.6225391443135182,0.6223573642507616,0.6240033602905544,0.6248246581724457,0.6239954491521181,0.6233067507655732,0.622914737494359,0.6225668334818705,0.6233067507655741,0.6233067507655738,0.6233067507655737,0.6233067507655737,0.6233067507655737,0.6233067507655737,0.6233067507655737,0.6233067507655738,0.6233067507655738,0.6233067507655737,0.5568405045359125,0.5610425733511577,0.5610498272157501,0.6521979627151144,0.5567316800686397,0.599515588658102
线路序号103,-0.05510939370178401,-0.0550985020165449,-0.055114016399031955,-0.05513641937305044,-0.055140796698091445,-0.055116471546572475,-0.05510710185857801,-0.055190579246877564,-0.055190579246877564,-0.055190579246877564,-0.0550986800293464,-0.055091786022431664,-0.05503915116216496,-0.05502482149263036,-0.05484012441606824,-0.05508319565126601,-0.05506464498163875,-0.0549193731564534,-0.05477755333503359,-0.05496778761747979,-0.05510582941730178,-0.05526354501898549,-0.055522068531023504,-0.055760239561042604,-0.05540517112528224,-0.05536807212013262,-0.05532529469875833,-0.0552927327133546,-0.05525681931892364,-0.05528455079964271,-0.055244213450888466,-0.0553198642709488,-0.05417941303200824,-0.05327314985533846,-0.05333804919572538,-0.053320158026209576,-0.05342522479618593,-0.05563884547531166,-0.05095452594060525,-0.049544362914542554,-0.04841646464548058,-0.04528984726717459,-0.04923489636957481,-0.04333967087638064,-0.041175205444689285,-0.040382108256893305,-0.04101127660926456,-0.03834036377912237,-0.037794818296966806,-0.049062845226263044,-0.06263574437593883,-0.06597605209398502,-0.0752641526365114,-0.08219472307191335,-0.08541078841886257,-0.08361612993232234,-0.06914151023325324,-0.07158820563115541,-0.12087545905115445,-0.17466512018065775,-0.1671997264781076,-0.22649901286511415,-0.11923803404603545,-0.11838962730763194,-0.06210610794800196,0.0,-0.6406848961364259,-0.06019317452905162,-0.0566840343605585,-0.05675624950873515,-0.05667032398469397,-0.05623464527124304,-0.056670323984694064,-0.05707772257327021,-0.05717637568302164,-0.05760605458506195,-0.05822646899971541,-0.058290424957881844,-0.05841627377878991,-0.05877937857354245,-0.05969389693637214,-0.0584732394331412,-0.058492581585482525,-0.058522544344027684,-0.0585370944411691,-0.05853709444116962,-0.05853709444116938,-0.05856399430192331,-0.05858277145962643,-0.058586959522582104,-0.05859233362988037,-0.05860051050127244,-0.0586088328226105,-0.058616016713200395,-0.05860830968337567,-0.05859859598449452,-0.058686552329359036,-0.058730439652286436,-0.058686129585437626,-0.05864932792168514,-0.0586283800860641,-0.0586097892969236,-0.05864932792168531,-0.05864932792168542,-0.05864932792168479,-0.05864932792168509,-0.05864932792168479,-0.05864932792168479,-0.05864932792168479,-0.05864932792168542,-0.05864932792168542,-0.05864932792168509,-0.05509760122620255,-0.05532214527425646,-0.055322532895733426,-0.06019317452905162,-0.05509178602243621,-0.05737801036778414
线路序号104,-0.13231366382871473,-0.13266581169341624,-0.13216420367393727,-0.13142040848737316,-0.13129834821473474,-0.13208482431760177,-0.1323877632609275,-0.12982724746188495,-0.12982724746188493,-0.12982724746188495,-0.13247275770520367,-0.13288295191828386,-0.13331980964552917,-0.13375276195168181,-0.136151813670368,-0.13548561566023531,-0.14110599623488201,-0.14026749487000356,-0.13944891829003758,-0.1696236193268633,-0.1915196203356289,-0.21653625281914882,-0.2575428978179062,-0.32675701119100836,-0.20473113594745948,-0.18083897431392734,-0.19907540009624636,-0.1924712393486233,-0.18518735211468895,-0.12705033817561406,-0.18263065362642458,-0.20119112149180082,-0.11461065079572347,-0.0923152527798965,-0.0913365284434676,-0.09160633893620862,-0.09002186359155642,-0.07073881999532931,-0.09378174410886399,-0.09592771364940193,-0.09764413599597238,-0.10240218562198321,-0.1056968575831712,-0.12523193086528725,-0.13240434367180015,-0.15675609569917362,-0.20233754449891572,-0.12286388734515279,-0.11380803273204161,-0.09712204158411303,-0.07702293492734852,-0.07207651925365471,-0.05832245526302615,-0.04805948396726682,-0.04329704967002221,-0.04595462723953508,-0.06738902544285778,-0.06376589443622821,0.009219968965784413,0.02982978767826426,0.03264052099925909,0.02612349700253753,0.034138681791092154,0.047049931959645255,0.08278339027399893,0.0,0.012135171376464823,-0.8375744271507514,-0.6955384512866836,-0.6162042434372592,-0.5912337045678991,-0.4646225215683227,-0.5912337045678988,-0.6626832307734988,-0.6769466237126625,-0.7055940642848479,-0.7469581735988335,-0.7499049540064417,-0.7557034573891543,-0.7724335655097688,-0.8145701368509648,-0.7583281584953312,-0.7592193510783918,-0.7605998896922942,-0.7612702876101058,-0.7612702876101062,-0.7612702876101062,-0.7625097027468656,-0.7633748631168388,-0.763567828748469,-0.7638154415518584,-0.7641921921330929,-0.7645756443425413,-0.7649066431837178,-0.7645515406234628,-0.7641039804841538,-0.7681565823245444,-0.7701786973401322,-0.7681371043346756,-0.7664414621330478,-0.7654762874509864,-0.7646197140405984,-0.7664414621330488,-0.7664414621330484,-0.7664414621330485,-0.7664414621330484,-0.7664414621330485,-0.7664414621330485,-0.7664414621330485,-0.7664414621330484,-0.7664414621330484,-0.7664414621330484,-0.14886473613292117,-0.2003024313791872,-0.2001514121443606,-0.8375744271507514,-0.13288295191828559,-0.6903899592397075
线路序号105,-0.028180438808211878,-0.02816503408209328,-0.02818697695022932,-0.028216143684949097,-0.02822485384100571,-0.02819044940417945,-0.02817719732480948,-0.02831318131729536,-0.0283131813172954,-0.02831318131729541,-0.028141048605170894,-0.028155535271992504,-0.027917404295457103,-0.027893209377145164,-0.027169679681311995,-0.028444240484758253,-0.029067691429831486,-0.028134954612168604,-0.02722438183769773,-0.03221175372283251,-0.03583079537281413,-0.03996562505536154,-0.046743335565928676,-0.057062405422968525,-0.03923521341995981,-0.03592722211101601,-0.03805266542078848,-0.03701294029739193,-0.03586620252971584,-0.028479911834336857,-0.03546368906089177,-0.03829662414418629,-0.02075176163175732,-0.012476316507510998,-0.01288153513343479,-0.012769826214936369,-0.013425842314742446,-0.02316428982639368,-0.002814634007991323,0.0032417631859562924,0.00808588389084216,0.02151414457173751,0.01638208373662817,0.058510884568940956,0.07397871242139169,0.11203866385290549,0.17861801424557402,0.06600417093761272,0.053703949285642955,0.04583013228979976,0.03634572790576962,0.03401160394185563,0.027521310266686614,0.02267840000142289,0.020431093516672244,0.021685156236057122,0.031799660515291886,0.030089970617625212,-0.004350736357243833,-0.014076136510037264,-0.015402470654495858,-0.012327205070762477,-0.016109425596558476,-0.022202010694649003,-0.03906398244696802,0.0,-0.00572636757291712,-0.06747008218996396,-0.12052817392223021,-0.10021583272146319,-0.09649299755962473,-0.07761665026016162,-0.0964929975596247,-0.10317517474680897,-0.10408333261702096,-0.10021665277867105,-0.09463354432915128,-0.09375020657353877,-0.0920120258286238,-0.08699694695804966,-0.07436593303463769,-0.09122523575146102,-0.09095808857819146,-0.09054425323518696,-0.09034329228453096,-0.09034329228453099,-0.09034329228453099,-0.08997176063515873,-0.08971241697402825,-0.0896545728850981,-0.08958034755855455,-0.08946741141577548,-0.08935246636822261,-0.08925324493566532,-0.08935969178789044,-0.0894938540647731,-0.0882790312008643,-0.08767287455110244,-0.08828486999489543,-0.088793161950699,-0.08908248627063324,-0.08933925587311044,-0.08879316195069911,-0.08879316195069907,-0.08879316195069908,-0.08879316195069908,-0.08879316195069908,-0.0887931619506991,-0.0887931619506991,-0.08879316195069907,-0.08879316195069907,-0.08879316195069908,-0.030259415474027246,-0.03819415143401533,-0.038176737770848616,-0.06747008218996396,-0.028155535271992705,-0.10226882237092698
线路序号106,-0.033009362596431266,-0.03300011929862957,-0.033013285677781716,-0.033029819609173894,-0.03303601294852747,-0.033015369254322836,-0.03300741760914783,-0.03309588991613399,-0.03309588991613408,-0.03309588991613403,-0.032976423400219,-0.03299441972761112,-0.03278870006365543,-0.03277267468709919,-0.03216107238299733,-0.0332831399955081,-0.03390662345172238,-0.033078679452232036,-0.03227040936956137,-0.037056634710588884,-0.040529716176000374,-0.04449778333907423,-0.051002140853803356,-0.060996785663052173,-0.04369789987449734,-0.04047181951940385,-0.04258124442576282,-0.04157875186347303,-0.04047307878015196,-0.03320891610217833,-0.04008497932036445,-0.04282365057929222,-0.026137193016622515,-0.018802045446983023,-0.018997934275538798,-0.018943932490368832,-0.019261060620922338,-0.027798551858188233,-0.007444203855680446,-0.0006996771170282389,0.004694833938490267,0.01964881735727901,-0.0005373949031169122,0.026126169900361807,0.035915848746300945,0.036374672449475155,0.0266648841500659,0.05146418327333597,0.05549603669452627,0.047359472387064526,0.03755857579150308,0.035146562692392434,0.028439689534151134,0.023435172559805942,0.021112874017510278,0.022408784497427735,0.032860807264725705,0.031094065441093457,-0.0044959193456255075,-0.014545853678716782,-0.015916447263158343,-0.012738560833008847,-0.01664699311552031,-0.022942886260543555,-0.04036753780956713,0.0,-0.005917455032267265,-0.06909496588633952,-0.12272302889668463,-0.10279349642530669,-0.0991877048528644,-0.08090481800667766,-0.09918770485286438,-0.10554010199226681,-0.1063829756583181,-0.10239251823686292,-0.0966306870332009,-0.09573524366179242,-0.09397324218902088,-0.08888943466102446,-0.07608532024383328,-0.09317566962426975,-0.09290486135871694,-0.09248535464976732,-0.09228163964943646,-0.09228163964943649,-0.09228163964943649,-0.09190501638094711,-0.09164211857000155,-0.0915834817624174,-0.09150823922215266,-0.09139375535706093,-0.09127723505635661,-0.0911766538533903,-0.09128455949608094,-0.0914205603867531,-0.09018908910183299,-0.08957462543760517,-0.09019500791304531,-0.0907102657061971,-0.09100355504294999,-0.09126384351930746,-0.09071026570619722,-0.09071026570619718,-0.09071026570619718,-0.09071026570619718,-0.09071026570619718,-0.0907102657061972,-0.0907102657061972,-0.09071026570619718,-0.09071026570619718,-0.09071026570619718,-0.03505807139912609,-0.04272183001240164,-0.04270452717096885,-0.06909496588633952,-0.032994419727611406,-0.1045103805171279
线路序号107,-0.08782238364544326,-0.08807319861141809,-0.08771593164787146,-0.0871867478103253,-0.08709923187680288,-0.08765939423119481,-0.08787516047140585,-0.08604732968525276,-0.08604732968525307,-0.08604732968525314,-0.08794127114695977,-0.08822785528713312,-0.08857664801519971,-0.08888591866615844,-0.09070094495908403,-0.090012396166994,-0.09386606298309501,-0.09343456647011321,-0.0930133233396187,-0.11342242991090834,-0.1282321149357158,-0.14515248534097355,-0.17288793786093135,-0.21989364594676025,-0.1369590223731153,-0.12068948064948298,-0.13317624714396803,-0.12870060127548083,-0.12376430413632009,-0.08406171655963074,-0.12203162719775959,-0.1346253654858968,-0.07662901307371062,-0.06231332602724699,-0.0615677230695408,-0.0617732676686922,-0.06056619693445904,-0.045290220906686905,-0.06526307470680148,-0.06794383985045006,-0.07008801063737617,-0.07603181056006668,-0.07605125503975847,-0.0961065065547507,-0.10346990574587055,-0.12416757377709456,-0.16152211541799216,-0.0974254762905019,-0.09028010103614777,-0.07704366305755574,-0.061099714848018225,-0.05717588894515518,-0.0462652505928064,-0.038123979161696006,-0.034346099523396935,-0.036454266809373366,-0.053457457085064705,-0.05058334859295255,0.007313892611965142,0.023662971592007347,0.025892632206583905,0.020722895319344202,0.027081072990667535,0.03732313536305219,0.06566929116197032,0.0,0.009626425056812073,0.12709025369778348,-0.559888004153764,-0.4164673133991851,-0.39950895326659436,-0.31352290189007814,-0.39950895326659436,-0.40613309227945943,-0.4029617439993322,-0.3365348739883073,-0.24062095436263267,-0.22866322999092772,-0.20513351429176604,-0.13724449850402115,0.03374126778036294,-0.1944827537855745,-0.19086638819456328,-0.18526430797612378,-0.18254390387004837,-0.18254390387004835,-0.18254390387004835,-0.17751448785071533,-0.17400375823721975,-0.17322072403816777,-0.17221593737466542,-0.17068712321680063,-0.16913111455783067,-0.1677879561399461,-0.1692289249098819,-0.17104507679272737,-0.1546000455747477,-0.14639451592555644,-0.15467908520510817,-0.16155982257791585,-0.16547639973067776,-0.16895228436704318,-0.161559822577916,-0.16155982257791593,-0.16155982257791593,-0.16155982257791604,-0.16155982257791593,-0.16155982257791596,-0.161559822577916,-0.16155982257791593,-0.16155982257791593,-0.16155982257791604,-0.09912927621919249,-0.13401667610685747,-0.1339132386960405,0.1270902536977835,-0.08822785528713373,-0.3717897201209878
线路序号108,-0.10058225824375817,-0.10074908890889207,-0.1005114512347322,-0.1001556556175145,-0.10010125070066232,-0.10047384512621088,-0.10061736297901487,-0.0994286490562227,-0.09942864905622281,-0.09942864905622292,-0.1006247105397463,-0.10085195946917498,-0.10083660476622301,-0.10103638218632335,-0.101545044560354,-0.10249359322652007,-0.10603865605263355,-0.10466270038234239,-0.10331944068837495,-0.12400852573075956,-0.1390213746204898,-0.15617386392913324,-0.18428980001237366,-0.2306137623026195,-0.14931347040658496,-0.13357997568618854,-0.14518426792967637,-0.14070828031604535,-0.1357716062579705,-0.09815901898581943,-0.1340387970180734,-0.14652789214333156,-0.08383585140464299,-0.06403631395954075,-0.06385915078388316,-0.06390799036203733,-0.06362117754522964,-0.06359113002204797,-0.0534790166845599,-0.047690330532951186,-0.04306033458930374,-0.030225643575086034,-0.04553029310927875,-0.01851436499116905,-0.008595313958399357,-0.0003280649706505794,0.006953874067662446,0.00035796916189721495,0.0005412745782657939,0.00046191548027658497,0.00036632349772493266,0.00034279818941905835,0.0002773834290787536,0.00022857241524684214,0.00020592212814602692,0.000218561650538385,0.00032050432162559334,0.0003032725967592778,-4.385046199092883e-05,-0.0001418714071205004,-0.0001552393430773699,-0.00012424417225600059,-0.00016236464285900243,-0.00022377095418961245,-0.0003937204042835223,0.0,-5.771525621960767e-05,0.009601140427140123,0.05138512119815917,-0.4243364298070523,-0.4076240247125021,-0.3228850693035158,-0.40762402471250203,-0.234962729532486,-0.17684804902494725,-0.1169860832354233,-0.030551244827135053,-0.029245515914846133,-0.026676178377761768,-0.019263007778960665,-0.0005921426806087635,-0.025513163953068588,-0.02511827333987104,-0.024506551754492605,-0.024209496045229265,-0.024209496045229265,-0.024209496045229265,-0.023660306776081105,-0.02327695112938159,-0.023191447369533044,-0.0230817292529053,-0.02291478972617032,-0.02274488068406216,-0.022598213916582115,-0.02275556112798485,-0.022953876622540805,-0.021158154287978733,-0.02026214790996384,-0.02116678505478442,-0.021918130164126512,-0.022345802509348943,-0.02272535324361932,-0.02191813016412651,-0.021918130164126536,-0.02191813016412651,-0.02191813016412651,-0.021918130164126536,-0.02191813016412651,-0.02191813016412651,-0.021918130164126536,-0.021918130164126536,-0.02191813016412651,-0.11126699584812906,-0.14596351464246884,-0.14586760735474044,0.009601140427140095,-0.10085195946917487,-0.1487567265422536
线路序号109,0.09675173261667644,0.09691548253706203,0.09668223315096729,0.09633318589074784,0.0962796075021274,0.09664532148804614,0.0967861890974371,0.09561815934765305,0.09561815934765298,0.09561815934765296,0.09679511485529553,0.09701645345894151,0.09701295700231954,0.09720932300795711,0.09774128286733542,0.09860649807024821,0.10204015555821386,0.10074056446719949,0.09947185474864488,0.11944600388013676,0.13394006594221938,0.15049983060678962,0.17764418711881705,0.2224081011385124,0.14383212462095438,0.12861900797217074,0.13985465497139532,0.1355314657547392,0.13076331671227526,0.09436958305606102,0.12908966100383884,0.14115569810763923,0.08074980272205144,0.06179680736719457,0.06160799892621775,0.06166004882075734,0.06135438326360834,0.06085083083995145,0.052020290986266794,0.04669281379023693,0.042431709083318656,0.030619611846481518,0.044926084374829235,0.020297438197991274,0.01125489125205362,0.004171379698396373,-0.0014726769483621807,0.002697766567101918,0.0023040233759359357,0.0019662184536243057,0.0015593156150377821,0.0014591763097031609,0.0011807277310941346,0.0009729557030188967,0.0008765410679197579,0.0009303432530250713,0.0013642788314200665,0.001290929188754614,-0.00018665663145753022,-0.0006038987447550966,-0.0006608015408023797,-0.0005288655493830829,-0.0006911315395066126,-0.0009525175022263461,-0.0016759350087317858,0.0,-0.00024567438564019624,-0.012930262386471924,-0.030605172947200297,-0.09039321370798517,-0.06340792409182315,0.07341889649716729,-0.06340792409182315,-0.06430074624371225,-0.056293534005998874,-0.04589838234980834,-0.030888797519406395,-0.03030479787911278,-0.029155637296599556,-0.02584002643557776,-0.017489304935282033,-0.028635468064468105,-0.02845884949234932,-0.02818525121137487,-0.028052390227962284,-0.028052390227962277,-0.028052390227962277,-0.02780676011851375,-0.027635300669565335,-0.027597058302006996,-0.027547985833716503,-0.027473320547035253,-0.027397327116438816,-0.027331729013612673,-0.02740210404628261,-0.027490802532159228,-0.026687648686378813,-0.026286901335579742,-0.026691508878691726,-0.02702755510502746,-0.027218835617714928,-0.02738859328349144,-0.027027555105027478,-0.027027555105027485,-0.02702755510502748,-0.027027555105027485,-0.02702755510502749,-0.02702755510502749,-0.02702755510502749,-0.027027555105027485,-0.027027555105027485,-0.027027555105027485,0.10709111150303458,0.14060920641279948,0.14051633854308818,-0.012930262386471929,0.09701645345894153,-0.05141541893611825
线路序号110,-0.09675173261667742,-0.09691548253706292,-0.09668223315096813,-0.09633318589074842,-0.09627960750212804,-0.09664532148804661,-0.09678618909743783,-0.09561815934765391,-0.0956181593476538,-0.0956181593476538,-0.09679511485529665,-0.097016453458942,-0.0970129570023207,-0.09720932300795809,-0.09774128286733585,-0.09860649807024936,-0.10204015555821415,-0.1007405644672,-0.09947185474864509,-0.11944600388013711,-0.13394006594221994,-0.15049983060678981,-0.1776441871188174,-0.22240810113851245,-0.14383212462095454,-0.12861900797217096,-0.13985465497139576,-0.1355314657547397,-0.13076331671227542,-0.09436958305606144,-0.1290896610038391,-0.1411556981076397,-0.0807498027220517,-0.061796807367194895,-0.06160799892621811,-0.06166004882075754,-0.06135438326360853,-0.06085083083995164,-0.05202029098626717,-0.046692813790237084,-0.04243170908331887,-0.03061961184648161,-0.044926084374829554,-0.020297438197991336,-0.011254891252053686,-0.0041713796983963705,0.0014726769483621835,-0.0026977665671019243,-0.0023040233759359418,-0.001966218453624319,-0.0015593156150377945,-0.001459176309703165,-0.0011807277310941424,-0.0009729557030188986,-0.0008765410679197603,-0.000930343253025072,-0.0013642788314200743,-0.0012909291887546186,0.00018665663145753057,0.0006038987447550996,0.0006608015408023813,0.0005288655493830854,0.0006911315395066143,0.0009525175022263508,0.0016759350087317923,0.0,0.0002456743856401969,0.01293026238647196,0.030605172947200474,0.09039321370798534,-0.8503223310722103,-0.5497250933379935,-0.8503223310722103,0.06430074624371244,0.05629353400599896,0.04589838234980848,0.03088879751940656,0.030304797879113044,0.0291556372965998,0.025840026435577826,0.017489304935282092,0.028635468064468327,0.02845884949234944,0.028185251211374975,0.02805239022796252,0.028052390227962496,0.028052390227962496,0.02780676011851387,0.027635300669565474,0.027597058302006993,0.027547985833716624,0.02747332054703535,0.02739732711643892,0.027331729013612877,0.027402104046282766,0.027490802532159405,0.026687648686379007,0.026286901335579847,0.026691508878692004,0.027027555105027554,0.027218835617714997,0.027388593283491545,0.0270275551050275,0.027027555105027513,0.027027555105027513,0.02702755510502761,0.027027555105027624,0.027027555105027523,0.027027555105027523,0.027027555105027513,0.027027555105027513,0.027027555105027513,-0.10709111150303482,-0.14060920641279978,-0.14051633854308845,0.012930262386471967,-0.09701645345894144,0.05141541893611862
线路序号111,0.09675173261667648,0.09691548253706209,0.09668223315096725,0.09633318589074792,0.0962796075021274,0.09664532148804615,0.09678618909743714,0.095618159347653,0.09561815934765298,0.09561815934765305,0.09679511485529557,0.09701645345894154,0.09701295700231954,0.09720932300795716,0.09774128286733548,0.09860649807024822,0.10204015555821391,0.10074056446719949,0.0994718547486449,0.11944600388013678,0.13394006594221936,0.1504998306067896,0.17764418711881697,0.2224081011385123,0.14383212462095432,0.12861900797217074,0.13985465497139526,0.13553146575473918,0.13076331671227523,0.094369583056061,0.12908966100383884,0.14115569810763917,0.08074980272205147,0.06179680736719458,0.06160799892621775,0.061660048820757346,0.06135438326360833,0.060850830839951395,0.05202029098626679,0.04669281379023695,0.04243170908331867,0.030619611846481532,0.04492608437482922,0.020297438197991274,0.011254891252053624,0.004171379698396374,-0.0014726769483621811,0.002697766567101917,0.002304023375935934,0.001966218453624305,0.0015593156150377817,0.0014591763097031606,0.001180727731094134,0.0009729557030188964,0.000876541067919758,0.0009303432530250716,0.0013642788314200667,0.001290929188754614,-0.0001866566314575303,-0.0006038987447550964,-0.0006608015408023797,-0.0005288655493830826,-0.0006911315395066124,-0.0009525175022263461,-0.0016759350087317865,0.0,-0.0002456743856401962,-0.012930262386471927,-0.030605172947200297,-0.09039321370798516,-0.14967766892778916,-0.45027490666200654,-0.14967766892778916,-0.06430074624371228,-0.056293534005998916,-0.04589838234980833,-0.030888797519406406,-0.030304797879112777,-0.029155637296599545,-0.025840026435577756,-0.017489304935282037,-0.0286354680644681,-0.028458849492349333,-0.028185251211374877,-0.02805239022796229,-0.028052390227962284,-0.02805239022796229,-0.027806760118513744,-0.027635300669565335,-0.027597058302007003,-0.027547985833716496,-0.027473320547035256,-0.02739732711643882,-0.027331729013612676,-0.027402104046282603,-0.02749080253215923,-0.026687648686378816,-0.026286901335579763,-0.02669150887869172,-0.027027555105027478,-0.027218835617714935,-0.02738859328349146,-0.027027555105027492,-0.02702755510502749,-0.0270275551050275,-0.027027555105027495,-0.027027555105027492,-0.0270275551050275,-0.0270275551050275,-0.02702755510502749,-0.02702755510502749,-0.027027555105027495,0.10709111150303463,0.14060920641279942,0.14051633854308818,-0.012930262386471934,0.09701645345894169,-0.05141541893611825
线路序号112,-0.09675173261667609,-0.09691548253706171,-0.09668223315096694,-0.09633318589074766,-0.09627960750212729,-0.09664532148804596,-0.09678618909743691,-0.0956181593476529,-0.09561815934765282,-0.09561815934765273,-0.09679511485529525,-0.09701645345894142,-0.09701295700231936,-0.09720932300795694,-0.09774128286733523,-0.09860649807024793,-0.1020401555582137,-0.10074056446719935,-0.09947185474864477,-0.1194460038801367,-0.1339400659422193,-0.15049983060678956,-0.17764418711881705,-0.22240810113851242,-0.1438321246209543,-0.12861900797217066,-0.13985465497139524,-0.1355314657547391,-0.1307633167122752,-0.09436958305606095,-0.12908966100383876,-0.14115569810763914,-0.08074980272205136,-0.061796807367194465,-0.06160799892621769,-0.061660048820757256,-0.0613543832636083,-0.06085083083995146,-0.05202029098626672,-0.046692813790236876,-0.04243170908331859,-0.030619611846481494,-0.04492608437482919,-0.020297438197991253,-0.0112548912520536,-0.004171379698396371,0.0014726769483621796,-0.002697766567101917,-0.002304023375935936,-0.001966218453624304,-0.0015593156150377797,-0.0014591763097031591,-0.001180727731094133,-0.0009729557030188962,-0.0008765410679197568,-0.0009303432530250699,-0.0013642788314200645,-0.0012909291887546128,0.00018665663145753003,0.0006038987447550962,0.000660801540802379,0.0005288655493830824,0.0006911315395066122,0.0009525175022263446,0.0016759350087317835,0.0,0.00024567438564019613,0.012930262386471913,0.030605172947200263,0.09039321370798509,0.14967766892778897,-0.5497250933379937,0.14967766892778897,0.06430074624371213,0.05629353400599882,0.0458983823498083,0.030888797519406333,0.030304797879112725,0.029155637296599514,0.025840026435577753,0.017489304935282012,0.02863546806446807,0.02845884949234928,0.028185251211374832,0.028052390227962222,0.028052390227962232,0.028052390227962222,0.027806760118513737,0.027635300669565304,0.027597058302006986,0.027547985833716485,0.027473320547035215,0.027397327116438788,0.02733172901361262,0.027402104046282582,0.027490802532159183,0.026687648686378775,0.026286901335579697,0.026691508878691678,0.027027555105027416,0.027218835617714904,0.027388593283491393,0.02702755510502747,0.027027555105027464,0.027027555105027447,0.02702755510502744,0.027027555105027447,0.02702755510502745,0.02702755510502745,0.027027555105027464,0.027027555105027464,0.027027555105027454,-0.10709111150303441,-0.14060920641279942,-0.14051633854308812,0.012930262386471915,-0.09701645345894128,0.05141541893611816
线路序号113,0.0,0.0,0.0,0.0,0.0,0.0,0.0,0.0,0.0,0.0,0.0,0.0,0.0,0.0,0.0,0.0,0.0,0.0,0.0,0.0,0.0,0.0,0.0,0.0,0.0,0.0,0.0,0.0,0.0,0.0,0.0,0.0,0.0,0.0,0.0,0.0,0.0,0.0,0.0,0.0,0.0,0.0,0.0,0.0,0.0,0.0,0.0,0.0,0.0,0.0,0.0,0.0,0.0,0.0,0.0,0.0,0.0,0.0,0.0,0.0,0.0,0.0,0.0,0.0,0.0,0.0,0.0,0.0,0.0,0.0,0.0,0.0,-0.9999999999999999,0.0,0.0,0.0,0.0,0.0,0.0,0.0,0.0,0.0,0.0,0.0,0.0,0.0,0.0,0.0,0.0,0.0,0.0,0.0,0.0,0.0,0.0,0.0,0.0,0.0,0.0,0.0,0.0,0.0,0.0,0.0,0.0,0.0,0.0,0.0,0.0,0.0,0.0,0.0,0.0,0.0,0.0,0.0,0.0,0.0
线路序号114,0.04173905761558763,0.04181122822331254,0.04170842664694363,0.04155467021064504,0.04153097472700404,0.041692158320590464,0.04175424385293476,0.041238870401754724,0.04123887040175485,0.04123887040175485,0.04175896209967901,0.04185572981926696,0.04185948583184675,0.04194615864916317,0.042195573385086706,0.042546784997995385,0.04403909959858243,0.043489641369353405,0.04295323957329402,0.05160424009608639,0.057881760988266445,0.06505395800288913,0.07681044589283761,0.0962170883605962,0.062145459750814425,0.05554566319337244,0.060426986058773925,0.05855369805120767,0.05648760379257041,0.04068748246195824,0.05576238937092776,0.060992271660224646,0.0348855983420323,0.026752403342636736,0.02666236201550148,0.026687184219198124,0.026541414611214318,0.026102532538252832,0.022711630154840113,0.02052576261134351,0.018777428430723307,0.013930916841735277,0.019908838691600945,0.009918292794134144,0.006250207279212555,0.003600101669595569,0.0018005777129731415,0.00258440211452771,0.002313011492670954,0.0019738887755369637,0.001565398587511535,0.0014648686334640924,0.0011853338122607509,0.0009767512545432735,0.000879960500866397,0.0009339725711340628,0.0013696009551120356,0.0012959651716210891,-0.00018738478882365255,-0.0006062545856162097,-0.0006633793624727004,-0.0005309286817907796,-0.0006938276801018935,-0.0009562333232512428,-0.00168247291961243,0.0,-0.000246632774378783,-0.007303514471992168,-0.004413369487639573,0.17737393160737105,0.1703725514487792,0.13487259571507457,0.17037255144877914,-0.29264910896721064,-0.13001067697422516,-0.09378267460605486,-0.04147297362567269,-0.04036180549825783,-0.0381753133765705,-0.03186674594350555,-0.01597794236927487,-0.03718559449366896,-0.036849544752355315,-0.03632897304552783,-0.03607618026971234,-0.036076180269712314,-0.036076180269712314,-0.035608823220287744,-0.03528258967206193,-0.03520982644240254,-0.03511645692821827,-0.03497439230855042,-0.03482980064762196,-0.03470498803465071,-0.034838889646695036,-0.035007655042520465,-0.0334795052060014,-0.03271700870321249,-0.03348684994111397,-0.034126240499393404,-0.034490187314475375,-0.03481318290313765,-0.034126240499393425,-0.03412624049939345,-0.03412624049939348,-0.03412624049939345,-0.03412624049939345,-0.03412624049939345,-0.03412624049939347,-0.03412624049939345,-0.03412624049939345,-0.03412624049939345,0.04622824794287872,0.06075482842886709,0.06071447859870184,-0.00730351447199218,0.041855729819267086,-0.11301002415560081
线路序号115,0.051182149374008036,0.05127064794192019,0.051144588420259304,0.05095604595333718,0.05092698957658858,0.05112463952929147,0.051200771362925085,0.05056879923732902,0.05056879923732916,0.05056879923732926,0.051206557071166635,0.05132521762944152,0.05132982340656951,0.05143610518042782,0.0517419477892304,0.05217261791598151,0.05400255546521215,0.053328787182703626,0.05267102923562083,0.06327924193342803,0.07097699627568277,0.07977183928155694,0.09418812833242288,0.1179853516138091,0.07620531908450938,0.06811237706478077,0.0740980559543405,0.07180095314222557,0.06926742337401007,0.04989266466434451,0.0683781356186767,0.07479123241172234,0.04277815569742822,0.03280489743221198,0.03269448505305109,0.03272492306027918,0.03254617437077274,0.03200799911960223,0.027849935133133715,0.025169534436179378,0.023025655146610396,0.01708266327614202,0.024413036948778742,0.012162218610679384,0.007664261266495403,0.004414592756546622,0.0022079424579649386,0.003169100181573342,0.002836309837466724,0.002420463611988236,0.0019195561402889656,0.0017962821753612901,0.0014535050790062687,0.0011977325667413621,0.0010790437631191497,0.0011452755854544647,0.001679461029353694,0.0015891658026474206,-0.00022977893608233717,-0.0007434143110144872,-0.0008134630622094317,-0.0006510465892313883,-0.0008508000417703365,-0.0011725726353910622,-0.0020631175021346743,0.0,-0.00030243125312121684,-0.008955869873811678,-0.0054118552086020125,0.21750321116960608,0.20891783081910584,0.1653863248165702,0.20891783081910578,-0.07091511305270012,-0.15942444006272002,-0.1150001733289851,-0.050855866240275216,-0.04949330617481401,-0.0468121395943904,-0.039076314706610736,-0.019592810181898047,-0.045598505588335905,-0.045186427572214416,-0.04454808113171461,-0.0442380962314416,-0.04423809623144158,-0.04423809623144158,-0.04366500379282093,-0.04326496279645044,-0.04317573753114468,-0.043061243992120156,-0.04288703851169051,-0.04270973426931798,-0.04255668390915683,-0.042720879573855126,-0.042927826644338946,-0.04105394645473507,-0.04011894187791091,-0.041062952871053944,-0.04184699987478811,-0.042293286430303514,-0.04268935690746457,-0.041846999874788134,-0.04184699987478813,-0.04184699987478815,-0.04184699987478813,-0.04184699987478812,-0.04184699987478812,-0.04184699987478815,-0.04184699987478813,-0.04184699987478813,-0.04184699987478813,0.05668697921506191,0.07450006975426328,0.0744505911327344,-0.008955869873811676,0.05132521762944166,-0.13857754025888927
线路序号116,-0.04555134209198508,-0.0456227289476927,-0.04552104376683963,-0.04536857200003119,-0.045345518923648576,-0.0455049521098253,-0.04556636341116771,-0.045059325718663,-0.045059325718663,-0.045059325718663,-0.04556732534027297,-0.04566674726913089,-0.045645440204787065,-0.045730571370678375,-0.04590660672855307,-0.04639628863618561,-0.04797171309909465,-0.04731806521144477,-0.04667994955082855,-0.05595663651797633,-0.06268818116336827,-0.07037910967459338,-0.08298588939917889,-0.10370502651545566,-0.06735951435016779,-0.06033452250829389,-0.06549652571726955,-0.06349194432036032,-0.06128104343464613,-0.04451909584857794,-0.060505000811982845,-0.06609408632910047,-0.03783141946764157,-0.028746896187867133,-0.028690079976007865,-0.028705742823601443,-0.02861376198332133,-0.02920447243390306,-0.023483559550551272,-0.02055547231297955,-0.018213484566963145,-0.011721321410654933,-0.019181221435250806,-0.005216815817808834,-8.97051978759611e-05,0.004760601044265986,0.009790671255460546,0.004035288599694979,0.0038414881846111793,0.0032782675023398985,0.002599840163867299,0.002432878334280018,0.0019686222264990614,0.0016222048249744337,0.0014614531219208646,0.0015511572718643809,0.00227465618020755,0.0021523606390304473,-0.00031121179229883183,-0.0010068777586667728,-0.0011017515437898016,-0.0008817752373617856,-0.00115232061912058,-0.0015881283014116433,-0.002794279173319641,0.0,-0.00040961183795067027,-0.0003560067045954851,0.047236383670109294,-0.1903506050047637,-0.18287571305732653,-0.1449748524787714,-0.18287571305732656,-0.3265516195988233,-0.36834875635255593,-0.2546906312318496,-0.09057938715512262,-0.08764538271995276,-0.08187201915397367,-0.06521444558655834,-0.023260560295778165,-0.07925869762291043,-0.07837136886758897,-0.07699681567534689,-0.07632932431456871,-0.07632932431456868,-0.07632932431456868,-0.07509528274877089,-0.07423387334205717,-0.07404174432641064,-0.07379520506563864,-0.07342008791288518,-0.07303829818729288,-0.07270873441472983,-0.07306229740301351,-0.07350791711405308,-0.06947288561222081,-0.06745953761762988,-0.06949227915390349,-0.07118056978023923,-0.07214155988000093,-0.07299441955649308,-0.07118056978023926,-0.07118056978023929,-0.07118056978023929,-0.07118056978023926,-0.07118056978023929,-0.07118056978023926,-0.07118056978023929,-0.07118056978023929,-0.07118056978023929,-0.07118056978023926,-0.0503118393720382,-0.06584308626428204,-0.06580043265849578,-0.00035600670459551287,-0.04566674726913067,-0.3150126020276196
线路序号117,0.04173905761558763,0.04181122822331253,0.04170842664694381,0.041554670210644976,0.041530974727004025,0.041692158320590374,0.04175424385293506,0.041238870401754835,0.0412388704017546,0.04123887040175494,0.04175896209967913,0.041855729819267114,0.04185948583184694,0.04194615864916307,0.042195573385086636,0.042546784997995524,0.04403909959858273,0.04348964136935347,0.042953239573294,0.0516042400960867,0.05788176098826656,0.06505395800288917,0.07681044589283767,0.09621708836059618,0.062145459750814765,0.055545663193372244,0.06042698605877375,0.05855369805120775,0.05648760379257035,0.04068748246195818,0.05576238937092779,0.06099227166022494,0.034885598342032205,0.02675240334263679,0.026662362015501463,0.02668718421919825,0.02654141461121444,0.02610253253825279,0.02271163015484008,0.02052576261134346,0.018777428430723445,0.013930916841735213,0.01990883869160094,0.00991829279413412,0.006250207279212589,0.0036001016695955657,0.001800577712973143,0.0025844021145277132,0.0023130114926709576,0.001973888775536973,0.0015653985875115316,0.0014648686334640967,0.0011853338122607517,0.0009767512545432741,0.0008799605008663981,0.0009339725711340638,0.0013696009551120317,0.0012959651716210872,-0.0001873847888236529,-0.0006062545856162109,-0.0006633793624727,-0.000530928681790779,-0.0006938276801018942,-0.0009562333232512425,-0.0016824729196124276,0.0,-0.00024663277437878326,-0.00730351447199218,-0.004413369487639532,0.17737393160737105,0.17037255144877914,0.1348725957150746,0.1703725514487792,0.7073508910327895,-0.130010676974225,-0.09378267460605509,-0.0414729736256726,-0.04036180549825776,-0.03817531337657061,-0.031866745943505644,-0.015977942369274873,-0.03718559449366899,-0.036849544752355204,-0.03632897304552771,-0.03607618026971238,-0.03607618026971234,-0.03607618026971234,-0.03560882322028781,-0.035282589672061986,-0.03520982644240257,-0.03511645692821826,-0.03497439230855029,-0.03482980064762192,-0.03470498803465078,-0.03483888964669506,-0.035007655042520555,-0.03347950520600134,-0.032717008703212425,-0.03348684994111398,-0.03412624049939346,-0.03449018731447546,-0.03481318290313776,-0.034126240499393466,-0.03412624049939342,-0.03412624049939339,-0.03412624049939342,-0.03412624049939339,-0.03412624049939339,-0.03412624049939336,-0.03412624049939342,-0.03412624049939342,-0.03412624049939342,0.04622824794287882,0.0607548284288671,0.06071447859870203,-0.00730351447199214,0.04185572981926688,-0.11301002415560082
线路序号118,0.021024058599095025,0.021063684566577107,0.021007240370654483,0.02092298982765061,0.020909808684393884,0.020998308089336983,0.02103239674901894,0.0207482103678779,0.020748210367877825,0.020748210367877808,0.02103663176450189,0.021088118596575715,0.021101286456089066,0.021149141479877558,0.021317450705391178,0.021447137087323685,0.022222427617104027,0.02196963284144865,0.021722845070362987,0.026153366824503744,0.029368335174303335,0.033041502782436886,0.03906246824319224,0.04904181383313504,0.03150789025440212,0.028104731789957725,0.030636768222778384,0.029675521989181566,0.02861534047072318,0.02044317084906139,0.028243208887892196,0.03093009459767998,0.017678693785316606,0.013674511272063981,0.013610760972024233,0.013628335379062191,0.013525128812240952,0.01282931003301072,0.012017969242697208,0.011157750809136812,0.010469717678004154,0.008562438977739248,0.011158118951166194,0.007484575372651576,0.006135813040034693,0.005670030116639865,0.006124463512737758,0.004344536634257606,0.003990370386319491,0.0034053213054707635,0.0027006005746989183,0.0025271679078747123,0.002044918910838012,0.0016850756225292788,0.0015180937643043781,0.0016112745229745482,0.002362813634809478,0.0022357783603429385,-0.0003232732368766514,-0.0010459007024732775,-0.0011444514527032424,-0.0009159496594714743,-0.001196980402674209,-0.0016496784160408189,-0.0029025753375973404,0.0,-0.0004254869127521946,-0.007374370939109287,0.01660410896730935,0.09077454462847555,0.08717427259145352,0.06891937212204574,0.08717427259145352,0.13753517597783085,0.15188499935488173,0.46570082485465947,-0.08117973930175837,-0.07877963772017242,-0.07405685718866441,-0.06043047401578882,-0.026110966780873764,-0.07191908361725713,-0.07119322270051634,-0.07006879792080951,-0.06952277043308833,-0.06952277043308831,-0.06952277043308831,-0.06851328828019496,-0.06780863014993979,-0.06765146298659318,-0.06744978664874973,-0.06714292982849002,-0.06683061464817094,-0.06656102182742368,-0.0668502467097034,-0.06721477668806046,-0.06391400271062207,-0.06226702506867413,-0.0639298671958653,-0.06531093838780803,-0.06609705644225917,-0.06679472064272286,-0.06531093838780812,-0.06531093838780803,-0.06531093838780803,-0.06531093838780812,-0.06531093838780808,-0.06531093838780808,-0.06531093838780813,-0.06531093838780803,-0.06531093838780803,-0.06531093838780803,0.023346841071052282,0.030806885440892096,0.030785947937124313,-0.00737437093910931,0.02108811859657575,0.29914881600404575
线路序号119,-0.0028785847143454114,-0.0028665341355546574,-0.0028836992743119824,-0.0029084834869046216,-0.0029133290420248746,-0.00288641565366155,-0.002876049015180456,-0.0029684261437969194,-0.0029684261437969723,-0.002968426143797057,-0.0028667072723329258,-0.0028591035484333326,-0.0028007074033041955,-0.002784849173400674,-0.002580045734484968,-0.0028498947845555533,-0.0028300087129207807,-0.002667434940726972,-0.0025087243076747055,-0.0027256560955934684,-0.002883070700673028,-0.0030629201316827647,-0.003357724869110798,-0.003634048214705614,-0.0032191509108191983,-0.0031740240854206303,-0.003129363343573283,-0.0030920687999405278,-0.003050935753571229,-0.0030724296617489853,-0.0030364977489597826,-0.003123661736944845,-0.0018506968498067978,-0.0008084778343342793,-0.0008979617186227625,-0.0008732931883594084,-0.0010181603415727223,-0.0034574601353167867,0.0014406636646375221,0.0028440490644084733,0.003966526348223011,0.007078116354690867,0.004504948338282399,0.012261728723530013,0.01510967457809725,0.019813226451670635,0.027016237654524697,0.015649620158854627,0.014537122181144512,0.012405758636692021,0.009838425187662269,0.009206601165393836,0.007449743552453538,0.00613881615931154,0.005530492760718732,0.005869955001708699,0.008607850193119753,0.008145054229976441,-0.0011777008366144418,-0.0038102694309594294,-0.004169294824203146,-0.0033368511748093277,-0.004360660459431683,-0.0060098623365390635,-0.010574229516961684,0.0,-0.0015500704542020453,-0.01871992810106461,0.09823928815905274,-0.004789607734139047,-0.004689917909254765,-0.004184448374630229,-0.0046899179092547835,-0.05333401988722593,-0.06823124689716789,-0.16746733053656854,-0.31075455374272715,-0.30125778159145966,-0.28257058477767544,-0.22865342675757633,-0.0928572825217209,-0.27411179758532644,-0.2712396959240117,-0.2667905484312386,-0.2646300154442179,-0.2646300154442177,-0.2646300154442177,-0.26063567534196896,-0.2578474693098106,-0.25722558698973946,-0.2564275898368288,-0.2552134123505815,-0.2539776371110548,-0.25291090659768983,-0.2540553176628549,-0.25549769750765955,-0.24243712597724523,-0.23592033038667032,-0.2424998989043611,-0.2479645502904465,-0.2510750786549112,-0.25383561095934876,-0.24796455029044667,-0.24796455029044664,-0.2479645502904466,-0.2479645502904466,-0.24796455029044664,-0.24796455029044662,-0.2479645502904467,-0.24796455029044664,-0.24796455029044664,-0.2479645502904466,-0.0028679278721791385,-0.0031260566465241314,-0.0031264636246223073,-0.018719928101064653,-0.0028591035484329414,-0.11479959443916957
线路序号120,0.02634580629851572,0.026395462650963004,0.026324730929709425,0.026219154336300416,0.026202636695550837,0.026313537650719827,0.026356255055673926,0.02600013355254325,0.026000133552543277,0.026000133552543235,0.026361562066071386,0.026426081583002452,0.026442582577540254,0.026502550979035974,0.026713463740372645,0.026875977190467994,0.02784751434759651,0.02753073049916383,0.02722147418772351,0.03277347868703435,0.03680224092627794,0.04140518482741583,0.04895021658288962,0.061455599625814546,0.039483374230754,0.03521878595990187,0.03839174807306649,0.03718718488389179,0.03585864326121128,0.02561788042866359,0.035392315289729734,0.03875932314516673,0.022153640786502192,0.017135893314917588,0.01705600612052057,0.0170780290768138,0.01694869818642502,0.016076749190941382,0.015060036494725567,0.013982073925406506,0.013119881332366372,0.010729819729483123,0.013982535253962597,0.00937912021435322,0.0076889503077973405,0.007105265353768302,0.007674727913660869,0.005444254261538419,0.005000439128429374,0.004267298584394329,0.003384194316968878,0.003166861235230692,0.002562542206928073,0.002111613023729788,0.001902363621602033,0.0020191309054783608,0.002960904529863802,0.0028017132529560085,-0.0004051022803281697,-0.001310645952824193,-0.001434142515768694,-0.0011478008489124775,-0.001499967938318606,-0.0020672558440131303,-0.003637294257469403,0.0,-0.0005331889526984733,-0.00924102011129002,0.02080705000655827,0.11375199314373753,0.10924039661910509,0.0863646959308277,0.10924039661910509,0.17234898240343483,0.19033112725561716,0.07082569597845038,-0.10172848771931209,-0.0987208566728524,-0.09280261493627026,-0.0757270322208859,-0.03272034606607741,-0.09012371408765832,-0.08921411849164246,-0.08780507193177979,-0.08712083038263443,-0.08712083038263439,-0.08712083038263439,-0.08585582148168493,-0.08497279566062983,-0.08477584531336463,-0.08452311933722757,-0.08413858890463602,-0.08374721845606208,-0.08340938453111374,-0.0837718199138604,-0.08422862211285213,-0.08009233456233529,-0.07802846313007931,-0.08011221477020633,-0.08184287176661284,-0.08282797718252086,-0.08370223872437255,-0.08184287176661291,-0.08184287176661288,-0.08184287176661287,-0.08184287176661288,-0.08184287176661291,-0.08184287176661291,-0.08184287176661291,-0.08184287176661288,-0.08184287176661288,-0.08184287176661288,0.02925654671485026,0.03860492647795641,0.038578689135816045,-0.00924102011129003,0.026426081583002425,0.13425101755384428
线路序号121,0.009284179333464988,0.009305324888278548,0.009275204643529066,0.009230420806272139,0.009223212296240612,0.009270438121567671,0.009288628809839918,0.009135736399763941,0.009135736399765254,0.009135736399765717,0.009292569363913912,0.009318363588750184,0.00933674047613254,0.009362549638336687,0.009484420637910251,0.009489084667963605,0.009857752130386675,0.009772820745652257,0.009689907532439073,0.011727734494089362,0.013206465340621537,0.014895945813101297,0.017665300402013098,0.022299620128214633,0.014142287064793495,0.012551643461308914,0.01375144863020226,0.013307282632495827,0.012817401304029977,0.008970613359227156,0.012645449321291701,0.013890551444700564,0.007925785334503619,0.00626062606366016,0.006211979661991881,0.00622539029164146,0.006146635711641822,0.005310464359556135,0.00595110862150468,0.0058395106125123,0.005750250577433341,0.005502815161914256,0.006186270418110138,0.00607772267618096,0.006037868757893856,0.006800381568944542,0.008517124290390884,0.0053083383803939855,0.004909670755940006,0.00418983823791599,0.0033227641500476247,0.003109376115856413,0.0025160267350696547,0.0020732828546049104,0.0018678317644228964,0.0019824794791883475,0.002907157953139322,0.002750856329069681,-0.00039774883121446164,-0.0012868550022712187,-0.001408109845690961,-0.001126965875758741,-0.0014727403998863622,-0.0020297308499754043,-0.0035712698001095417,0.0,-0.0005235104640252293,-0.007373567100249051,0.028306739492742004,0.041679930771829174,0.04000799631776272,0.03153058218446896,0.04000799631776257,0.05353537780868253,0.057173557322637396,0.0770131066865553,0.10565948040225816,-0.7996963727918442,-0.6134611161737884,-0.07612660527579135,-0.031653486176227145,0.02452608485807958,0.01816675535978616,0.00831557381069704,0.0035317803463292452,0.003531780346330151,0.003531780346330151,-0.0053123790302647385,-0.011485949104907488,-0.01286290404900509,-0.014629807673070089,-0.017318206488633057,-0.020054426462959435,-0.02241635219551325,-0.019882428294802357,-0.016688750014412765,-0.04560711279963565,-0.060036424613940154,-0.04546812268919486,-0.03336843999846596,-0.02648119256922143,-0.020368896910937725,-0.03336843999846542,-0.03336843999846654,-0.03336843999846654,-0.03336843999846654,-0.033368439998466656,-0.033368439998466656,-0.03336843999846677,-0.03336843999846654,-0.03336843999846654,-0.03336843999846654,0.01037850399379838,0.013832122534286994,0.013822193438400913,-0.007373567100249248,0.009318363588749722,0.06648362878024215
线路序号122,0.009284179333463184,0.009305324888282477,0.00927520464353059,0.009230420806270876,0.009223212296241881,0.009270438121566684,0.009288628809842416,0.009135736399764777,0.009135736399765415,0.009135736399764777,0.009292569363915105,0.009318363588749982,0.009336740476132198,0.009362549638339114,0.00948442063790971,0.009489084667963624,0.009857752130388694,0.009772820745654396,0.009689907532438414,0.011727734494090203,0.013206465340621636,0.014895945813102511,0.01766530040201369,0.02229962012821463,0.014142287064793861,0.01255164346130999,0.013751448630202555,0.013307282632495848,0.012817401304030444,0.008970613359226033,0.012645449321292223,0.01389055144470197,0.007925785334501518,0.006260626063660704,0.006211979661992033,0.006225390291640961,0.006146635711641987,0.005310464359556548,0.005951108621505595,0.005839510612512557,0.005750250577432872,0.005502815161914364,0.006186270418109976,0.006077722676181468,0.006037868757893986,0.006800381568944516,0.00851712429039087,0.0053083383803939664,0.004909670755939982,0.004189838237916035,0.0033227641500475818,0.003109376115856403,0.0025160267350696442,0.0020732828546049095,0.001867831764422908,0.001982479479188351,0.0029071579531393422,0.0027508563290696885,-0.0003977488312144556,-0.0012868550022712157,-0.0014081098456909678,-0.0011269658757587422,-0.0014727403998863505,-0.0020297308499754208,-0.003571269800109561,0.0,-0.0005235104640252275,-0.007373567100249201,0.02830673949274172,0.04167993077182901,0.04000799631776264,0.03153058218446842,0.040007996317762626,0.05353537780868256,0.0571735573226377,0.07701310668655456,0.10565948040225939,0.20030362720815617,-0.6134611161737881,-0.0761266052757914,-0.03165348617622748,0.024526084858079403,0.01816675535978571,0.008315573810697158,0.0035317803463289278,0.003531780346328955,0.003531780346328955,-0.0053123790302659,-0.011485949104908511,-0.012862904049005308,-0.014629807673070415,-0.017318206488634014,-0.020054426462959116,-0.022416352195513932,-0.01988242829480271,-0.016688750014413264,-0.045607112799636036,-0.06003642461394087,-0.045468122689195804,-0.03336843999846638,-0.026481192569221667,-0.020368896910938152,-0.03336843999846663,-0.03336843999846653,-0.03336843999846653,-0.03336843999846653,-0.033368439998466594,-0.033368439998466594,-0.033368439998466656,-0.03336843999846653,-0.03336843999846653,-0.03336843999846653,0.01037850399379838,0.013832122534287714,0.01382219343840034,-0.007373567100249121,0.00931836358875062,0.06648362878024151
线路序号123,0.02052090772262497,0.02056764593863541,0.020501070882193898,0.020402084751180067,0.020386151714579328,0.02049053539447591,0.020530742441547123,0.020192802928966132,0.020192802928966004,0.020192802928966577,0.020539452284777646,0.02059646549925982,0.02063708410394678,0.02069413033463759,0.02096350293575006,0.020973811884654057,0.021788680997477345,0.021600956369775777,0.021417692525306987,0.02592192036631845,0.02919037287659102,0.03292464724050701,0.03904577738342033,0.04928905727308482,0.0312588283164097,0.027743014001080604,0.03039495449809779,0.029413210272238005,0.028330421026640774,0.019827829940393397,0.027950353963763736,0.030702414739628422,0.01751843686306512,0.013837919876792278,0.013730396283825537,0.013760037922967618,0.013585965944083497,0.011737768646277437,0.013153790602585154,0.012907124487862505,0.012709832204140244,0.012162923409427418,0.01367357090353364,0.013433646822405056,0.013345557337035682,0.015030946478161986,0.018825478843915507,0.011733069574808972,0.010851890825500365,0.009260838332053602,0.0073443364306206935,0.006872682878758894,0.0055611972371024075,0.00458259633017828,0.004128485879301768,0.004381892786989515,0.0064257181974543606,0.006080243267551964,-0.0008791479320863875,-0.0028443475514118364,-0.003112358256867458,-0.0024909431315739664,-0.003255211770470457,-0.004486332930254945,-0.007893610774675151,0.0,-0.0011571200359485462,-0.01629786377622095,0.0625666489406581,0.0921255377059808,0.088430045469364,0.06969233835412413,0.08843004546936399,0.11832974229053142,0.12637124422653118,0.17022278426388981,0.23354012987880723,0.18706286261266653,0.09560759476638966,-0.1682633419704091,-0.06996399418745512,0.05421023292342496,0.040154147929258,0.01837998994859208,0.007806326868586865,0.007806326868586993,0.007806326868586993,-0.011742000660711169,-0.025387499877240927,-0.028430996166048668,-0.03233639964027114,-0.03827859248621759,-0.044326484883077055,-0.049547071244516995,-0.04394631573614096,-0.03688729900092989,-0.10080582457981344,-0.13269906636318468,-0.1004986134491091,-0.07375457253269285,-0.058531625637537596,-0.04502156183201149,-0.073754572532693,-0.0737545725326933,-0.0737545725326933,-0.07375457253269314,-0.07375457253269321,-0.07375457253269321,-0.07375457253269324,-0.0737545725326933,-0.0737545725326933,-0.07375457253269314,0.022939703672890548,0.030573268776816792,0.03055132240405176,-0.01629786377622097,0.02059646549925969,0.1469493815513794
线路序号124,0.009478704995688692,0.00950029360022688,0.009469542264632497,0.009423820099354713,0.00941646055387709,0.009464675872686401,0.009483247699190914,0.009327151829093865,0.009327151829093824,0.009327151829093976,0.009487270817254397,0.009513605492515322,0.009532367419442158,0.009558717345046874,0.009683141832227455,0.009687903584816332,0.010064295508358674,0.00997758460889639,0.009892934166451258,0.011973458454918531,0.013483172233472923,0.015208051344424642,0.018035430505675114,0.022766850264234407,0.014438601650912987,0.012814630276689566,0.014039574220549932,0.013586101887652746,0.013085956378972214,0.009158569067705544,0.01291040159278608,0.01418159157020941,0.008091849408177622,0.006391801085946905,0.006342135426338444,0.00635582704060881,0.006275422364648034,0.005421731231851955,0.006075798516432195,0.00596186226344121,0.005870732018102913,0.005618112241497448,0.006315887512584558,0.0062050654370156555,0.006164376484249817,0.00694286575419863,0.008695578323141925,0.005419560708364145,0.0050125400479692165,0.004277625324805712,0.0033923839703343213,0.003174524948760062,0.0025687434857092073,0.0021167230667966347,0.0019069672871060558,0.002024017144466585,0.0029680698340622497,0.0028084933188216215,-0.0004060826162494267,-0.0013138176785092775,-0.0014376130996006829,-0.0011505784941079743,-0.001503597817788736,-0.0020722585439749046,-0.0036460964054451897,0.0,-0.0005344792547000429,-0.007528060887111594,0.028899833082113496,0.04255322455942923,0.040846259097753856,0.032191222954047805,0.04084625909775385,0.054657071438959745,0.0583714794760644,0.0786267146361777,0.10787329808687765,0.08640522701632694,0.044161603296856144,-0.07772163891014135,-0.03231670207706261,0.025039964731296303,0.01854739213875254,0.00848980488101634,0.0036057795535853524,0.003605779553585395,0.003605779553585395,-0.005423686019471367,-0.011726607086154181,-0.01313241251479391,-0.014936336976696638,-0.017681064148395747,-0.020474614445992714,-0.022886028146276938,-0.02029901250669372,-0.017038419062334265,-0.04656269040115189,-0.06129433065347106,-0.046420788116969446,-0.034067588265100965,-0.027036036604005463,-0.0207956737985958,-0.03406758826510102,-0.03406758826510115,-0.03406758826510115,-0.03406758826510108,-0.034067588265101166,-0.034067588265101166,-0.03406758826510117,-0.03406758826510115,-0.03406758826510115,-0.03406758826510108,0.010595958363192211,0.014121938435005917,0.014111801300919163,-0.007528060887111585,0.009513605492515278,0.06787661909754193
线路序号125,0.009284179333463921,0.00930532488828211,0.009275204643529843,0.009230420806270631,0.009223212296241727,0.009270438121568284,0.00928862880984172,0.009135736399765634,0.009135736399765684,0.009135736399765634,0.00929256936391552,0.009318363588751318,0.009336740476132996,0.009362549638339029,0.009484420637909123,0.009489084667963976,0.009857752130388944,0.009772820745654288,0.009689907532438136,0.01172773449409003,0.013206465340621854,0.014895945813102612,0.017665300402014007,0.02229962012821467,0.014142287064793502,0.012551643461309834,0.013751448630202858,0.013307282632495624,0.012817401304030494,0.008970613359226476,0.012645449321292536,0.013890551444701272,0.007925785334502486,0.006260626063660625,0.006211979661992011,0.006225390291641119,0.006146635711642257,0.00531046435955657,0.005951108621505521,0.005839510612512388,0.005750250577432826,0.005502815161914489,0.006186270418109894,0.006077722676181425,0.006037868757893942,0.006800381568944569,0.008517124290390879,0.005308338380393989,0.004909670755940003,0.004189838237916047,0.0033227641500476117,0.0031093761158563983,0.002516026735069653,0.002073282854604914,0.0018678317644229105,0.0019824794791883558,0.002907157953139333,0.0027508563290696815,-0.000397748831214457,-0.0012868550022712138,-0.0014081098456909654,-0.0011269658757587446,-0.001472740399886357,-0.002029730849975419,-0.0035712698001095717,0.0,-0.000523510464025229,-0.00737356710024925,0.028306739492741727,0.041679930771828966,0.040007996317762626,0.03153058218446842,0.04000799631776265,0.053535377808682595,0.05717355732263771,0.07701310668655455,0.1056594804022589,0.20030362720815603,0.38653888382621177,-0.07612660527579147,-0.03165348617622742,0.02452608485807937,0.018166755359785538,0.00831557381069685,0.0035317803463288063,0.0035317803463288675,0.0035317803463288675,-0.005312379030265911,-0.011485949104908544,-0.012862904049005232,-0.014629807673070486,-0.017318206488633966,-0.02005442646295928,-0.02241635219551381,-0.019882428294802582,-0.016688750014413296,-0.0456071127996356,-0.06003642461394096,-0.04546812268919588,-0.03336843999846658,-0.026481192569221792,-0.02036889691093801,-0.03336843999846663,-0.03336843999846661,-0.03336843999846661,-0.03336843999846651,-0.033368439998466594,-0.033368439998466594,-0.03336843999846669,-0.03336843999846661,-0.03336843999846661,-0.03336843999846651,0.01037850399379827,0.013832122534287505,0.013822193438400208,-0.007373567100249244,0.009318363588751367,0.06648362878024157
线路序号126,-0.044491280183267215,-0.044592613081985026,-0.04444827202605216,-0.044233660677046725,-0.04419911633792091,-0.04442543008639672,-0.04451260278951252,-0.04377991777662503,-0.04377991777662483,-0.04377991777662503,-0.044531486558240255,-0.044655096631146717,-0.044743161630326926,-0.04486684328551429,-0.04545086871127833,-0.045473219493236655,-0.047239933251779644,-0.046832928399886266,-0.04643559495041351,-0.05620118941594538,-0.06328750539990867,-0.07138376747817052,-0.08465495995697138,-0.10686336524424392,-0.06777211357433792,-0.06014949366443956,-0.06589915295227167,-0.06377063807313321,-0.06142304797836492,-0.04298862161597671,-0.060599026428661974,-0.06656575600590199,-0.037981637722012435,-0.030001926752647838,-0.029768805373921976,-0.029833071267516994,-0.02945566665709427,-0.0254485990886349,-0.028518669402060652,-0.02798387379895146,-0.027556125358594103,-0.026370375061913448,-0.029645602543411757,-0.029125424310534845,-0.02893443792592935,-0.03258852192207874,-0.040815429080923275,-0.025438411054650622,-0.02352793169589343,-0.02007837852655713,-0.015923220079330065,-0.014900630308499262,-0.012057204670219618,-0.009935504805570625,-0.008950950146625149,-0.00950036043016159,-0.013931568357793033,-0.013182545843275382,0.001906076353819258,0.0061668160862568995,0.0067478887926750745,0.005400601683193281,0.007057608800424505,0.009726796596593016,0.017114099112028415,0.0,0.0025087463196527176,0.03533531915146399,-0.13565044713292002,-0.19973693003807377,-0.19172475130130356,-0.151099619678243,-0.1917247513013036,-0.25655013849403935,-0.27398487971333035,-0.36905919029654094,-0.5063372192362012,-0.5212417240155144,-0.5505699430973892,-0.635189067005749,-0.8483114046313279,-0.5638454047097574,-0.5683529628838287,-0.5753355817161708,-0.5787263837400587,-0.5787263837400579,-0.5787263837400581,-0.584995214896151,-0.5893711048796191,-0.5903471047103018,-0.591599504177194,-0.5935050689162926,-0.5954445297847121,-0.5971186870437721,-0.5953226157135809,-0.5930589036914272,-0.6135565367497972,-0.6237841814145763,-0.6134580191295677,-0.6048816395551326,-0.5999998877203093,-0.5956674296735555,-0.6048816395551332,-0.6048816395551333,-0.6048816395551332,-0.6048816395551333,-0.6048816395551333,-0.6048816395551334,-0.6048816395551333,-0.6048816395551333,-0.6048816395551333,-0.6048816395551332,-0.04973545991372311,-0.06628575527232503,-0.06623817344831816,0.03533531915146391,-0.044655096631146314,-0.31860023911871976
线路序号127,-0.04449128018326894,-0.04459261308198839,-0.04444827202605688,-0.04423366067704905,-0.044199116337921625,-0.044425430086397565,-0.04451260278951501,-0.043779917776626355,-0.043779917776626424,-0.043779917776626355,-0.044531486558242454,-0.04465509663114696,-0.04474316163032657,-0.044866843285513734,-0.04545086871128026,-0.045473219493237196,-0.04723993325178117,-0.046832928399886085,-0.046435594950413585,-0.056201189415946165,-0.06328750539990925,-0.0713837674781717,-0.08465495995697145,-0.10686336524424477,-0.06777211357433809,-0.060149493664439675,-0.06589915295227279,-0.06377063807313392,-0.06142304797836443,-0.042988621615977884,-0.060599026428662627,-0.06656575600590314,-0.037981637722013004,-0.030001926752648646,-0.029768805373922753,-0.029833071267517327,-0.02945566665709421,-0.025448599088635823,-0.028518669402061134,-0.02798387379895251,-0.027556125358594315,-0.026370375061913677,-0.02964560254341194,-0.029125424310535074,-0.028934437925929337,-0.03258852192207886,-0.04081542908092331,-0.025438411054650674,-0.023527931695893418,-0.02007837852655715,-0.015923220079330107,-0.014900630308499273,-0.012057204670219635,-0.009935504805570636,-0.008950950146625154,-0.009500360430161621,-0.013931568357793061,-0.013182545843275427,0.0019060763538192645,0.006166816086256917,0.006747888792675092,0.0054006016831932915,0.007057608800424501,0.009726796596593026,0.01711409911202845,0.0,0.0025087463196527206,0.03533531915146418,-0.13565044713291993,-0.19973693003807383,-0.19172475130130365,-0.15109961967824362,-0.19172475130130368,-0.25655013849403924,-0.2739848797133302,-0.36905919029654083,-0.5063372192362008,-0.5212417240155143,-0.5505699430973892,-0.6351890670057488,0.1516885953686721,-0.5638454047097572,-0.5683529628838289,-0.5753355817161705,-0.578726383740058,-0.5787263837400579,-0.5787263837400578,-0.5849952148961507,-0.5893711048796186,-0.5903471047103015,-0.5915995041771934,-0.5935050689162917,-0.5954445297847116,-0.597118687043772,-0.5953226157135806,-0.593058903691427,-0.6135565367497968,-0.6237841814145759,-0.6134580191295675,-0.6048816395551325,-0.5999998877203092,-0.5956674296735558,-0.6048816395551332,-0.6048816395551332,-0.6048816395551332,-0.604881639555133,-0.6048816395551333,-0.6048816395551332,-0.6048816395551335,-0.6048816395551332,-0.6048816395551332,-0.6048816395551331,-0.04973545991372483,-0.06628575527232633,-0.0662381734483196,0.035335319151464116,-0.044655096631146654,-0.31860023911871976
线路序号128,0.005207488131498816,0.005219348654845392,0.005202454235702946,0.005177335020246352,0.005173291773226168,0.005199780697669963,0.0052099838389373385,0.005124226618802473,0.005124226618802917,0.005124226618802695,0.005212194092297433,0.005226662050623967,0.005236969630809156,0.00525144596749404,0.005319803305395885,0.0053224193558057955,0.005529204615557047,0.005481566675561674,0.005435060726219761,0.006578076100620516,0.007407494949224856,0.008355123080138865,0.009908451665863809,0.012507837578711788,0.00793239654222391,0.0070402059253610524,0.007713175603424249,0.00746404328074942,0.007189269268723528,0.0050316092486553405,0.00709282155082206,0.007791198251365541,0.004445566116270077,0.0035115797262499225,0.0034842940017684137,0.0034918160123011805,0.00344764263672148,0.0029786348509508787,0.0033379716615388275,0.0032753764351372973,0.003225310558919488,0.0030865242490751106,0.0034698737091852622,0.0034089893749331642,0.003386635346750255,0.003814328120773836,0.004777247623475046,0.0029774423910837035,0.0027538300664839573,0.0023500766317818625,0.0018637355283275502,0.00174404636512394,0.0014112372123384284,0.0011629025539908302,0.0010476652157944515,0.001111971019517191,0.0016306223731371707,0.0015429529278322101,-0.0002230969742690036,-0.0007217958540646116,-0.0007898075905160082,-0.0006321141817526346,-0.0008260588122789837,-0.0011384742723877807,-0.002003122131798618,0.0,-0.00029363656497891294,-0.004135827387882683,0.015877225617406333,0.02337823700083478,0.022440450416423195,0.017685476185603996,0.02244045041642318,0.03002794695586513,0.03206859868809677,0.04319658470991851,0.05926431086825601,0.04747000717836362,0.024261861207930044,-0.04269934683791115,-0.017754412927927562,-0.539930877803044,-0.5085153325439681,-0.45984978692413514,-0.4362175030284437,-0.43621750302844325,-0.43621750302844325,-0.3925267193934017,-0.3620288390520781,-0.3552265825598514,-0.34649795153276913,-0.3332170679604623,-0.31969994442326083,-0.3080318613699215,-0.32054962774878315,-0.3363266282308966,-0.19346783546960383,-0.12218599695482829,-0.19415445661516,-0.2539277596486082,-0.2879512574689277,-0.31814643778490076,-0.2539277596486082,-0.2539277596486087,-0.25392775964860853,-0.2539277596486082,-0.2539277596486085,-0.2539277596486085,-0.25392775964860853,-0.25392775964860853,-0.25392775964860853,-0.2539277596486082,0.005821293883844618,0.007758425526217912,0.007752856304951205,-0.004135827387882656,0.005226662050623864,0.03729060968955653
线路序号129,0.000949981212913718,0.0009521448807085363,0.000949062899456866,0.0009444805015396408,0.0009437429081721514,0.000948575176616225,0.0009504364948318375,0.0009347921484715878,0.0009347921484715878,0.0009347921484715878,0.0009508397025040208,0.0009534790342224735,0.0009553594048121824,0.0009580002649605863,0.0009704704204627708,0.0009709476560659517,0.0010086706631882013,0.0009999802645007721,0.0009914963703379234,0.0012000120893060362,0.0013513196494799587,0.001524191655803786,0.00180755917132352,0.0022817547373944536,0.0014470753457746471,0.0012843165832091526,0.0014070837475069415,0.0013616355352226396,0.0013115096121994957,0.0009178963324067653,0.0012939150411278085,0.0014213171068263913,0.0008109868298466269,0.000640603431703132,0.0006356258062175995,0.0006369980164866239,0.0006289396444173469,0.0005433804316175855,0.0006089328074553571,0.0005975138108876352,0.0005883804935162118,0.0005630622626085063,0.0006329951699698864,0.0006218882846079429,0.0006178103287354887,0.0006958326093365563,0.0008714941593999786,0.0005431628959379156,0.0005023701947388315,0.00042871507197496655,0.00033999381142025875,0.00031815939652352185,0.0002574463551014787,0.00021214365752661638,0.0001911213712441413,0.00020285242158461498,0.00029746791173077615,0.000281474725787129,-4.0698687901340636e-05,-0.00013167432812261008,-0.0001440814369349681,-0.0001153140596615321,-0.0001506946021982295,-0.00020768730390645075,-0.0003654215514910799,0.0,-5.3566943046435953e-05,-0.0007544824335908297,0.002896418708767073,0.004264798186968557,0.004093721534575168,0.003226290621031214,0.004093721534575159,0.005477878153566137,0.005850146079823441,0.0078801800215951,0.010811350981421499,0.008659763374904953,0.004425994213694064,-0.0077894709071753155,-0.0032388664749618415,0.08392856818740191,-0.8152554269646409,-0.6590822380966176,-0.5832435910781295,-0.5832435910781301,-0.5832435910781297,-0.4430349708413386,-0.3451638555387949,-0.3233346522624563,-0.2953234972535155,-0.25270365374708936,-0.17507642952697203,-0.10806802371432456,-0.06752783881002133,-0.016432260140312793,-0.012227274724520017,-0.048968442768433915,-0.08625252973010283,-0.11721877576070475,-0.17535611544748375,-0.226951852728936,-0.11721877576070522,-0.11721877576070525,-0.1172187757607053,-0.11721877576070483,-0.1172187757607053,-0.1172187757607053,-0.11721877576070525,-0.1172187757607053,-0.1172187757607053,-0.11721877576070522,0.0010619553390932622,0.001415338509775613,0.001414322539034747,-0.0007544824335908771,0.0009534790342233617,0.006802776641767222
线路序号130,0.0004085940700707009,0.00040952467987440106,0.0004081990965404785,0.0004062281727055016,0.0004059109282460183,0.0004079893232757625,0.00040878989025034974,0.0004020611391275209,0.0004020611391275209,0.0004020611391275209,0.00040896331290531454,0.00041009850934329087,0.00041090727088691816,0.0004120431247146924,0.00041740663245708117,0.0004176118950824428,0.0004338368443820672,0.0004300990384952248,0.00042645005175843975,0.0005161342319596119,0.0005812127524644656,0.0006555663035714562,0.0007774448048704524,0.000981399887051368,0.0006223979981826855,0.0005523942293372104,0.000605197310755939,0.0005856496925687573,0.0005640901557847578,0.0003947941214650865,0.0005565225983346348,0.0006113191857318528,0.00034881153971902124,0.00027552835772180946,0.00027338744353455646,0.00027397764149958025,0.0002705116750180929,0.0002337120135989028,0.00026190658385187067,0.0002569951874786893,0.0002530668789316947,0.00024217731725097717,0.0002722559870838508,0.0002674788320894611,0.00026572487257442396,0.0002992828427253974,0.00037483619759139347,0.00023361844986577497,0.00021607320203820727,0.0001843935793440627,0.00014623389738505988,0.00013684275119291769,0.00011072961509740586,9.124458388241546e-05,8.220274032006243e-05,8.724835336972934e-05,0.00012794318784119672,0.00012106439818801168,-1.7504812000578003e-05,-5.663411962262958e-05,-6.197051050966558e-05,-4.9597445015712716e-05,-6.481488266590696e-05,-8.932787264794052e-05,-0.00015717055978111227,0.0,-2.3039545396315364e-05,-0.0003245085735875258,0.0012457714876417075,0.0018343218008466948,0.0017607404449785644,0.0013876518800133963,0.0017607404449785622,0.0023560766251897046,0.002516191862289636,0.003389324740471032,0.004650043432869555,0.0037246294085611694,0.0019036534252448011,-0.003350310067602514,-0.0013930608494459663,0.036098308897807,0.07946003141305762,-0.46975928869020445,-0.25085745852822794,-0.2508574585282277,-0.25085745852822766,-0.19055267563068345,-0.1484575722747505,-0.1390686676397661,-0.1270208590337702,-0.10868974354713534,-0.07530169011912805,-0.046480870414763134,-0.029044231746245798,-0.00706763877002707,-0.005259042892266882,-0.021061695814380214,-0.03709786224950675,-0.050416677746539636,-0.07542198513870291,-0.09761370009846715,-0.05041667774653982,-0.05041667774653981,-0.050416677746539816,-0.050416677746539726,-0.050416677746539816,-0.050416677746539816,-0.05041667774653981,-0.050416677746539816,-0.050416677746539816,-0.05041667774653982,0.00045675498455647186,0.0006087477461400705,0.0006083107694772667,-0.00032450857358752507,0.00041009850934308064,0.0029259254373191746
线路序号131,0.0005413871428436573,0.0005426202008338483,0.0005408638029163689,0.0005382523288346904,0.0005378319799261304,0.0005405858533405467,0.0005416466045818716,0.0005327310093439546,0.0005327310093438608,0.0005327310093439546,0.0005418763895994111,0.0005433805248798429,0.00054445213392531,0.0005459571402468985,0.0005530637880057869,0.0005533357609842078,0.0005748338188062512,0.000569881226006229,0.000565046318580011,0.0006838778573464909,0.0007701068970155237,0.0008686253522321664,0.0010301143664533888,0.0013003548503431272,0.0008246773475921006,0.0007319223538719192,0.0008018864367515826,0.0007759858426537461,0.000747419456414855,0.0005231022109413253,0.0007373924427933538,0.000809997921094729,0.0004621752901278279,0.0003650750739813697,0.000362238362683354,0.0003630203749869332,0.0003584279693990002,0.00030966841801863346,0.00034702622360378225,0.0003405186234092971,0.00033531361458443397,0.00032088494535752345,0.0003607391828860911,0.0003544094525185705,0.00035208545616110973,0.0003965497666111514,0.0004966579618085954,0.00030954444607215467,0.00028629699270062977,0.00024432149263088637,0.00019375991403520638,0.000181316645330614,0.00014671674000406583,0.00012089907364420085,0.0001089186309240833,0.00011560406821489277,0.0001695247238895891,0.00016041032759911485,-2.3193875900765776e-05,-7.504020849998503e-05,-8.21109264253074e-05,-6.571661464581952e-05,-8.587971953232682e-05,-0.0001183594312585223,-0.00020825099170997078,0.0,-3.0527397650117527e-05,-0.0004299738600034725,0.0016506472211252551,0.002430476386121868,0.0023329810895965975,0.0018386387410177822,0.0023329810895965975,0.0031218015283763613,0.0033339542175338027,0.004490855281124084,0.006161307548552087,0.0049351339663435065,0.002522340788449309,-0.00443916083957333,-0.001845805625515903,0.047830259289594355,0.10528454162230137,-0.18932294940641273,-0.33238613254990196,-0.332386132549902,-0.33238613254990196,-0.2524822952106558,-0.19670628326404452,-0.18426598462269012,-0.16830263821974548,-0.1440139101999543,-0.0997747394078447,-0.06158715329956117,-0.03848360706377574,-0.009364621370286019,-0.006968231832253625,-0.02790674695405387,-0.04915466748059649,-0.06680209801416517,-0.0999341303087812,-0.12933815263046905,-0.06680209801416527,-0.06680209801416537,-0.0668020980141653,-0.0668020980141653,-0.0668020980141653,-0.0668020980141653,-0.06680209801416537,-0.0668020980141653,-0.0668020980141653,-0.06680209801416527,0.0006052003545372946,0.0008065907636355202,0.0008060117695574102,-0.00042997386000348205,0.0005433805248798429,0.003876851204447873
线路序号132,0.00040859407007077196,0.00040952467987474394,0.0004081990965405975,0.0004062281727052222,0.0004059109282464488,0.0004079893232761672,0.00040878989025054543,0.00040206113912766306,0.00040206113912744654,0.00040206113912766306,0.0004089633129051191,0.000410098509343144,0.00041090727088722613,0.00041204312471456296,0.0004174066324571828,0.00041761189508245376,0.0004338368443819067,0.000430099038495315,0.0004264500517586281,0.0005161342319596668,0.0005812127524646959,0.0006555663035714624,0.0007774448048705341,0.0009813998870514583,0.000622397998182717,0.000552394229337342,0.0006051973107558437,0.0005856496925689494,0.0005640901557850266,0.0003947941214653159,0.0005565225983346546,0.0006113191857319985,0.000348811539719203,0.00027552835772180556,0.00027338744353467285,0.000273977641499532,0.0002705116750182198,0.00023371201359906888,0.0002619065838518974,0.0002569951874786472,0.00025306687893161584,0.00024217731725099186,0.0002722559870838823,0.00026747883208955343,0.0002657248725744295,0.00029928284272540064,0.00037483619759139195,0.0002336184498657776,0.00021607320203821496,0.00018439357934406717,0.00014623389738506058,0.00013684275119291766,0.0001107296150974126,9.12445838824166e-05,8.220274032006367e-05,8.724835336973366e-05,0.00012794318784120488,0.00012106439818801021,-1.7504812000577766e-05,-5.6634119622631726e-05,-6.197051050966634e-05,-4.959744501571332e-05,-6.481488266590626e-05,-8.932787264794276e-05,-0.00015717055978110793,0.0,-2.3039545396315337e-05,-0.0003245085735875157,0.001245771487641699,0.0018343218008466924,0.001760740444978561,0.001387651880013417,0.0017607404449785672,0.00235607662518969,0.002516191862289681,0.0033893247404710096,0.004650043432869404,0.0037246294085610475,0.0019036534252446977,-0.0033503100676026067,-0.0013930608494459905,0.03609830889780697,0.07946003141305757,0.5302407113097954,-0.25085745852822794,-0.2508574585282284,-0.2508574585282284,-0.19055267563068373,-0.14845757227475073,-0.13906866763976627,-0.12702085903377014,-0.10868974354713534,-0.07530169011912806,-0.04648087041476313,-0.02904423174624589,-0.00706763877002724,-0.005259042892266826,-0.02106169581438035,-0.03709786224950691,-0.050416677746540114,-0.0754219851387026,-0.09761370009846716,-0.050416677746539865,-0.050416677746540066,-0.05041667774653986,-0.050416677746540094,-0.05041667774653986,-0.05041667774653986,-0.050416677746540066,-0.05041667774653986,-0.05041667774653986,-0.050416677746539865,0.00045675498455650487,0.0006087477461400202,0.0006083107694773665,-0.0003245085735875421,0.0004100985093435881,0.0029259254373191225
线路序号133,0.0,0.0,0.0,0.0,0.0,0.0,0.0,0.0,0.0,0.0,0.0,0.0,0.0,0.0,0.0,0.0,0.0,0.0,0.0,0.0,0.0,0.0,0.0,0.0,0.0,0.0,0.0,0.0,0.0,0.0,0.0,0.0,0.0,0.0,0.0,0.0,0.0,0.0,0.0,0.0,0.0,0.0,0.0,0.0,0.0,0.0,0.0,0.0,0.0,0.0,0.0,0.0,0.0,0.0,0.0,0.0,0.0,0.0,0.0,0.0,0.0,0.0,0.0,0.0,0.0,0.0,0.0,0.0,0.0,0.0,0.0,0.0,0.0,0.0,0.0,0.0,0.0,0.0,0.0,0.0,0.0,0.0,0.0,0.0,0.0,-0.9999999999999999,-0.9999999999999991,0.0,0.0,0.0,0.0,0.0,0.0,0.0,0.0,0.0,0.0,0.0,0.0,0.0,0.0,0.0,0.0,0.0,0.0,0.0,0.0,0.0,0.0,0.0,0.0,0.0,0.0,0.0,0.0,0.0,0.0,0.0
线路序号134,0.0,0.0,0.0,0.0,0.0,0.0,0.0,0.0,0.0,0.0,0.0,0.0,0.0,0.0,0.0,0.0,0.0,0.0,0.0,0.0,0.0,0.0,0.0,0.0,0.0,0.0,0.0,0.0,0.0,0.0,0.0,0.0,0.0,0.0,0.0,0.0,0.0,0.0,0.0,0.0,0.0,0.0,0.0,0.0,0.0,0.0,0.0,0.0,0.0,0.0,0.0,0.0,0.0,0.0,0.0,0.0,0.0,0.0,0.0,0.0,0.0,0.0,0.0,0.0,0.0,0.0,0.0,0.0,0.0,0.0,0.0,0.0,0.0,0.0,0.0,0.0,0.0,0.0,0.0,0.0,0.0,0.0,0.0,0.0,0.0,0.0,-1.0000000000000004,0.0,0.0,0.0,0.0,0.0,0.0,0.0,0.0,0.0,0.0,0.0,0.0,0.0,0.0,0.0,0.0,0.0,0.0,0.0,0.0,0.0,0.0,0.0,0.0,0.0,0.0,0.0,0.0,0.0,0.0,0.0
线路序号135,0.0004747162040279588,0.0004757974129488516,0.00047425731255347383,0.00047196743722286447,0.0004715988535930836,0.00047401359201279113,0.0004749437134782183,0.00046712605917297257,0.00046712605917292253,0.00046712605917310863,0.0004751452008475006,0.0004764641043348152,0.0004774037464838213,0.000478723413744893,0.00048495488948624324,0.0004851933694382948,0.0005040439766945984,0.0004997012875765119,0.0004954617910707827,0.0005996594207106485,0.0006752694955520931,0.0007616555645701105,0.0009032574715167414,0.0011402182829846753,0.0007231196846305692,0.0006417873162773291,0.0007031354370850147,0.0006804244586759149,0.000655375976056295,0.00045868303150320633,0.0006465837727189666,0.0007102480054336647,0.0004052591610732465,0.0003201166773099335,0.00031762930235628757,0.0003183150111272171,0.0003142881527562559,0.0002715332601673253,0.0003042905132578176,0.000298584313355528,0.00029402029283183894,0.00028136849055840823,0.00031631474409259136,0.00031076450963956264,0.00030872670962238266,0.00034771531315780504,0.00043549534828480344,0.00027142455516253436,0.000251039987550044,0.00021423370147795844,0.0001698986983700471,0.0001589877978006182,0.0001286488140743999,0.0001060105509881771,9.550548014222802e-05,0.00010136761679416142,0.0001486480321473946,0.00014065605881333578,-2.0337588119388817e-05,-6.579912988218793e-05,-7.199910049032342e-05,-5.762372132133394e-05,-7.530377290668425e-05,-0.00010378366139751228,-0.0001826052235931791,0.0,-2.6767998691604475e-05,-0.0003770232842613006,0.0014473727227517332,0.002131167204926471,0.002045678294285099,0.0016122133952582993,0.002045678294285098,0.0027373567896213417,0.002923383223019722,0.003937813817839231,0.005402552627919939,0.004327380311549572,0.002211718656756301,-0.003892485461991533,-0.0016184976896834972,0.041940041295264026,0.09231892297838513,0.17036040672814837,0.20825782421572295,0.208257824215723,0.2082578242157233,-0.4270509819628881,-0.17248222706011476,-0.16157393079550872,-0.14757644432368106,-0.1262788333282687,-0.08748764387107566,-0.054002796367932364,-0.03374441396341379,-0.00821138360564486,-0.006110105509365055,-0.024470076831135754,-0.043101350789450966,-0.05857552919295786,-0.08762740604394828,-0.11341037123658576,-0.05857552919295785,-0.05857552919295798,-0.05857552919295793,-0.058575529192958095,-0.05857552919295793,-0.05857552919295793,-0.05857552919295798,-0.05857552919295793,-0.05857552919295793,-0.05857552919295785,0.0005306709233484138,0.000707260433827928,0.0007067527419212705,-0.0003770232842612899,0.0004764641043345431,0.0033994233362959966
线路序号136,0.00047526500888800155,0.0004763474677612594,0.0004748055869033682,0.00047251306431790987,0.0004721440545798978,0.00047456158460458574,0.0004754927813549276,0.000467666089299019,0.0004676660892989388,0.0004676660892991795,0.0004756945016577111,0.00047701492988885195,0.00047795565832936955,0.00047927685121733896,0.00048551553097691944,0.00048575428662847413,0.0005046266864941299,0.0005002789769260901,0.0004960345792684129,0.0006003526685959438,0.0006760501539283952,0.0007625360912342963,0.0009043016998074602,0.0011415364544100513,0.0007239556611445266,0.0006425292669320265,0.0007039483104226644,0.0006812110765471257,0.0006561336361441282,0.0004592133009037704,0.000647331268409852,0.0007110691013935781,0.0004057276687739615,0.0003204867543934925,0.00031799650386184035,0.0003186830053597236,0.00031465149166113183,0.000271847171450658,0.00030464229419800953,0.00029892949753277385,0.00029436020068473204,0.0002816937720503451,0.00031668042587762674,0.0003111237749685853,0.0003090836191132687,0.0003481172961787936,0.0004359988111151894,0.0002717383407754352,0.0002513302071888253,0.00021448137049700467,0.00017009511305023854,0.0001591715987229283,0.00012879754102708578,0.00010613310653844966,9.561589110192762e-05,0.0001014848047904558,0.0001488198795834013,0.0001408186669738127,-2.036109978195482e-05,-6.5875198240432e-05,-7.208233644464942e-05,-5.7690338340203054e-05,-7.539082929154809e-05,-0.00010390364250895511,-0.00018281632789791334,0.0,-2.6798944354831276e-05,-0.00037745914932979144,0.0014490459860150855,0.0021336309820420046,0.0020480432402900533,0.001614077225773044,0.0020480432402900533,0.0027405213639445994,0.0029267628568035763,0.003942366203755796,0.005408798353501434,0.004332383063354867,0.0022142755569375633,-0.0038969854451845207,-0.0016203687852784962,0.04198852689213712,0.09242565005697304,0.1705573551752332,0.2084985847061459,0.2084985847061459,0.20849858470614613,-0.015983988878451882,-0.1726816284786812,-0.16176072146694842,-0.14774705292983542,-0.12642482041882155,-0.08758878565589752,-0.054065227346392436,-0.03378342484660851,-0.008220876534668624,-0.006117169215156085,-0.024498365937298847,-0.04315117894065255,-0.05864324656774746,-0.0877287094035365,-0.11354148149235067,-0.05864324656774745,-0.05864324656774752,-0.05864324656774752,-0.05864324656774758,-0.05864324656774752,-0.05864324656774752,-0.05864324656774752,-0.05864324656774752,-0.05864324656774752,-0.05864324656774745,0.0005312844157453682,0.0007080780759479354,0.0007075697971141978,-0.0003774591493297876,0.00047701492988885195,0.0034033533054709064
线路序号137,0.0004747162040279981,0.0004757974129483897,0.0004742573125538605,0.0004719674372228453,0.0004715988535929996,0.00047401359201234015,0.00047494371347789175,0.0004671260591724577,0.0004671260591727069,0.00046712605917262546,0.0004751452008472803,0.00047646410433476247,0.0004774037464835617,0.00047872341374465065,0.00048495488948608814,0.00048519336943851735,0.0005040439766943492,0.000499701287576009,0.0004954617910705754,0.0005996594207107722,0.0006752694955520779,0.0007616555645699095,0.0009032574715166683,0.0011402182829845944,0.0007231196846304737,0.0006417873162774412,0.0007031354370848653,0.0006804244586756288,0.0006553759760559904,0.00045868303150318075,0.0006465837727185461,0.000710248005433368,0.0004052591610733845,0.0003201166773098888,0.0003176293023561643,0.000318315011127087,0.00031428815275620544,0.00027153326016716935,0.0003042905132578358,0.0002985843133553687,0.0002940202928316602,0.0002813684905582845,0.0003163147440925114,0.00031076450963949255,0.00030872670962235583,0.00034771531315779235,0.00043549534828480105,0.0002714245551625201,0.0002510399875500359,0.0002142337014779518,0.00016989869837003916,0.00015898779780061127,0.00012864881407439693,0.00010601055098817342,9.550548014222226e-05,0.0001013676167941613,0.00014864803214739142,0.00014065605881333107,-2.0337588119389284e-05,-6.57991298821853e-05,-7.199910049032766e-05,-5.76237213213334e-05,-7.530377290668584e-05,-0.00010378366139751571,-0.00018260522359318362,0.0,-2.6767998691603424e-05,-0.0003770232842612603,0.0014473727227518462,0.002131167204926491,0.0020456782942850993,0.0016122133952582746,0.0020456782942851024,0.0027373567896213364,0.0029233832230197427,0.003937813817839223,0.0054025526279200715,0.004327380311549607,0.002211718656756374,-0.00389248546199147,-0.0016184976896834583,0.04194004129526403,0.09231892297838556,0.17036040672814892,0.20825782421572325,0.2082578242157234,0.20825782421572328,0.5729490180371125,-0.1724822270601143,-0.16157393079550827,-0.14757644432368083,-0.12627883332826853,-0.08748764387107531,-0.054002796367932426,-0.033744413963413704,-0.008211383605644568,-0.0061101055093647555,-0.02447007683113554,-0.043101350789450814,-0.05857552919295801,-0.08762740604394795,-0.1134103712365859,-0.0585755291929579,-0.05857552919295799,-0.05857552919295805,-0.0585755291929581,-0.05857552919295805,-0.05857552919295805,-0.05857552919295799,-0.05857552919295805,-0.05857552919295805,-0.0585755291929579,0.0005306709233485047,0.0007072604338278827,0.0007067527419211357,-0.00037702328426125693,0.0004764641043349845,0.0033994233362960144
线路序号138,4.0099554555294335e-05,4.0190884903097826e-05,4.0060791724963556e-05,3.986736462038123e-05,3.983623014619807e-05,4.004020450855277e-05,4.0118772411021473e-05,3.94584105935562e-05,3.945841059366722e-05,3.9458410593445176e-05,4.013579216662179e-05,4.024720071342245e-05,4.032657283325662e-05,4.043804589640899e-05,4.096442228590202e-05,4.098456682645029e-05,4.2576888613027e-05,4.2210059130907755e-05,4.185194638908085e-05,5.0653580921177005e-05,5.704040803015744e-05,6.433748965071635e-05,7.629868529678704e-05,9.631490321029376e-05,6.108234140262166e-05,5.421214882384114e-05,5.939426035982044e-05,5.7475850771078845e-05,5.535999083871703e-05,3.874522312324319e-05,5.461730829631634e-05,5.999506315543839e-05,3.423247763728077e-05,2.7040442388284664e-05,2.683033237552878e-05,2.6888254595390835e-05,2.6548103520636223e-05,2.2936572813894125e-05,2.5703597082773216e-05,2.5221591049854246e-05,2.4836065574906234e-05,2.376736045980469e-05,2.671929087256079e-05,2.62504593320432e-05,2.6078325176382965e-05,2.9371715250772886e-05,3.6786546001358895e-05,2.2927390438752275e-05,2.1205494126547047e-05,1.8096445680764234e-05,1.4351442117066492e-05,1.3429791983961031e-05,1.0867040338337601e-05,0.0,0.0,0.0,1.255638595024827e-05,1.1881299302702467e-05,0.0,0.0,0.0,0.0,0.0,0.0,-1.5424769711673098e-05,0.0,0.0,-3.1847376658970746e-05,0.00012226041783527916,0.00018002093645637764,0.0001727996383270034,0.00013618460555838623,0.0001727996383270038,0.00023122612413689023,0.0002469398854356828,0.0003326294292815663,0.00045635677063939897,0.0003655363381564712,0.00018682516456096203,-0.0003288005166326887,-0.00013671544357276512,0.003542699742910424,0.007798233253962668,0.014390442891292233,0.017591659843964835,0.017591659843964907,0.017591659843964796,0.02350999079603826,0.027641217891995584,-0.2461285638705701,-0.15274811056460635,-0.010666846682804619,-0.007390132290711212,-0.0045616476975362105,-0.002850410323423868,-0.0006936203611212004,-0.0005161241751000154,-0.0020670016581135603,-0.0036407962330289867,-0.004947909105567997,-0.007401938082947464,-0.00957984018648548,-0.004947909105568033,-0.004947909105568069,-0.004947909105568033,-0.0049479091055679774,-0.004947909105568033,-0.004947909105568033,-0.004947909105568069,-0.004947909105568033,-0.004947909105568033,-0.004947909105568033,4.4826082322636054e-05,5.97427012398957e-05,5.969981620856109e-05,-3.184737665895687e-05,4.024720071342245e-05,0.0002871512713769829
线路序号139,7.561400457763808e-05,7.578622228461387e-05,7.554091117658202e-05,7.517617400850366e-05,7.511746507009004e-05,7.550209074841378e-05,7.565024286131493e-05,7.440502699703718e-05,7.440502699703718e-05,7.440502699659309e-05,7.568233628213176e-05,7.589241458487163e-05,7.60420831759962e-05,7.625228313481677e-05,7.724484844278015e-05,7.72828341361506e-05,8.028540681286843e-05,7.959369224279119e-05,7.89184144548734e-05,9.55152779657503e-05,0.00010755864302580021,0.00012131843585093016,0.00014387314780140424,0.00018161686864130562,0.00011518034286554724,0.00010222551633779235,0.00011199720107966394,0.0001083797386655417,0.00010438995263458945,7.306020007189324e-05,0.00010298950812141719,0.00011313010905937551,6.455071008841076e-05,5.09889986859788e-05,5.059280327579675e-05,5.070202471340794e-05,5.006061646825966e-05,4.3250508415463105e-05,4.846816701666693e-05,4.7559268980659763e-05,4.683230018140543e-05,4.4817088931225836e-05,5.0383417091693135e-05,4.9499361629126616e-05,4.917477565856572e-05,5.5384979610283656e-05,6.936680690326485e-05,4.323319360566641e-05,3.998628782137442e-05,3.412368894667908e-05,2.7061896870696552e-05,2.5323980872464514e-05,2.0491510367173583e-05,1.6885630234784494e-05,1.521235582727171e-05,1.6146091865501596e-05,2.3677036696556337e-05,2.240405485364093e-05,0.0,-1.048065278979e-05,-1.1468199879958992e-05,0.0,-1.1994576508975806e-05,-1.6530925595938666e-05,-2.9085824531542232e-05,0.0,0.0,-6.005322780226855e-05,0.00023054120915778927,0.00033945773373920973,0.00032584084258251416,0.000256797450802151,0.00032584084258251394,0.00043601315283587684,0.0004656439163681913,0.000627225002055486,0.0008605323257794494,0.0006892761441666363,0.0003522881738962775,-0.0006200049862281352,-0.0002577984292044018,0.0066803164660697795,0.014704792896138177,0.02713543895248685,0.033171836014697934,0.033171836014698045,0.03317183601469802,0.044331778030643934,0.052121855202559464,-0.4641140422032815,-0.2880305394798997,-0.020114013805087955,-0.013935254469946931,-0.00860170277970718,-0.005374896096325924,-0.001307930069115187,-0.0009732331486338395,-0.003897656085510062,-0.006865292796483971,-0.00933005929635689,-0.013957516144374247,-0.018064292427876195,-0.00933005929635703,-0.00933005929635706,-0.009330059296357005,-0.00933005929635692,-0.009330059296357005,-0.009330059296357005,-0.00933005929635706,-0.009330059296357005,-0.009330059296357005,-0.00933005929635703,8.452661461033171e-05,0.00011265424105418786,0.00011257337459589214,-6.005322780224079e-05,7.589241458487163e-05,0.0005414687965784795
线路序号140,0.00011571355913307828,0.00011597710718825108,0.00011560170290129309,0.00011504353862909496,0.00011495369521679991,0.00011554229525701696,0.00011576901527276349,0.00011386343759074194,0.00011386343759057595,0.00011386343759074194,0.00011581812844923742,0.00011613961529824185,0.00011636865601044517,0.00011669032903171262,0.00011820927072906131,0.00011826740096304275,0.0001228622954259663,0.0001218037513741549,0.00012077036084446304,0.00014616885888710137,0.00016459905105656322,0.0001856559255018626,0.00022017183309840386,0.0002779317718518475,0.00017626268426803495,0.00015643766516189583,0.00017139146143970569,0.00016585558943696619,0.00015974994347374102,0.00011180542319533471,0.00015760681641781537,0.00017312517221519249,9.87831877256998e-05,7.80294410745673e-05,7.742313565176545e-05,7.759027930883896e-05,7.66087199892445e-05,6.618708122944146e-05,7.417176409964767e-05,7.278086003048885e-05,7.166836575655748e-05,6.858444939118806e-05,7.710270796431815e-05,7.574982096123851e-05,7.525310083499386e-05,8.475669486107631e-05,0.00010615335290463595,6.616058404443493e-05,6.119178194791987e-05,5.222013462744094e-05,4.1413338987764716e-05,3.8753772856434855e-05,3.135855070551331e-05,2.584040329015089e-05,2.327975942290882e-05,2.4708673562267855e-05,3.623342264681087e-05,3.4285354156353584e-05,0.0,-1.6038743657565325e-05,-1.7550005880127165e-05,-1.4045962256989696e-05,-1.8355530115071414e-05,-2.529759198911954e-05,-4.4510594243236404e-05,0.0,0.0,-9.19006044613359e-05,0.00035280162699310096,0.0005194786701955509,0.0004986404809095182,0.00039298205636069985,0.0004986404809095184,0.0006672392769727477,0.0007125838018038508,0.0009598544313369074,0.0013168890964188414,0.0010548124823229546,0.0005391133384571845,-0.0009488055028609837,-0.00039451387277725973,0.010223016208979972,0.02250302615010051,0.04152588184377831,0.05076349585866272,0.05076349585866289,0.05076349585866278,0.06784176882668201,0.07976307309455448,0.28975739392614797,-0.44077865004450595,-0.030780860487893663,-0.021325386760658805,-0.01316335047724369,-0.00822530641975025,-0.002001550430236532,-0.0014893573237343778,-0.005964657743623773,-0.01050608902951319,-0.014277968401924997,-0.021359454227321828,-0.02764413261436193,-0.01427796840192494,-0.014277968401925047,-0.014277968401925158,-0.014277968401925271,-0.014277968401925158,-0.014277968401925158,-0.014277968401925047,-0.014277968401925158,-0.014277968401925158,-0.01427796840192494,0.0001293526969331984,0.0001723969422942675,0.00017227319080459646,-9.19006044613359e-05,0.00011613961529824185,0.0008286200679554724
线路序号141,0.0006322996934974101,0.0006337398130107473,0.0006316884716018317,0.0006286384651806533,0.0006281475290925081,0.0006313638472832113,0.0006326027254015565,0.000622189976944469,0.0006221899769446382,0.0006221899769440249,0.0006328710971166432,0.0006346278146337094,0.0006358793738541354,0.0006376371086809896,0.0006459371417700038,0.0006462547858687762,0.000671362909604644,0.0006655786516094279,0.0006599318413292167,0.000798718191416861,0.0008994272608385745,0.0010144894485176513,0.0012030965396621358,0.0015187172140574414,0.0009631614658890357,0.0008548305701984389,0.0009365433865174153,0.0009062934296688132,0.0008729300269690079,0.0006109442605297682,0.0008612192249615933,0.0009460169935871515,0.0005397861736314804,0.0004263803831187853,0.0004230673164747756,0.00042398064836074705,0.0004186170620910122,0.0003616695527162238,0.0004053006757179252,0.0003977002853821448,0.00039162122434757707,0.0003747696177841194,0.00042131638659241154,0.0004139237349119376,0.0004112094809737404,0.00046314047017540736,0.0005800593552584698,0.00036152476275348527,0.00033437347584975766,0.0002853492310385901,0.0002262970886461344,0.00021176428140831866,0.0001713541796500851,0.00014120107619745696,0.00012720881509559914,0.00013501690585972207,0.00019799219906127376,0.00018734726584291052,-2.7088712424848213e-05,-8.764135140904517e-05,-9.589942113985613e-05,-7.67520910817859e-05,-0.00010030108962775784,-0.00013823496382615828,-0.00024322158360926335,0.0,-3.565371736751087e-05,-0.0005021773115312743,0.0019278325054093788,0.002838614648139023,0.002724747433291151,0.0021473925411049574,0.0027247474332911478,0.0036460307113582373,0.0038938091857855088,0.005244983105559617,0.00719594642386749,0.00576386738311123,0.0029459053996876085,-0.0051846078639610944,-0.0021557629262004747,0.055862165713270115,0.12296447057794402,0.22691206249963117,0.2773896431222078,0.2773896431222083,0.27738964312220826,0.3707113492736594,0.435853559842124,0.2932413590488075,0.11024189672222008,-0.16819747657851974,-0.11652943365941719,-0.07192918906415466,-0.044945974932416644,-0.01093717739771533,-0.008138373638851722,-0.032592993348143286,-0.05740897543031373,-0.07801985447470447,-0.11671559031115973,-0.15105728931023257,-0.07801985447470473,-0.07801985447470478,-0.07801985447470489,-0.07801985447470478,-0.07801985447470516,-0.07801985447470516,-0.07801985447470478,-0.07801985447470516,-0.07801985447470516,-0.07801985447470473,0.0007068287522806785,0.0009420376884897477,0.0009413614667086886,-0.0005021773115312466,0.0006346278146337094,0.004527872264235356
线路序号142,0.0002019679602885538,0.00020242796051258503,0.00020177272495810626,0.0002007984977332747,0.00020064168386569838,0.00020166903407849903,0.00020206475416040677,0.000198738733938658,0.00019873873393857022,0.00019873873393843597,0.00020215047694110625,0.00020271160429472846,0.0002031113749501774,0.00020367282725102922,0.0002063240079657633,0.00020642546923694752,0.00021444545815963345,0.00021259786151977506,0.00021079416816652103,0.0002551250390041262,0.0002872933375860605,0.0003240462817846077,0.00038429079856378066,0.00048510575148578446,0.0003076511956191472,0.00027304834784963475,0.00029914889955174115,0.00028948651611811953,0.0002788296417579679,0.00019514664868278443,0.0002750889997505468,0.00030217494102567004,0.00017241746849078657,0.0001361936075111068,0.00013513535409218752,0.00013542708881855644,0.00013371386233775815,0.00011552379767342475,0.00012946036763920326,0.00012703266547626306,0.00012509090341273761,0.00011970819543387915,0.00013457607541378507,0.0001322147287353103,0.0001313477469270939,0.00014793544430017515,0.00018528145123689242,0.000115477549140109,0.0001068049369412551,9.114570630897372e-05,7.228338378639875e-05,6.764134225882424e-05,5.473362474591612e-05,4.5102178039036736e-05,4.0632796725666154e-05,4.312684216265646e-05,6.324229002273433e-05,5.984210578790033e-05,0.0,-2.799423305601968e-05,-3.063200991500814e-05,-2.451600632277204e-05,-3.203798245541926e-05,-4.415474809121413e-05,-7.768937363863214e-05,0.0,-1.1388442296390404e-05,-0.0001604045175985466,0.0006157845763641579,0.0009067048686339107,0.000870333620374466,0.0006859160235661053,0.0008703336203744641,0.0011646081652346132,0.0012437530922338208,0.0016753424846980512,0.0022985154611341626,0.001841083509469427,0.0009409754755485716,-0.0016560575403544138,-0.000688589675984323,0.01784338626514953,0.039277076307312926,0.0724798175599708,0.08860326994099624,0.08860326994099633,0.08860326994099627,0.11841191105831622,0.13921951152452416,0.09366659476258565,0.03521325606876734,-0.05372531668067833,-0.03722160910689797,-0.02297548417292726,-0.014356557457856075,-0.003493532312363161,-0.0025995437619355205,-0.01041079167666814,-0.018337465270277315,-0.02492095288407704,-0.03728107090900428,-0.04825043080434379,-0.024920952884077145,-0.02492095288407714,-0.024920952884077075,-0.02492095288407712,-0.024920952884077162,-0.024920952884077162,-0.02492095288407714,-0.024920952884077162,-0.024920952884077162,-0.024920952884077145,0.00022577388988094977,0.0003009038789926026,0.00030068788152303204,-0.00016040451759853272,0.00020271160429472846,0.0014462843095754934
线路序号143,0.00011571355913317283,0.0001159771071879869,0.00011560170290133124,0.00011504353862884597,0.00011495369521660464,0.00011554229525715436,0.00011576901527275171,0.00011386343759044885,0.00011386343759045078,0.00011386343759044885,0.00011581812844894055,0.00011613961529820246,0.00011636865601020256,0.00011669032903158306,0.00011820927072877142,0.00011826740096281159,0.00012286229542594505,0.00012180375137414629,0.00012077036084431146,0.00014616885888681902,0.00016459905105629458,0.00018565592550199417,0.000220171833098363,0.0002779317718517955,0.00017626268426804565,0.0001564376651619909,0.0001713914614396351,0.00016585558943700186,0.00015974994347374297,0.00011180542319539656,0.00015760681641761954,0.00017312517221497461,9.87831877257619e-05,7.80294410745068e-05,7.742313565167294e-05,7.759027930872745e-05,7.660871998912048e-05,6.618708122936901e-05,7.417176409956566e-05,7.278086003046564e-05,7.166836575644597e-05,6.858444939113567e-05,7.710270796432614e-05,7.574982096123638e-05,7.525310083498212e-05,8.47566948610581e-05,0.00010615335290463525,6.61605840444275e-05,6.119178194791861e-05,5.2220134627442025e-05,4.141333898776897e-05,3.875377285643e-05,3.135855070551274e-05,2.5840403290148015e-05,2.327975942290578e-05,2.470867356226406e-05,3.623342264681047e-05,3.4285354156349966e-05,0.0,-1.603874365756511e-05,-1.755000588012877e-05,-1.404596225698896e-05,-1.8355530115070154e-05,-2.529759198911594e-05,-4.451059424322906e-05,0.0,0.0,-9.19006044612959e-05,0.0003528016269930673,0.0005194786701955519,0.0004986404809095188,0.00039298205636059734,0.0004986404809095163,0.0006672392769727547,0.0007125838018038911,0.0009598544313369616,0.0013168890964189038,0.0010548124823231038,0.0005391133384571208,-0.000948805502860999,-0.00039451387277725567,0.01022301620898011,0.022503026150100525,0.04152588184377825,0.05076349585866285,0.05076349585866284,0.050763495858662945,0.06784176882668222,0.07976307309455466,0.2897573939261477,0.5592213499554937,-0.030780860487893687,-0.021325386760658614,-0.013163350477243868,-0.008225306419750271,-0.002001550430236336,-0.001489357323734358,-0.005964657743623701,-0.010506089029513313,-0.014277968401925096,-0.02135945422732185,-0.02764413261436181,-0.014277968401925085,-0.014277968401924966,-0.01427796840192497,-0.014277968401924973,-0.014277968401925079,-0.014277968401925079,-0.014277968401924966,-0.014277968401925079,-0.014277968401925079,-0.014277968401925085,0.0001293526969331989,0.0001723969422942208,0.0001722731908043815,-9.19006044612959e-05,0.00011613961529820246,0.0008286200679554842
线路序号144,0.00017665780275871547,0.00017706015681954142,0.00017648703386884728,0.00017563489454614097,0.0001754977322295995,0.00017639633729071402,0.00017674246664768747,0.00017383325558462974,0.00017383325558452447,0.00017383325558479337,0.00017681744684737942,0.00017730825501887615,0.00017765792734095363,0.0001781490197384936,0.00018046796061967437,0.0001805567069988171,0.0001875716494642464,0.00018595558936107052,0.0001843779306859871,0.00022315335934995956,0.0002512904011750909,0.0002834375514352944,0.0003361323647480054,0.0004243134210061087,0.00026909705953772337,0.00023883056059668077,0.0002616602515430834,0.0002532087356481064,0.0002438873561279072,0.00017069132214309868,0.00024061548272244417,0.0002643070765005335,0.00015081051022849783,0.00011912613970272756,0.00011820050415407385,0.0001184556793594454,0.00011695715045771704,0.00010104662261416569,0.00011323669387414309,0.00011111322572994457,0.00010941480079584914,0.00010470664132804331,0.00011771131298578834,0.00011564588481010281,0.00011488755115635097,0.00012939651667043538,0.00016206240841821793,0.00010100616984021939,9.342038933796322e-05,7.972353726074397e-05,6.322499735855629e-05,5.916468573580214e-05,4.7874533519493974e-05,3.945007743148038e-05,3.5540788644347556e-05,3.7722286077170907e-05,5.531691254869765e-05,5.23428315358072e-05,0.0,-2.4486060534347807e-05,-2.6793277299891886e-05,-2.1443717128403418e-05,-2.8023056614272816e-05,-3.862137721283523e-05,-6.795352106931083e-05,0.0,0.0,-0.00014030299455039508,0.0005386158778775054,0.0007930787121667652,0.0007612654245939718,0.0005999586143656734,0.0007612654245939732,0.0010186621642992036,0.0010878888321492989,0.0014653924404360705,0.002010470821181646,0.001610363183426632,0.0008230546059083269,-0.001448524240701354,-0.0006022972108484617,0.015607294379239387,0.04915726805456083,0.10112923801325176,0.12636714160682821,0.1263671416068278,0.12636714160682785,0.17302635534071617,0.2055963163000577,0.2128607302825285,0.22218240013626506,0.23636561072711681,-0.39186753078388115,-0.0709555727485638,-0.05038633776056592,-0.024461518547582873,-0.013264982010150058,0.0036063289412271806,0.008183072290926728,0.011984280048311511,0.10826759841507547,0.1937171361098264,0.011984280048311908,0.01198428004831165,0.011984280048311861,0.01198428004831164,0.011984280048311756,0.011984280048311756,0.01198428004831165,0.011984280048311756,0.011984280048311756,0.011984280048311743,0.00019748042833096186,0.00026319530102089135,0.0002630063718544704,-0.00014030299455035418,0.00017730825501887615,0.0012650393058917283
线路序号145,0.00017665780275919724,0.00017706015681914956,0.0001764870338686758,0.00017563489454568073,0.00017549773222936922,0.0001763963372903517,0.0001767424666470527,0.00017383325558457241,0.00017383325558468344,0.00017383325558457241,0.00017681744684709945,0.00017730825501870983,0.00017765792734100857,0.00017814901973834497,0.00018046796061943506,0.00018055670699883226,0.000187571649464116,0.00018595558936081147,0.00018437793068570396,0.0002231533593497809,0.0002512904011752423,0.0002834375514352212,0.0003361323647478929,0.00042431342100600507,0.00026909705953772993,0.00023883056059663085,0.0002616602515432914,0.0002532087356477147,0.00024388735612752981,0.0001706913221429525,0.00024061548272233122,0.00026430707650039887,0.00015081051022867756,0.00011912613970259785,0.00011820050415399352,0.00011845567935937818,0.00011695715045764466,0.00010104662261416255,0.0001132366938741123,0.00011111322572985014,0.00010941480079583709,0.00010470664132799623,0.00011771131298567692,0.0001156458848100694,0.00011488755115635191,0.00012939651667044926,0.00016206240841822132,0.00010100616984022296,9.342038933795923e-05,7.972353726074376e-05,6.32249973585522e-05,5.9164685735801474e-05,4.787453351949405e-05,3.9450077431477723e-05,3.55407886443453e-05,3.772228607717124e-05,5.531691254869596e-05,5.23428315358141e-05,0.0,-2.4486060534348583e-05,-2.6793277299891236e-05,-2.14437171284033e-05,-2.802305661426822e-05,-3.8621377212833074e-05,-6.795352106930899e-05,0.0,0.0,-0.00014030299455038535,0.0005386158778775647,0.0007930787121667773,0.0007612654245939723,0.0005999586143656787,0.0007612654245939735,0.0010186621642991936,0.0010878888321493604,0.0014653924404360585,0.0020104708211816243,0.001610363183426623,0.0008230546059084129,-0.001448524240701424,-0.0006022972108484483,0.015607294379239448,0.04915726805456102,0.10112923801325197,0.12636714160682824,0.12636714160682808,0.12636714160682802,0.17302635534071592,0.20559631630005748,0.2128607302825288,0.222182400136265,0.23636561072711718,0.07142360845662532,-0.07095557274856361,-0.05038633776056589,-0.02446151854758268,-0.013264982010150035,0.0036063289412269846,0.008183072290926628,0.011984280048311764,0.10826759841507552,0.19371713610982633,0.011984280048311858,0.011984280048311775,0.011984280048311816,0.011984280048311794,0.011984280048311839,0.011984280048311839,0.011984280048311775,0.011984280048311839,0.011984280048311839,0.011984280048311858,0.0001974804283305474,0.0002631953010208609,0.0002630063718544032,-0.00014030299455038535,0.00017730825501870983,0.0012650393058916951
线路序号146,0.0001766578027592534,0.00017706015681857165,0.0001764870338682989,0.0001756348945453295,0.00017549773222929764,0.0001763963372900704,0.00017674246664652396,0.00017383325558443963,0.00017383325558466167,0.00017383325558421758,0.00017681744684682594,0.00017730825501844683,0.0001776579273412041,0.00017814901973796553,0.00018046796061916168,0.00018055670699872422,0.0001875716494639862,0.00018595558936047318,0.0001843779306854226,0.00022315335934964568,0.00025129040117541536,0.00028343755143522484,0.00033613236474773386,0.00042431342100590603,0.0002690970595376148,0.00023883056059657162,0.00026166025154352466,0.0002532087356471775,0.00024388735612724247,0.0001706913221428441,0.00024061548272223007,0.0002643070765002674,0.00015081051022883404,0.00011912613970252704,0.00011820050415387009,0.00011845567935927175,0.00011695715045756146,0.00010104662261403877,0.00011323669387424015,0.00011111322572973366,0.00010941480079584036,0.00010470664132790946,0.00011771131298565512,0.0001156458848100251,0.00011488755115631834,0.00012939651667047444,0.00016206240841822657,0.00010100616984021793,9.34203893379542e-05,7.972353726074247e-05,6.322499735854736e-05,5.9164685735797855e-05,4.787453351949338e-05,3.945007743147276e-05,3.5540788644344317e-05,3.7722286077170886e-05,5.5316912548693915e-05,5.234283153582166e-05,0.0,-2.448606053434989e-05,-2.679327729988924e-05,-2.144371712840396e-05,-2.802305661426273e-05,-3.8621377212829266e-05,-6.79535210693029e-05,0.0,0.0,-0.00014030299455034459,0.0005386158778776172,0.0007930787121667927,0.0007612654245939724,0.00059995861436565,0.0007612654245939713,0.001018662164299191,0.0010878888321494205,0.0014653924404360308,0.002010470821181694,0.0016103631834266502,0.0008230546059084595,-0.0014485242407015295,-0.0006022972108484092,0.015607294379239434,0.049157268054561186,0.10112923801325209,0.12636714160682852,0.12636714160682844,0.12636714160682835,0.17302635534071584,0.2055963163000573,0.21286073028252936,0.22218240013626492,0.23636561072711754,0.6081324692161193,-0.07095557274856351,-0.05038633776056563,-0.0244615185475823,-0.01326498201014997,0.0036063289412267,0.008183072290926371,0.011984280048311997,0.10826759841507572,0.19371713610982627,0.011984280048311683,0.011984280048311877,0.01198428004831178,0.011984280048311969,0.011984280048312033,0.011984280048312033,0.011984280048311877,0.011984280048312033,0.011984280048312033,0.011984280048311905,0.00019748042833017305,0.0002631953010207545,0.000263006371854375,-0.0001403029945504001,0.00017730825501844683,0.0012650393058917155
线路序号147,-0.00031965500310428063,-0.00032038304617083504,-0.0003193460038451759,-0.00031780409290896013,-0.00031755590335863406,-0.00031918189212895104,-0.0003198081989154047,-0.00031454410156604083,-0.00031454410156604083,-0.00031454410156604083,-0.00031994387249245653,-0.0003208319696222235,-0.0003214646872579186,-0.00032235329868242563,-0.00032654932649971754,-0.00032670990941052,-0.0003394031582817153,-0.00033647896422256494,-0.00033362425596319224,-0.00040378679379818853,-0.0004546996097139972,-0.0005128685513377645,-0.0006082176412160432,-0.000767777623122099,-0.0004869200231076724,-0.000432154042427735,-0.00047346342597210045,-0.0004581707567689527,-0.00044130410523765675,-0.0003088589026764752,-0.00043538378534706284,-0.0004782527464932597,-0.0002728853940343055,-0.0002155538332392888,-0.00021387893391667726,-0.00021434066291925832,-0.0002116291367186603,-0.00018283969324245329,-0.00020489712408096255,-0.0002010547961130874,-0.0001979815662921621,-0.00018946234604915997,-0.00021299376268742282,-0.000209256455647358,-0.0002078842821987316,-0.00023413765648502214,-0.0002932452394216492,-0.00018276649561707584,-0.00016904033887724286,-0.00014425645033759151,-0.00011440302330938079,-0.00010705605700448222,-8.662699253422781e-05,-7.138328693564394e-05,-6.430959021880124e-05,-6.825691978911189e-05,-0.00010009367022701044,-9.471219337996547e-05,1.3694522618481e-05,4.4306515952542706e-05,4.848132946674088e-05,3.880152112253834e-05,5.070656438087477e-05,6.988378809196587e-05,0.0001229590918091896,0.0,1.8024505235412567e-05,0.00025387247807858723,-0.0009746032013598343,-0.0014350431978609893,-0.001377478366990429,-0.0010856003513087524,-0.0013774783669904308,-0.0018432271442541085,-0.001968489942618122,-0.0026515671415503995,-0.0036378639751307403,-0.0029138857177848526,-0.001489283340426305,0.00262104483031284,0.0010898319451262204,-0.028240755037732147,0.005994216776615884,0.05902731134445597,0.08478050347929368,0.08478050347929385,0.0847805034792935,0.1323923699599603,0.1656273198954834,0.1730400532211315,0.1825520459217412,0.19702483864324355,0.23721541760596715,0.271908228691714,-0.4471390425811266,-0.09303502734205685,-0.04649537705478545,0.07501248831095102,0.14055683660372992,0.1949946029686757,0.1958657887630669,0.19663894889755054,0.19499460296867577,0.19499460296867596,0.1949946029686757,0.19499460296867557,0.19499460296867616,0.19499460296867616,0.19499460296867596,0.19499460296867616,0.19499460296867616,0.19499460296867577,-0.00035733268468761463,-0.00047624103464741365,-0.0004758991751187473,0.00025387247807858723,-0.0003208319696222235,-0.0022890364135316975
线路序号148,-0.001788007803547206,-0.0017920801523967497,-0.0017862793992306416,-0.0017776546357900888,-0.001776266373917792,-0.0017853614313461882,-0.0017888647127260447,-0.0017594196952935772,-0.0017594196952934662,-0.0017594196952935772,-0.001789623610328173,-0.0017945912303659421,-0.0017981303711844018,-0.0018031008679585466,-0.001826571579847033,-0.0018274698091718528,-0.0018984701933795044,-0.0018821135534206237,-0.0018661455860944141,-0.0022586035922188678,-0.0025433872223038835,-0.0028687583897745433,-0.0034020987570718654,-0.004294606273025757,-0.0027236138729801298,-0.0024172773543134187,-0.002648343658363023,-0.002562803273860938,-0.002468458732825337,-0.0017276192232835886,-0.0024353430985911656,-0.002675132985549122,-0.0015263994283537096,-0.001205712196507258,-0.0011963435552225167,-0.001198926261738833,-0.001183759191118482,-0.0010227238589762668,-0.0011461033089544851,-0.001124611036587412,-0.0011074207569153926,-0.0010597680309252548,-0.0011913923013708201,-0.0011704874693275566,-0.0011628121418332746,-0.001309661831772927,-0.0016402833409423232,-0.0010223144240443446,-0.0009455364129845869,-0.0008069063722189048,-0.0006399195896850464,-0.0005988239304335851,-0.0004845528371068126,-0.000399286333217723,-0.00035971922240496157,-0.00038179882699862,-0.0005598794378758068,-0.0005297778517790874,7.660106386570242e-05,0.0002478309286639401,0.0002711829771827559,0.00021703843795059923,0.00028362995080296715,0.00039089880413834026,0.0006877784284232073,0.0,0.00010082105927682271,0.001420049639466303,-0.0054514964961498375,-0.008026992886999738,-0.0077050008461830325,-0.006072365146267321,-0.007705000846183033,-0.010310192193591354,-0.011010856531063902,-0.014831686332755372,-0.020348591802514766,-0.016298979685805414,-0.008330388101312957,0.014660958109681606,0.006096034798528382,-0.1579662132465899,-0.15970664305644963,-0.16240272760985652,-0.16371196260889742,-0.16371196260889728,-0.1637119626088972,-0.1661324439861097,-0.16782203490824213,-0.1681988817805708,-0.16868245032962903,-0.16941821491623435,-0.18014075292295692,-0.18939652865517514,-0.21220682278858632,-0.24095620272171053,-0.11659051424684413,-0.0432257757885235,-0.09563733253790851,-0.13916767734203028,-0.15214835684513997,-0.16366845275915154,-0.1391676773420304,-0.13916767734203062,-0.13916767734203048,-0.13916767734203045,-0.13916767734203045,-0.13916767734203045,-0.13916767734203056,-0.13916767734203048,-0.13916767734203048,-0.13916767734203037,-0.001998759983359425,-0.002663880364932862,-0.002661968154893463,0.001420049639466317,-0.0017945912303659838,-0.012803850808735686
线路序号149,0.00425750691858232,0.0042672037741378266,0.004253391336244332,0.004232854518706261,0.004229548865053885,0.004251205521053103,0.004259547344104712,0.0041894344703314965,0.0041894344703314965,0.0041894344703314965,0.0042613543897926445,0.004273183016401306,0.004281610225997418,0.004293445702532821,0.0043493328849332005,0.004351471699739943,0.004520533952369165,0.004481586411059394,0.004443564355880427,0.005378064011314636,0.006056175299744584,0.006830931424335378,0.008100892494539954,0.010226082841317163,0.006485321196448791,0.005755889342152218,0.006306091855916666,0.006102407745526775,0.005877759656523531,0.00411371291624824,0.005798906509694812,0.00636988114453882,0.0036345792864233423,0.0028709762945468586,0.002848668195550937,0.0028548179958144205,0.0028187029923045677,0.002435254419333144,0.002729038854082993,0.0026778626242492556,0.0026369300654033043,0.0025234619864665437,0.0028368785392149155,0.002787101090325093,0.0027688250180146756,0.0031184955114372742,0.003905753464075053,0.002434279495145759,0.0022514598717451252,0.0019213615598069108,0.0015237417169072709,0.0014258869686004148,0.001153790857236956,0.0009507588964642111,0.0008565438445503033,0.0009091185979325705,0.0013331544614063873,0.0012614782020450733,-0.00018239828636765903,-0.0005901215259419932,-0.0006457261535810326,-0.0005168001220911047,-0.0006753642100807551,-0.0009307869684813082,-0.0016377005803075333,0.0,-0.00024006962193248203,-0.003381344954291637,0.012980806908639375,0.019113438813866217,0.01834672888184802,0.014459185564572544,0.01834672888184802,0.024550068802299124,0.02621845260827313,0.03531640468832333,0.048452959886834526,0.03881024380345903,0.019835866994235944,-0.034909875930735246,-0.01451554645296573,0.37614055400955493,0.3067400944206729,0.19923245117248214,0.14702608804968625,0.1470260880496864,0.14702608804968667,0.050508251447937996,-0.016864983513282864,-0.03189193029739484,-0.051174454279253295,-0.08051341421337316,-0.1446235148962878,-0.19996383765559725,-0.25302178893876126,-0.3198943680905837,-0.18124056074508268,-0.07321755418639397,-0.10790192688505647,-0.13670898388790256,-0.11259514202144379,-0.09119458505596424,-0.13670898388790317,-0.13670898388790334,-0.13670898388790304,-0.13670898388790345,-0.13670898388790304,-0.13670898388790304,-0.13670898388790334,-0.13670898388790304,-0.13670898388790304,-0.13670898388790317,0.004759338544751327,0.006343087016442381,0.006338533765916305,-0.003381344954291637,0.0042731830164012274,0.03048783304778939
线路序号150,-0.0003608533464266011,-0.0003616752224310041,-0.00036050452217667775,-0.0003587638839398039,-0.000358483706783189,-0.0003603192591238309,-0.00036102628669213034,-0.0003550837326074222,-0.0003550837326074222,-0.0003550837326074222,-0.00036117944639222515,-0.00036218200483216625,-0.0003628962695045867,-0.0003638994085240449,-0.0003686362362441322,-0.0003688175156866323,-0.0003831467183825467,-0.0003798456431557121,-0.0003766230093207085,-0.0004558283598570665,-0.0005133030116562244,-0.0005789689860325683,-0.0006866070265049625,-0.0008667317011307678,-0.0005496761135424362,-0.00048785168656066105,-0.0005344851793770856,-0.0005172215332451672,-0.0004981810440021109,-0.00034866580382674546,-0.0004914976909379719,-0.000539891765603698,-0.00030805589361075717,-0.00024333522486500014,-0.00024144445819593738,-0.00024196569657495656,-0.00023890469864323846,-0.00020640476302710852,-0.00023130503880694475,-0.00022696749710797106,-0.00022349817782787502,-0.00021388096832473334,-0.0002404452027575555,-0.00023622621747993266,-0.00023467719313801313,-0.0002643142013944796,-0.0003310397927187907,-0.00020632213141581876,-0.00019082689578660758,-0.00016284876614632628,-0.00012914771676236837,-0.00012085384570931241,-9.779180630158394e-05,-8.058343438878984e-05,-7.25980529397447e-05,-7.705412924409437e-05,-0.00011299412024476416,-0.00010691905834952486,1.545952438288803e-05,5.001690696138473e-05,5.4729786198933156e-05,4.380240761934454e-05,5.724181778784302e-05,7.889067447435394e-05,0.0001388065236649229,0.0,2.03475715028079e-05,0.00028659252128313765,-0.0011002137405454757,-0.001619996981704985,-0.0015550129781560546,-0.0012255166221333794,-0.0015550129781560546,-0.002080789215780527,-0.0022221963563962906,-0.0029933111229700723,-0.004106725615193782,-0.0032894383074187983,-0.0016812277985711528,0.002958854981054702,0.0012302935997339122,-0.031880530140408855,0.006766774059677936,0.06663497402636527,0.0957073347677644,0.09570733476776448,0.0957073347677643,0.1494555983092299,0.18697399403621315,0.1953421084118871,0.20608004263432458,0.22241814350865527,0.2677886359855618,0.3069527875104388,0.12469113835203063,-0.10502573282227606,-0.05248787674424008,0.08468038093560731,0.1586723322304474,0.22012624339731948,0.22110971090514192,0.22198251883601447,0.2201262433973195,0.22012624339731998,0.22012624339731965,0.22012624339731982,0.22012624339731987,0.22012624339731987,0.22012624339731998,0.22012624339731987,0.22012624339731987,0.2201262433973195,-0.0004033870698254744,-0.000537620776742416,-0.0005372348570667995,0.00028659252128313765,-0.00036218200483248566,-0.0025840560663689437
线路序号151,-0.0017889907655061713,-0.0017930653531397292,-0.0017872614109942363,-0.0017786319060678981,-0.0017772428809949775,-0.0017863429384550951,-0.0017898481457730405,-0.0017603869408650337,-0.0017603869408649602,-0.0017603869408651823,-0.0017906074605809068,-0.0017955778115808327,-0.0017991188980514905,-0.0018040921273689494,-0.0018275757423426606,-0.001828474465471361,-0.0018995138823256132,-0.0018831482502613668,-0.0018671715045031738,-0.002259845265441552,-0.0025447854560708295,-0.0028703354971904146,-0.003403969069747483,-0.004296967244038857,-0.0027251111868188084,-0.0024186062588510875,-0.0026497995922046694,-0.0025642121816529598,-0.002469815774459544,-0.0017285689864629103,-0.002436681934819124,-0.0026766036468934226,-0.0015272385704251919,-0.0012063750399357422,-0.0011970012482158145,-0.0011995853745818987,-0.001184409965824983,-0.0010232861040883016,-0.0011467333822413296,-0.0011252292944414538,-0.0011080295643683365,-0.0010603506411675822,-0.001192047272399565,-0.0011711309478702587,-0.001163451400844707,-0.0013103818217848839,-0.0016411850909923151,-0.0010228764440685537,-0.0009460562240967176,-0.000807349971104124,-0.0006402713871505089,-0.0005991531354530605,-0.0004848192212943339,-0.0003995058419220698,-0.0003599169789868198,-0.00038200872190075795,-0.0005601872330588009,-0.0005300690985365208,7.664317550059262e-05,0.00024796717436413764,0.0002713320607326076,0.00021715775539861852,0.00028378587710906956,0.0003911137017766757,0.0006881565364102407,0.0,0.00010087648591743564,0.001420830315463766,-0.005454493470584224,-0.008031405747300461,-0.007709236690518477,-0.0060757034448633345,-0.007709236690518474,-0.010315860248673096,-0.01101690977819485,-0.014839840091047152,-0.020359778493995062,-0.016307940092449635,-0.00833496775392505,0.014669018009686919,0.006099386109577559,-0.1580530555848235,-0.159794442200516,-0.16249200893344654,-0.16380196368784705,-0.1638019636878468,-0.16380196368784672,-0.1662237757310169,-0.16791429551017095,-0.16829134955505165,-0.16877518394718266,-0.16951135302229073,-0.18023978577228258,-0.18950064989137935,-0.21232348404355553,-0.24108866902337198,-0.6031856712090472,-0.04324953927163989,-0.09568990941121139,-0.1392441851360612,-0.15223200080162444,-0.16375842991844752,-0.13924418513606132,-0.13924418513606152,-0.13924418513606138,-0.13924418513606143,-0.1392441851360614,-0.1392441851360614,-0.13924418513606135,-0.13924418513606152,-0.13924418513606152,-0.13924418513606135,-0.001999858806879748,-0.002665344840119499,-0.0026634315788377026,0.0014208303154637939,-0.0017955778115809078,-0.012810889759152858
线路序号152,-0.0008156706447672874,-0.0008175284081428457,-0.0008148821646160068,-0.0008109476368461184,-0.0008103143261557214,-0.0008144633971732287,-0.0008160615578614594,-0.0008026290458185118,-0.0008026290458182897,-0.0008026290458185118,-0.0008164077590891733,-0.0008186739359094999,-0.0008202884553023341,-0.00082255594446004,-0.0008332630401795093,-0.0008336728030960799,-0.0008660624431471598,-0.0008586007133744039,-0.0008513162920318895,-0.0010303515704379095,-0.0011602669134861453,-0.0013086978707967875,-0.0015520022235023395,-0.001959154910170742,-0.0012424844452384083,-0.0011027368976040141,-0.0012081469527696798,-0.0011691243151490877,-0.0011260853124868341,-0.0007881219997882302,-0.0011109783030688258,-0.0012203679664227107,-0.0006963276130162173,-0.0005500334186340499,-0.0005457595414942286,-0.0005469377454625594,-0.0005400186849039166,-0.0004665560339364687,-0.0005228404613953511,-0.0005130359092988052,-0.0005051938817215758,-0.0004834552015792137,-0.0005435008307584154,-0.000533964262854489,-0.0005304628579313232,-0.0005974541658212701,-0.0007482802746466208,-0.00046636925396048747,-0.00043134392036804685,-0.00036810233131501365,-0.0002919246903075784,-0.0002731772761115643,-0.0002210479866379573,-0.00018215029051697328,-0.00016410018429024182,-0.0001741726712667536,-0.00025541120188541034,-0.00024167917001656622,3.4944612114832376e-05,0.00011305790331323874,0.000123710866031978,9.901068791276267e-05,0.00012938904650639416,0.00017832398660564842,0.00031375739695122624,0.0,4.599352321805631e-05,0.0006478119406011664,-0.002486916250110035,-0.0036618310337896325,-0.0035149415990667373,-0.0027701500990633425,-0.003514941599066743,-0.00470340291443064,-0.005023038729653837,-0.006766061719660591,-0.009282816866207196,-0.00743542575317992,-0.003800236788835939,0.006688177272222209,0.0027809479493205048,-0.07206255070855032,-0.0860367110670236,-0.10768396031308536,-0.11819599574242312,-0.11819599574242301,-0.11819599574242282,-0.1376303875910592,-0.1511963552344209,-0.15422211277699865,-0.1581047539559597,-0.16401231326174698,-0.16004331743001046,-0.15661725027337015,-0.12752661465244702,-0.09086168911179027,-0.04340064911736975,-0.707559820752382,-0.1658560125413242,-0.23395233599686463,-0.20394067034174101,-0.17730591159868345,-0.23395233599686494,-0.23395233599686507,-0.23395233599686482,-0.23395233599686488,-0.23395233599686502,-0.23395233599686502,-0.23395233599686496,-0.23395233599686507,-0.23395233599686507,-0.23395233599686488,-0.0009118136068132175,-0.0012152346374207136,-0.0012143623070021592,0.000647811940601208,-0.0008186739359092778,-0.005840984152281388
线路序号153,-0.0008148189176761259,-0.0008166747411660999,-0.0008140312608592918,-0.0008101008415414854,-0.000809468192157092,-0.0008136129306952868,-0.0008152094225766682,-0.0008017909368254192,-0.0008017909368253082,-0.0008017909368253518,-0.0008155552622993637,-0.0008178190727674467,-0.0008194319062716287,-0.0008216970277065879,-0.0008323929430265687,-0.0008328022780668067,-0.0008651580967046803,-0.0008577041585051243,-0.0008504273435892913,-0.0010292756725224644,-0.0011590553573636968,-0.001307331322376524,-0.0015503816155419787,-0.001957109151475995,-0.0012411870371857713,-0.0011015854145924023,-0.001206885400086657,-0.001167903510086331,-0.0011249094489514835,-0.0007872990391204095,-0.0011098182143431327,-0.0012190936525001991,-0.000695600504474977,-0.0005494590711729453,-0.000545189656835612,-0.0005463666305177883,-0.0005394547948744295,-0.0004660688539498615,-0.0005222945089471049,-0.0005125001948095451,-0.0005046663559140056,-0.0004829503754028885,-0.000542933304656079,-0.0005334066948807897,-0.0005299089461409378,-0.0005968303013947366,-0.0007474989168937763,-0.00046588226901031336,-0.00043089350903457405,-0.00036771795714379184,-0.00029161986118439394,-0.0002728920231257235,-0.00022081716729931803,-0.00018196008833404797,-0.00016392883011242675,-0.00017399079935105676,-0.00025514450031714086,-0.0002414268075000208,3.4908122787876246e-05,0.00011293984772328627,0.00012358168656866568,9.890730049064922e-05,0.00012925393786054909,0.00017813777986711336,0.00031342977001393765,0.0,4.594549656659373e-05,0.000647135492351344,-0.0024843194005623463,-0.0036580073327449397,-0.003511271280654907,-0.0027672574954096555,-0.003511271280654908,-0.004698491599170185,-0.00501779364918426,-0.006758996566455285,-0.009273123705539326,-0.007427661646928707,-0.0037962685638562132,0.006681193446320103,0.002778044070501184,-0.07198730265699238,-0.08594687113204233,-0.10757151621947605,-0.11807257493238912,-0.11807257493238907,-0.118072574932389,-0.13748667329841277,-0.15103847529508793,-0.1540610733275273,-0.1579396602344601,-0.1638410508392667,-0.15987619945148965,-0.156453709810154,-0.12739345076662817,-0.09076681091223038,-0.04335532995713579,-0.08377886723262654,-0.44866228889439624,-0.23370804187643623,-0.2037277145425675,-0.17712076793881704,-0.2337080418764364,-0.23370804187643662,-0.23370804187643648,-0.23370804187643646,-0.2337080418764366,-0.2337080418764366,-0.23370804187643654,-0.23370804187643662,-0.23370804187643662,-0.23370804187643637,-0.0009108614867923724,-0.001213965683744453,-0.0012130942642173776,0.0006471354923513663,-0.0008178190727674703,-0.005834884969386559
线路序号154,0.0002978770245042704,0.0002985554662623523,0.0002975890772515656,0.0002961522161450774,0.00029592093565794823,0.000297436146407751,0.0002980197831408473,0.0002931143268212405,0.000293114326821296,0.00029311432682128756,0.00029814621332706256,0.0002989738047239301,0.00029956341553788305,0.0003003914861907746,0.0003043016401657191,0.00030445128262149903,0.00031627974508374106,0.0003135547752977536,0.0003108945572689379,0.000376276947029962,0.0004237210913949329,0.00047792700427370867,0.0005667799954873336,0.0007154692141095793,0.0004537463397933337,0.00040271154537220214,0.00044120653570558393,0.0004269557504685719,0.000411238217745233,0.00028781645845552255,0.0004057212470862406,0.00044566956156862606,0.0002542938118172182,0.00020086822931722703,0.00019930744027370177,0.0001997377118479281,0.00019721092093680253,0.00017038289172838805,0.00019093755786101088,0.0001873570062941405,0.0001844931544983236,0.00017655434561883676,0.00019848257543698904,0.00019499988976052297,0.00019372120198770932,0.00021818594347361743,0.0002732665483753809,0.0001703146810309469,0.00015752368233594487,0.00013442831106952931,0.00010660878712001308,9.976236694579514e-05,8.072512717565622e-05,6.651996967132653e-05,5.992820132795247e-05,6.36066007765129e-05,9.327432503629425e-05,8.82594862410946e-05,-1.2761519794767684e-05,-4.128792920481237e-05,-4.517831419925265e-05,-3.615798766173728e-05,-4.72519446715102e-05,-6.512263113614437e-05,-0.00011458193379826856,0.0,-1.679650227764874e-05,-0.0002365762388806167,0.0009082038412507037,0.0013372742289780323,0.0012836312690076056,0.0010116387959181196,0.0012836312690076065,0.0017176487522033179,0.0018343774418703544,0.0024709168407514217,0.003390017631330876,0.002715363748205691,0.001387819010443267,-0.002442474003428665,-0.001015582092794442,0.026316722712690723,0.04314899653710076,0.06922372428516398,0.08188577010827633,0.0818857701082763,0.08188577010827623,0.105295048148282,0.12163564223110954,0.1252802532972808,0.12995700508842303,0.13707282838786433,0.07257270350121119,0.01689570890565676,0.016597023386076316,0.01622056951692774,0.0071404191510588315,-0.028047634869166758,-0.05123094910057087,-0.07048581815589931,0.018578789779574917,0.09762186496795143,-0.07048581815589938,-0.0704858181558994,-0.0704858181558993,-0.07048581815589937,-0.07048581815589934,-0.07048581815589934,-0.0704858181558994,-0.07048581815589934,-0.07048581815589934,-0.07048581815589938,0.0003329877394046411,0.0004437949069165387,0.0004434763381520723,-0.0002365762388806167,0.0002989738047239301,0.00213308519880869
线路序号155,0.001033823955048656,0.0010361785822407719,0.0010328245937577297,0.0010278377659410339,0.0010270350746011325,0.001032293825834491,0.001034319418901767,0.001017294345343306,0.001017294345343306,0.0010172943453435452,0.0010347582125799619,0.0010376304844932625,0.0010396768114445671,0.0010425507466834286,0.0010561214839831102,0.001056640839095425,0.0010976931755928593,0.0010882357861003778,0.0010790031266552551,0.0013059218723545372,0.0014705834237209786,0.0016587126402410194,0.001967089397217232,0.002483136166265079,0.0015747902557255425,0.0013976668501815468,0.0015312691084363164,0.0014818097613084403,0.0014272598614945055,0.0009989073507894806,0.0014081124417295086,0.001546758665098057,0.0008825623081026369,0.0006971413375097794,0.0006917244004208651,0.0006932177182129143,0.0006844481362767177,0.0005913377014972862,0.0006626755506359135,0.0006502487446803406,0.0006403093457114157,0.000612756597029894,0.0006888615914167304,0.000676774442747645,0.000672336577649515,0.0007572448912204434,0.0009484098489768671,0.0005911009667133449,0.0005467080133397573,0.00046655229100540815,0.0003700007347888414,0.0003462392741853999,0.0002801678658748021,0.00023086687618738107,0.00020798922044722995,0.00022075562118755443,0.0003237216155691856,0.0003063169148011081,-4.4290642719448895e-05,-0.0001432955439826294,-0.00015679767026546224,-0.0001254913629987025,-0.00016399449539725947,-0.0002260172169919772,-0.0003976726576127261,0.0,-5.829461484836686e-05,-0.0008210709884624214,0.003152048697660392,0.004641197603899463,0.004455022194334414,0.0035110342021735974,0.0044550221943344135,0.0059613406886328425,0.006366463963313054,0.008575663145392586,0.01176553123268804,0.009424050392056372,0.0048166203508143764,-0.008476948292769538,-0.003524719966556991,0.09133587393661949,0.08555354527282903,0.07659619065568199,0.07224644496659746,0.07224644496659775,0.07224644496659755,0.06420474241224246,0.05859131866841765,0.057339298932039165,0.05573271171646392,0.05328823930233553,0.17455202408121545,0.27922783830072034,0.22167522870796388,0.14913772306916784,0.07245328977872512,-0.15248021136410433,-0.28286302425232424,-0.39115228626937176,-0.20044030283805755,-0.03118719551391221,-0.3911522862693721,-0.39115228626937193,-0.3911522862693719,-0.3911522862693719,-0.39115228626937215,-0.39115228626937215,-0.39115228626937193,-0.39115228626937215,-0.39115228626937215,-0.3911522862693721,0.001155680611174721,0.001540252413432363,0.0015391467758942511,-0.0008210709884624214,0.0010376304844932625,0.0074031710916840614
线路序号156,-0.0003196550031031518,-0.00032038304616915795,-0.0003193460038439476,-0.0003178040929089876,-0.00031755590335789144,-0.0003191818921289502,-0.0003198081989147665,-0.00031454410156528053,-0.00031454410156528053,-0.00031454410156528053,-0.00031994387249189026,-0.0003208319696216527,-0.0003214646872571556,-0.00032235329868244314,-0.00032654932649949154,-0.00032670990941066104,-0.0003394031582818444,-0.000336478964222458,-0.0003336242559628961,-0.0004037867937978079,-0.00045469960971371835,-0.0005128685513375899,-0.0006082176412157434,-0.0007677776231219291,-0.0004869200231072545,-0.00043215404242718803,-0.00047346342597214994,-0.00045817075676821167,-0.00044130410523717607,-0.00030885890267608006,-0.0004353837853465127,-0.0004782527464928066,-0.00027288539403452577,-0.00021555383323931297,-0.00021387893391660998,-0.0002143406629189429,-0.0002116291367184591,-0.00018283969324198285,-0.00020489712408060744,-0.00020105479611282038,-0.00019798156629183625,-0.00018946234604909213,-0.00021299376268735216,-0.00020925645564739238,-0.00020788428219869082,-0.00023413765648501453,-0.0002932452394216351,-0.00018276649561706698,-0.00016904033887722424,-0.00014425645033755942,-0.000114403023309371,-0.00010705605700447277,-8.662699253422188e-05,-7.138328693563006e-05,-6.43095902187917e-05,-6.82569197891091e-05,-0.00010009367022701286,-9.471219337995e-05,1.3694522618480638e-05,4.4306515952539806e-05,4.84813294667409e-05,3.8801521122538835e-05,5.0706564380871775e-05,6.988378809195784e-05,0.00012295909180919524,0.0,1.8024505235412066e-05,0.00025387247807853616,-0.0009746032013598895,-0.0014350431978609908,-0.0013774783669904306,-0.0010856003513087787,-0.0013774783669904256,-0.001843227144254095,-0.0019684899426181284,-0.002651567141550528,-0.00363786397513104,-0.0029138857177848534,-0.0014892833404264861,0.0026210448303121883,0.0010898319451261248,-0.02824075503773227,0.0059942167766157016,0.05902731134445611,0.08478050347929393,0.08478050347929407,0.08478050347929388,0.13239236995995982,0.16562731989548318,0.17304005322113114,0.18255204592174096,0.1970248386432429,0.23721541760596637,0.2719082286917139,0.5528609574188732,-0.09303502734205715,-0.04649537705478557,0.07501248831095068,0.14055683660372945,0.1949946029686755,0.19586578876306637,0.19663894889754988,0.19499460296867535,0.19499460296867566,0.19499460296867574,0.19499460296867555,0.19499460296867574,0.19499460296867574,0.19499460296867566,0.19499460296867574,0.19499460296867574,0.19499460296867535,-0.0003573326846872202,-0.00047624103464736844,-0.0004758991751180913,0.00025387247807853616,-0.0003208319696221601,-0.0022890364135317353
线路序号157,0.0017889907655068936,0.0017930653531407256,0.0017872614109955842,0.0017786319060681796,0.0017772428809954255,0.0017863429384554223,0.0017898481457733033,0.0017603869408658337,0.0017603869408656769,0.0017603869408656769,0.0017906074605817314,0.0017955778115813395,0.0017991188980512832,0.001804092127369411,0.001827575742343047,0.0018284744654717112,0.0018995138823261802,0.0018831482502614848,0.001867171504503771,0.002259845265441815,0.002544785456071146,0.002870335497190815,0.003403969069747533,0.00429696724403913,0.002725111186819158,0.002418606258851413,0.0026497995922050827,0.0025642121816531857,0.0024698157744598042,0.0017285689864630798,0.002436681934819046,0.002676603646893726,0.0015272385704255455,0.001206375039935823,0.0011970012482162722,0.0011995853745821736,0.0011844099658250148,0.0010232861040885544,0.0011467333822415236,0.0011252292944415143,0.0011080295643683645,0.0010603506411677678,0.0011920472723996503,0.0011711309478704384,0.001163451400844754,0.0013103818217849088,0.0016411850909923225,0.0010228764440685613,0.000946056224096736,0.0008073499711041319,0.0006402713871505163,0.0005991531354530716,0.0004848192212943401,0.00039950584192208427,0.0003599169789868254,0.00038200872190076647,0.0005601872330588123,0.0005300690985365302,-7.664317550059354e-05,-0.0002479671743641445,-0.0002713320607326092,-0.00021715775539862296,-0.0002837858771090725,-0.00039111370177668126,-0.0006881565364102511,0.0,-0.00010087648591743719,-0.0014208303154638526,0.005454493470584214,0.008031405747300442,0.007709236690518489,0.006075703444863501,0.0077092366905184935,0.01031586024867298,0.011016909778194701,0.014839840091047118,0.020359778493994972,0.01630794009244959,0.0083349677539249,-0.014669018009687002,-0.006099386109577652,0.15805305558482324,0.15979444220051567,0.16249200893344615,0.16380196368784658,0.16380196368784647,0.1638019636878464,0.16622377573101685,0.1679142955101707,0.16829134955505165,0.16877518394718224,0.16951135302229042,0.18023978577228214,0.18950064989137907,0.2123234840435551,0.24108866902337148,-0.3968143287909534,0.04324953927163961,0.0956899094112114,0.13924418513606102,0.15223200080162436,0.16375842991844722,0.13924418513606102,0.13924418513606138,0.1392441851360612,0.1392441851360611,0.13924418513606104,0.13924418513606104,0.13924418513606138,0.13924418513606104,0.13924418513606104,0.13924418513606093,0.001999858806879627,0.002665344840120039,0.002663431578837957,-0.0014208303154638526,0.00179557781158147,0.012810889759152736
线路序号158,-0.0008156706447678044,-0.0008175284081429135,-0.0008148821646164323,-0.0008109476368462255,-0.0008103143261559486,-0.0008144633971733969,-0.0008160615578616527,-0.0008026290458186743,-0.0008026290458186743,-0.0008026290458185968,-0.0008164077590892252,-0.0008186739359097817,-0.0008202884553025912,-0.0008225559444602833,-0.0008332630401795396,-0.0008336728030961093,-0.0008660624431472504,-0.0008586007133746545,-0.0008513162920321562,-0.00103035157043798,-0.001160266913486415,-0.0013086978707972008,-0.0015520022235024924,-0.0019591549101710083,-0.0012424844452386503,-0.0011027368976041848,-0.0012081469527696841,-0.0011691243151491814,-0.0011260853124869304,-0.0007881219997885382,-0.0011109783030689372,-0.0012203679664226298,-0.000696327613016203,-0.0005500334186341093,-0.0005457595414943821,-0.0005469377454625546,-0.0005400186849039294,-0.000466556033936619,-0.0005228404613955898,-0.000513035909298873,-0.000505193881721581,-0.00048345520157929263,-0.0005435008307585294,-0.0005339642628545313,-0.0005304628579313278,-0.000597454165821281,-0.0007482802746466284,-0.0004663692539604994,-0.00043134392036806084,-0.00036810233131502693,-0.00029192469030758436,-0.0002731772761115707,-0.00022104798663795717,-0.00018215029051697689,-0.00016410018429024396,-0.00017417267126675667,-0.0002554112018854174,-0.00024167917001657473,3.49446121148323e-05,0.00011305790331324274,0.0001237108660319774,9.901068791276464e-05,0.00012938904650639587,0.00017832398660565276,0.000313757396951234,0.0,4.599352321805789e-05,0.0006478119406011896,-0.002486916250109951,-0.0036618310337896134,-0.003514941599066743,-0.0027701500990634288,-0.003514941599066741,-0.004703402914430622,-0.005023038729653758,-0.006766061719660674,-0.009282816866207083,-0.007435425753179839,-0.003800236788835813,0.0066881772722221745,0.0027809479493205182,-0.07206255070855014,-0.08603671106702353,-0.10768396031308526,-0.1181959957424229,-0.11819599574242282,-0.11819599574242284,-0.13763038759105914,-0.1511963552344207,-0.15422211277699854,-0.15810475395595935,-0.16401231326174676,-0.16004331743001035,-0.15661725027337012,-0.12752661465244683,-0.09086168911179017,-0.043400649117369676,0.29244017924761817,-0.16585601254132418,-0.2339523359968646,-0.20394067034174088,-0.17730591159868336,-0.23395233599686466,-0.23395233599686488,-0.23395233599686482,-0.23395233599686474,-0.23395233599686482,-0.23395233599686482,-0.23395233599686488,-0.23395233599686482,-0.23395233599686482,-0.23395233599686466,-0.0009118136068135536,-0.0012152346374209176,-0.001214362307002222,0.0006478119406011896,-0.0008186739359097817,-0.005840984152281388
线路序号159,-0.0008148189176754097,-0.0008166747411658288,-0.0008140312608591622,-0.0008101008415412085,-0.0008094681921570221,-0.0008136129306951851,-0.0008152094225765537,-0.0008017909368251322,-0.0008017909368251322,-0.0008017909368251835,-0.0008155552622991704,-0.0008178190727672764,-0.0008194319062712293,-0.0008216970277064096,-0.0008323929430264315,-0.000832802278066428,-0.0008651580967046656,-0.0008577041585049023,-0.0008504273435892742,-0.0010292756725223382,-0.001159055357363343,-0.0013073313223763185,-0.0015503816155418868,-0.001957109151475847,-0.0012411870371856273,-0.0011015854145922316,-0.0012068854000865739,-0.0011679035100861886,-0.001124909448951221,-0.0007872990391202542,-0.0011098182143430726,-0.001219093652500281,-0.0006956005044750029,-0.0005494590711729272,-0.0005451896568355594,-0.0005463666305177331,-0.0005394547948744145,-0.0004660688539497358,-0.0005222945089472293,-0.000512500194809423,-0.0005046663559140239,-0.0004829503754028215,-0.0005429333046560323,-0.000533406694880756,-0.0005299089461409272,-0.0005968303013947304,-0.0007474989168937699,-0.00046588226901029915,-0.00043089350903456684,-0.00036771795714379054,-0.0002916198611843874,-0.00027289202312572204,-0.00022081716729931594,-0.0001819600883340466,-0.0001639288301124214,-0.00017399079935106096,-0.00025514450031713517,-0.0002414268075000211,3.490812278787667e-05,0.00011293984772328669,0.00012358168656866338,9.890730049064728e-05,0.0001292539378605449,0.00017813777986711414,0.00031342977001393125,0.0,4.594549656659465e-05,0.0006471354923513348,-0.002484319400562386,-0.0036580073327449362,-0.003511271280654906,-0.002767257495409709,-0.0035112712806549063,-0.004698491599170185,-0.005017793649184272,-0.00675899656645531,-0.009273123705539316,-0.007427661646928758,-0.0037962685638563043,0.006681193446320101,0.0027780440705011318,-0.07198730265699232,-0.08594687113204241,-0.10757151621947615,-0.11807257493238908,-0.11807257493238896,-0.118072574932389,-0.13748667329841277,-0.15103847529508796,-0.1540610733275273,-0.15793966023446002,-0.16384105083926695,-0.15987619945148984,-0.15645370981015386,-0.12739345076662809,-0.09076681091223048,-0.043355329957135806,-0.08377886723262651,0.5513377111056038,-0.23370804187643635,-0.20372771454256772,-0.1771207679388172,-0.23370804187643646,-0.23370804187643665,-0.2337080418764366,-0.23370804187643665,-0.23370804187643648,-0.23370804187643648,-0.23370804187643665,-0.23370804187643648,-0.23370804187643648,-0.23370804187643646,-0.0009108614867924524,-0.0012139656837445749,-0.0012130942642172254,0.000647135492351307,-0.0008178190727670543,-0.005834884969386557
线路序号160,-0.0002987885828928988,-0.0002994691008074384,-0.00029849975446830535,-0.00029705849630322134,-0.0002968265080554249,-0.0002983463556280963,-0.0002989317783968672,-0.0002940113104802895,-0.0002940113104803995,-0.0002940113104805105,-0.0002990585954827576,-0.00029988871946098926,-0.00030048013459255357,-0.00030131073929389097,-0.0003052328590577929,-0.0003053829594468441,-0.00031724761917598045,-0.0003145143104823231,-0.0003118459516980423,-0.0003774284235763327,-0.00042501775573444917,-0.0004793895486592584,-0.0005685144463405319,-0.0007176586812728074,-0.00045513488690592847,-0.0004039439166433718,-0.000442556708715142,-0.0004282623134588296,-0.00041249668219938893,-0.0002886972296646075,-0.000406962828597208,-0.0004470333922568754,-0.00025507199757255543,-0.00020148292298045802,-0.00019991735763595802,-0.00020034894592027864,-0.00019781442256497838,-0.00017090429466120165,-0.00019152186184641254,-0.00018793035313420552,-0.0001850577374259966,-0.0001770946343337394,-0.00019908996856133525,-0.00019559662522727395,-0.00019431402443512784,-0.00021885363252199144,-0.0002741027941881572,-0.00017083587522654848,-0.00015800573372697722,-0.00013483968638391863,-0.00010693502958314503,-0.00010006765810611685,-8.097216088683419e-05,-6.672353299231998e-05,-6.0111592627491406e-05,-6.380124865376004e-05,-9.35597615970937e-05,-8.852957647440462e-05,1.2800572388496024e-05,4.1414277849096893e-05,4.5316568135936826e-05,3.6268637742985366e-05,4.739654429818319e-05,6.532191834465123e-05,0.00011493257555419829,0.0,1.6847902658641406e-05,0.0002373002056096014,-0.0009109831117611564,-0.0013413665336569863,-0.0012875594163796159,-0.0010147345963816645,-0.001287559416379612,-0.0017229050727643137,-0.0018399909736544306,-0.002478478299971676,-0.0034003917077273173,-0.0027236732598460273,-0.0013920659914341473,0.002449948422344399,0.0010186899604704648,-0.026397256716231818,-0.04328104038913547,-0.06943556159171498,-0.0821363555999375,-0.08213635559993739,-0.08213635559993716,-0.10561727032894651,-0.12200786962998057,-0.12566363387520516,-0.13035469738553151,-0.13749229641081254,-0.07279478929907272,-0.016947412877146243,-0.016647813325034132,-0.0162702074379247,-0.0071622701447206375,0.02813346578172114,0.051387725211385356,0.07070151770142898,-0.5895298979427902,-0.28799201008346054,0.07070151770142931,0.07070151770142932,0.07070151770142921,0.07070151770142921,0.07070151770142943,0.07070151770142932,0.07070151770142921,0.07070151770142932,0.07070151770142932,0.0707015177014291,-0.00033400674302744,-0.0004451530008171952,-0.0004448334571739073,0.0002373002056095739,-0.00029988871946098926,-0.0021396128311750094
线路序号161,0.00029878858289314545,0.0002994691008075329,0.00029849975446906066,0.0002970584963034665,0.00029682650805605467,0.0002983463556286978,0.00029893177839715495,0.00029401131048047076,0.0002940113104801963,0.00029401131048047076,0.00029905859548282017,0.00029988871946161566,0.00030048013459293694,0.000301310739294058,0.00030523285905777946,0.00030538295944726793,0.0003172476191762961,0.00031451431048243485,0.00031184595169820786,0.00037742842357649904,0.0004250177557347909,0.0004793895486596051,0.0005685144463407012,0.0007176586812728353,0.00045513488690591627,0.00040394391664324864,0.0004425567087152011,0.0004282623134588088,0.0004124966821996078,0.0002886972296648618,0.00040696282859756683,0.00044703339225719916,0.0002550719975724011,0.00020148292298073728,0.00019991735763603489,0.00020034894592046694,0.00019781442256509748,0.00017090429466158874,0.00019152186184621505,0.00018793035313418636,0.00018505773742617525,0.0001770946343338004,0.00019908996856147847,0.0001955966252274625,0.00019431402443516703,0.00021885363252199702,0.0002741027941881622,0.00017083587522655495,0.00015800573372698758,0.0001348396863839249,0.00010693502958314831,0.00010006765810612055,8.09721608868395e-05,6.672353299231836e-05,6.0111592627492735e-05,6.380124865376745e-05,9.355976159710789e-05,8.852957647441167e-05,-1.2800572388496448e-05,-4.141427784909809e-05,-4.5316568135943765e-05,-3.62686377429902e-05,-4.739654429818599e-05,-6.532191834465455e-05,-0.0001149325755542001,0.0,-1.6847902658642656e-05,-0.00023730020560961817,0.0009109831117611343,0.0013413665336569785,0.001287559416379612,0.001014734596381539,0.0012875594163796122,0.0017229050727642318,0.001839990973654349,0.0024784782999716327,0.0034003917077271412,0.002723673259845663,0.0013920659914340595,-0.0024499484223442147,-0.0010186899604703917,0.02639725671623155,0.04328104038913513,0.06943556159171488,0.08213635559993673,0.08213635559993662,0.08213635559993648,0.10561727032894651,0.1220078696299803,0.12566363387520482,0.13035469738553118,0.13749229641081243,0.07279478929907249,0.016947412877146347,0.01664781332503386,0.016270207437924684,0.007162270144720522,-0.028133465781721257,-0.051387725211385335,-0.07070151770142931,-0.4104701020572102,-0.7120079899165402,-0.0707015177014292,-0.0707015177014291,-0.0707015177014288,-0.07070151770142946,-0.07070151770142882,-0.07070151770142882,-0.0707015177014291,-0.07070151770142882,-0.07070151770142882,-0.07070151770142943,0.0003340067430275815,0.000445153000817412,0.00044483345717413823,-0.0002373002056096492,0.00029988871946161566,0.002139612831174883
线路序号162,-0.0002987885828925061,-0.00029946910080674806,-0.00029849975446879514,-0.00029705849630344295,-0.00029682650805506274,-0.0002983463556281147,-0.0002989317783969218,-0.0002940113104803496,-0.0002940113104804864,-0.0002940113104802386,-0.0002990585954828401,-0.00029988871946152383,-0.00030048013459261163,-0.00030131073929350006,-0.0003052328590577082,-0.000305382959446907,-0.000317247619176239,-0.0003145143104821137,-0.00031184595169754824,-0.00037742842357657607,-0.000425017755734374,-0.00047938954865955045,-0.0005685144463405269,-0.0007176586812727697,-0.00045513488690587307,-0.0004039439166432186,-0.0004425567087152404,-0.0004282623134587666,-0.0004124966821993257,-0.0002886972296646112,-0.00040696282859707813,-0.000447033392256732,-0.000255071997572387,-0.0002014829229805138,-0.00019991735763596935,-0.00020034894591999363,-0.0001978144225648706,-0.00017090429466116568,-0.00019152186184625313,-0.00018793035313418747,-0.00018505773742611206,-0.00017709463433374898,-0.00019908996856143982,-0.00019559662522728084,-0.00019431402443514996,-0.0002188536325219829,-0.0002741027941881562,-0.00017083587522655528,-0.0001580057337269689,-0.0001348396863839233,-0.00010693502958315157,-0.00010006765810612078,-8.097216088683768e-05,-6.672353299232163e-05,-6.011159262749723e-05,-6.380124865375836e-05,-9.355976159709662e-05,-8.852957647440478e-05,1.2800572388493976e-05,4.141427784909775e-05,4.5316568135939035e-05,3.626863774298677e-05,4.739654429818121e-05,6.5321918344653e-05,0.00011493257555419159,0.0,1.68479026586408e-05,0.00023730020560957485,-0.0009109831117611899,-0.0013413665336569887,-0.0012875594163796065,-0.0010147345963816893,-0.0012875594163796115,-0.0017229050727643098,-0.0018399909736543684,-0.00247847829997167,-0.0034003917077273706,-0.002723673259845874,-0.0013920659914340321,0.00244994842234424,0.0010186899604704795,-0.026397256716231745,-0.04328104038913558,-0.06943556159171493,-0.08213635559993698,-0.08213635559993716,-0.08213635559993712,-0.10561727032894665,-0.12200786962998077,-0.12566363387520524,-0.1303546973855314,-0.13749229641081254,-0.0727947892990729,-0.016947412877146493,-0.01664781332503404,-0.01627020743792483,-0.007162270144720845,0.028133465781721097,0.05138772521138512,0.07070151770142914,0.4104701020572097,-0.28799201008346015,0.07070151770142899,0.07070151770142903,0.07070151770142907,0.07070151770142896,0.07070151770142895,0.07070151770142917,0.07070151770142914,0.07070151770142917,0.07070151770142917,0.07070151770142909,-0.00033400674302743567,-0.0004451530008173384,-0.00044483345717395055,0.000237300205609601,-0.00029988871946152383,-0.002139612831175002
线路序号163,0.0,0.0,0.0,0.0,0.0,0.0,0.0,0.0,0.0,0.0,0.0,0.0,0.0,0.0,0.0,0.0,0.0,0.0,0.0,0.0,0.0,0.0,0.0,0.0,0.0,0.0,0.0,0.0,0.0,0.0,0.0,0.0,0.0,0.0,0.0,0.0,0.0,0.0,0.0,0.0,0.0,0.0,0.0,0.0,0.0,0.0,0.0,0.0,0.0,0.0,0.0,0.0,0.0,0.0,0.0,0.0,0.0,0.0,0.0,0.0,0.0,0.0,0.0,0.0,0.0,0.0,0.0,0.0,0.0,0.0,0.0,0.0,0.0,0.0,0.0,0.0,0.0,0.0,0.0,0.0,0.0,0.0,0.0,0.0,0.0,0.0,0.0,0.0,0.0,0.0,0.0,0.0,0.0,0.0,0.0,0.0,0.0,0.0,0.0,0.0,0.0,0.0,-0.7777343702705065,-0.48801689867506903,-0.5093064354084631,-0.4216786175650846,-0.4654925264867735,-0.5622242251471106,-0.5839032058650774,-0.6412621756813638,-0.6412621756813638,-0.6412621756813631,0.0,0.0,0.0,0.0,0.0,0.0
线路序号164,0.0,0.0,0.0,0.0,0.0,0.0,0.0,0.0,0.0,0.0,0.0,0.0,0.0,0.0,0.0,0.0,0.0,0.0,0.0,0.0,0.0,0.0,0.0,0.0,0.0,0.0,0.0,0.0,0.0,0.0,0.0,0.0,0.0,0.0,0.0,0.0,0.0,0.0,0.0,0.0,0.0,0.0,0.0,0.0,0.0,0.0,0.0,0.0,0.0,0.0,0.0,0.0,0.0,0.0,0.0,0.0,0.0,0.0,0.0,0.0,0.0,0.0,0.0,0.0,0.0,0.0,0.0,0.0,0.0,0.0,0.0,0.0,0.0,0.0,0.0,0.0,0.0,0.0,0.0,0.0,0.0,0.0,0.0,0.0,0.0,0.0,0.0,0.0,0.0,0.0,0.0,0.0,0.0,0.0,0.0,0.0,0.0,0.0,0.0,0.0,0.0,0.0,-0.1255925842178489,-0.3271597605360509,-0.2505876800321679,-0.20747326000320623,-0.2290304700176871,-0.22594619030769622,-0.2158512414589796,-0.18914168929674968,-0.18914168929674968,-0.18914168929674988,0.0,0.0,0.0,0.0,0.0,0.0
线路序号165,0.0,0.0,0.0,0.0,0.0,0.0,0.0,0.0,0.0,0.0,0.0,0.0,0.0,0.0,0.0,0.0,0.0,0.0,0.0,0.0,0.0,0.0,0.0,0.0,0.0,0.0,0.0,0.0,0.0,0.0,0.0,0.0,0.0,0.0,0.0,0.0,0.0,0.0,0.0,0.0,0.0,0.0,0.0,0.0,0.0,0.0,0.0,0.0,0.0,0.0,0.0,0.0,0.0,0.0,0.0,0.0,0.0,0.0,0.0,0.0,0.0,0.0,0.0,0.0,0.0,0.0,0.0,0.0,0.0,0.0,0.0,0.0,0.0,0.0,0.0,0.0,0.0,0.0,0.0,0.0,0.0,0.0,0.0,0.0,0.0,0.0,0.0,0.0,0.0,0.0,0.0,0.0,0.0,0.0,0.0,0.0,0.0,0.0,0.0,0.0,0.0,0.0,0.09602378319924514,-0.25959409071283607,-0.1539223413359719,-0.12743950516721675,-0.14068092325159448,-0.10464804925850202,-0.08446171054113169,-0.031052022684755924,-0.031052022684755924,-0.031052022684756306,0.0,0.0,0.0,0.0,0.0,0.0
线路序号166,0.0,0.0,0.0,0.0,0.0,0.0,0.0,0.0,0.0,0.0,0.0,0.0,0.0,0.0,0.0,0.0,0.0,0.0,0.0,0.0,0.0,0.0,0.0,0.0,0.0,0.0,0.0,0.0,0.0,0.0,0.0,0.0,0.0,0.0,0.0,0.0,0.0,0.0,0.0,0.0,0.0,0.0,0.0,0.0,0.0,0.0,0.0,0.0,0.0,0.0,0.0,0.0,0.0,0.0,0.0,0.0,0.0,0.0,0.0,0.0,0.0,0.0,0.0,0.0,0.0,0.0,0.0,0.0,0.0,0.0,0.0,0.0,0.0,0.0,0.0,0.0,0.0,0.0,0.0,0.0,0.0,0.0,0.0,0.0,0.0,0.0,0.0,0.0,0.0,0.0,0.0,0.0,0.0,0.0,0.0,0.0,0.0,0.0,0.0,0.0,0.0,0.0,0.08672287126312136,-0.15691692028382234,-0.24413401646359142,-0.20212997010417916,-0.22313199328388533,-0.17890900466553228,-0.1521880894481196,-0.08148900126871524,-0.08148900126871524,-0.08148900126871562,0.0,0.0,0.0,0.0,0.0,0.0
线路序号167,0.0,0.0,0.0,0.0,0.0,0.0,0.0,0.0,0.0,0.0,0.0,0.0,0.0,0.0,0.0,0.0,0.0,0.0,0.0,0.0,0.0,0.0,0.0,0.0,0.0,0.0,0.0,0.0,0.0,0.0,0.0,0.0,0.0,0.0,0.0,0.0,0.0,0.0,0.0,0.0,0.0,0.0,0.0,0.0,0.0,0.0,0.0,0.0,0.0,0.0,0.0,0.0,0.0,0.0,0.0,0.0,0.0,0.0,0.0,0.0,0.0,0.0,0.0,0.0,0.0,0.0,0.0,0.0,0.0,0.0,0.0,0.0,0.0,0.0,0.0,0.0,0.0,0.0,0.0,0.0,0.0,0.0,0.0,0.0,0.0,0.0,0.0,0.0,0.0,0.0,0.0,0.0,0.0,0.0,0.0,0.0,0.0,0.0,0.0,0.0,0.0,0.0,-0.0966730455116459,-0.18482334078888238,-0.24010588455937118,-0.3708481224317117,-0.3054770034955415,-0.21182958454519546,-0.2002455526759457,-0.16959613502188875,-0.16959613502188875,-0.16959613502188886,0.0,0.0,0.0,0.0,0.0,0.0
线路序号168,0.0,0.0,0.0,0.0,0.0,0.0,0.0,0.0,0.0,0.0,0.0,0.0,0.0,0.0,0.0,0.0,0.0,0.0,0.0,0.0,0.0,0.0,0.0,0.0,0.0,0.0,0.0,0.0,0.0,0.0,0.0,0.0,0.0,0.0,0.0,0.0,0.0,0.0,0.0,0.0,0.0,0.0,0.0,0.0,0.0,0.0,0.0,0.0,0.0,0.0,0.0,0.0,0.0,0.0,0.0,0.0,0.0,0.0,0.0,0.0,0.0,0.0,0.0,0.0,0.0,0.0,0.0,0.0,0.0,0.0,0.0,0.0,0.0,0.0,0.0,0.0,0.0,0.0,0.0,0.0,0.0,0.0,0.0,0.0,0.0,0.0,0.0,0.0,0.0,0.0,0.0,0.0,0.0,0.0,0.0,0.0,0.0,0.0,0.0,0.0,0.0,0.0,-0.029568801018603194,0.41324614875111315,-0.4045100213681393,-0.33491276517042246,-0.36971139326928026,-0.33059423956619766,-0.3003129520001106,-0.22019371198150497,-0.22019371198150497,-0.2201937119815051,0.0,0.0,0.0,0.0,0.0,0.0
线路序号169,0.0,0.0,0.0,0.0,0.0,0.0,0.0,0.0,0.0,0.0,0.0,0.0,0.0,0.0,0.0,0.0,0.0,0.0,0.0,0.0,0.0,0.0,0.0,0.0,0.0,0.0,0.0,0.0,0.0,0.0,0.0,0.0,0.0,0.0,0.0,0.0,0.0,0.0,0.0,0.0,0.0,0.0,0.0,0.0,0.0,0.0,0.0,0.0,0.0,0.0,0.0,0.0,0.0,0.0,0.0,0.0,0.0,0.0,0.0,0.0,0.0,0.0,0.0,0.0,0.0,0.0,0.0,0.0,0.0,0.0,0.0,0.0,0.0,0.0,0.0,0.0,0.0,0.0,0.0,0.0,0.0,0.0,0.0,0.0,0.0,0.0,0.0,0.0,0.0,0.0,0.0,0.0,0.0,0.0,0.0,0.0,0.0,0.0,0.0,0.0,0.0,0.0,0.084103481476736,0.16079235257601826,0.20888698300149747,-0.547348674090785,-0.16923084554464432,0.18428720690169179,0.17420934699167162,0.14754500931307687,0.14754500931307687,0.14754500931307696,0.0,0.0,0.0,0.0,0.0,0.0
线路序号170,0.0,0.0,0.0,0.0,0.0,0.0,0.0,0.0,0.0,0.0,0.0,0.0,0.0,0.0,0.0,0.0,0.0,0.0,0.0,0.0,0.0,0.0,0.0,0.0,0.0,0.0,0.0,0.0,0.0,0.0,0.0,0.0,0.0,0.0,0.0,0.0,0.0,0.0,0.0,0.0,0.0,0.0,0.0,0.0,0.0,0.0,0.0,0.0,0.0,0.0,0.0,0.0,0.0,0.0,0.0,0.0,0.0,0.0,0.0,0.0,0.0,0.0,0.0,0.0,0.0,0.0,0.0,0.0,0.0,0.0,0.0,0.0,0.0,0.0,0.0,0.0,0.0,0.0,0.0,0.0,0.0,0.0,0.0,0.0,0.0,0.0,0.0,0.0,0.0,0.0,0.0,0.0,0.0,0.0,0.0,0.0,0.0,0.0,0.0,0.0,0.0,0.0,0.012569564034911147,0.02403098821286416,0.031218901557874185,-0.0818032034775027,-0.5252921509598142,0.027542377643504406,0.02603620568427445,0.022051125708812368,0.022051125708812368,0.022051125708812406,0.0,0.0,0.0,0.0,0.0,0.0
线路序号171,0.0,0.0,0.0,0.0,0.0,0.0,0.0,0.0,0.0,0.0,0.0,0.0,0.0,0.0,0.0,0.0,0.0,0.0,0.0,0.0,0.0,0.0,0.0,0.0,0.0,0.0,0.0,0.0,0.0,0.0,0.0,0.0,0.0,0.0,0.0,0.0,0.0,0.0,0.0,0.0,0.0,0.0,0.0,0.0,0.0,0.0,0.0,0.0,0.0,0.0,0.0,0.0,0.0,0.0,0.0,0.0,0.0,0.0,0.0,0.0,0.0,0.0,0.0,0.0,0.0,0.0,0.0,0.0,0.0,0.0,0.0,0.0,0.0,0.0,0.0,0.0,0.0,0.0,0.0,0.0,0.0,0.0,0.0,0.0,0.0,0.0,0.0,0.0,0.0,0.0,0.0,0.0,0.0,0.0,0.0,0.0,0.0,0.0,0.0,0.0,0.0,0.0,-0.03951897526712608,0.07150588767841025,0.11125007760889918,0.0921091422936882,0.10167960995129352,-0.7213328287769238,-0.6527465941241746,-0.47127884827210864,-0.47127884827210864,-0.47127884827210786,0.0,0.0,0.0,0.0,0.0,0.0
线路序号172,0.0,0.0,0.0,0.0,0.0,0.0,0.0,0.0,0.0,0.0,0.0,0.0,0.0,0.0,0.0,0.0,0.0,0.0,0.0,0.0,0.0,0.0,0.0,0.0,0.0,0.0,0.0,0.0,0.0,0.0,0.0,0.0,0.0,0.0,0.0,0.0,0.0,0.0,0.0,0.0,0.0,0.0,0.0,0.0,0.0,0.0,0.0,0.0,0.0,0.0,0.0,0.0,0.0,0.0,0.0,0.0,0.0,0.0,0.0,0.0,0.0,0.0,0.0,0.0,0.0,0.0,0.0,0.0,0.0,0.0,0.0,0.0,0.0,0.0,0.0,0.0,0.0,0.0,0.0,0.0,0.0,0.0,0.0,0.0,0.0,0.0,0.0,0.0,0.0,0.0,0.0,0.0,0.0,0.0,0.0,0.0,0.0,0.0,0.0,0.0,0.0,0.0,-0.012569564034910956,-0.024030988212863688,-0.031218901557874018,0.08180320347750247,-0.47470784904018565,-0.027542377643504107,-0.02603620568427434,-0.022051125708812215,-0.022051125708812215,-0.022051125708812177,0.0,0.0,0.0,0.0,0.0,0.0
线路序号173,0.0,0.0,0.0,0.0,0.0,0.0,0.0,0.0,0.0,0.0,0.0,0.0,0.0,0.0,0.0,0.0,0.0,0.0,0.0,0.0,0.0,0.0,0.0,0.0,0.0,0.0,0.0,0.0,0.0,0.0,0.0,0.0,0.0,0.0,0.0,0.0,0.0,0.0,0.0,0.0,0.0,0.0,0.0,0.0,0.0,0.0,0.0,0.0,0.0,0.0,0.0,0.0,0.0,0.0,0.0,0.0,0.0,0.0,0.0,0.0,0.0,0.0,0.0,0.0,0.0,0.0,0.0,0.0,0.0,0.0,0.0,0.0,0.0,0.0,0.0,0.0,0.0,0.0,0.0,0.0,0.0,0.0,0.0,0.0,0.0,0.0,0.0,0.0,0.0,0.0,0.0,0.0,0.0,0.0,0.0,0.0,0.0,0.0,0.0,0.0,0.0,0.0,-0.039518975267125736,0.07150588767841057,0.11125007760890103,0.09210914229368886,0.10167960995129438,0.2786671712230766,-0.6527465941241729,-0.4712788482721073,-0.4712788482721073,-0.47127884827210714,0.0,0.0,0.0,0.0,0.0,0.0
线路序号174,0.0,0.0,0.0,0.0,0.0,0.0,0.0,0.0,0.0,0.0,0.0,0.0,0.0,0.0,0.0,0.0,0.0,0.0,0.0,0.0,0.0,0.0,0.0,0.0,0.0,0.0,0.0,0.0,0.0,0.0,0.0,0.0,0.0,0.0,0.0,0.0,0.0,0.0,0.0,0.0,0.0,0.0,0.0,0.0,0.0,0.0,0.0,0.0,0.0,0.0,0.0,0.0,0.0,0.0,0.0,0.0,0.0,0.0,0.0,0.0,0.0,0.0,0.0,0.0,0.0,0.0,0.0,0.0,0.0,0.0,0.0,0.0,0.0,0.0,0.0,0.0,0.0,0.0,0.0,0.0,0.0,0.0,0.0,0.0,0.0,0.0,0.0,0.0,0.0,0.0,0.0,0.0,0.0,0.0,0.0,0.0,0.0,0.0,0.0,0.0,0.0,0.0,0.03951897526712628,-0.07150588767841039,-0.11125007760889953,-0.09210914229368786,-0.10167960995129384,-0.2786671712230762,-0.34725340587582554,-0.5287211517278918,-0.5287211517278918,-0.5287211517278919,0.0,0.0,0.0,0.0,0.0,0.0
线路序号175,0.0,0.0,0.0,0.0,0.0,0.0,0.0,0.0,0.0,0.0,0.0,0.0,0.0,0.0,0.0,0.0,0.0,0.0,0.0,0.0,0.0,0.0,0.0,0.0,0.0,0.0,0.0,0.0,0.0,0.0,0.0,0.0,0.0,0.0,0.0,0.0,0.0,0.0,0.0,0.0,0.0,0.0,0.0,0.0,0.0,0.0,0.0,0.0,0.0,0.0,0.0,0.0,0.0,0.0,0.0,0.0,0.0,0.0,0.0,0.0,0.0,0.0,0.0,0.0,0.0,0.0,0.0,0.0,0.0,0.0,0.0,0.0,0.0,0.0,0.0,0.0,0.0,0.0,0.0,0.0,0.0,0.0,0.0,0.0,0.0,0.0,0.0,0.0,0.0,0.0,0.0,0.0,0.0,0.0,0.0,0.0,0.0,0.0,0.0,0.0,0.0,0.0,-0.03951897526712645,0.07150588767841051,0.1112500776088996,0.09210914229368783,0.10167960995129402,0.2786671712230762,0.3472534058758259,-0.4712788482721079,-0.4712788482721079,-0.47127884827210764,0.0,0.0,0.0,0.0,0.0,0.0
线路序号176,0.0,0.0,0.0,0.0,0.0,0.0,0.0,0.0,0.0,0.0,0.0,0.0,0.0,0.0,0.0,0.0,0.0,0.0,0.0,0.0,0.0,0.0,0.0,0.0,0.0,0.0,0.0,0.0,0.0,0.0,0.0,0.0,0.0,0.0,0.0,0.0,0.0,0.0,0.0,0.0,0.0,0.0,0.0,0.0,0.0,0.0,0.0,0.0,0.0,0.0,0.0,0.0,0.0,0.0,0.0,0.0,0.0,0.0,0.0,0.0,0.0,0.0,0.0,0.0,0.0,0.0,0.0,0.0,0.0,0.0,0.0,0.0,0.0,0.0,0.0,0.0,0.0,0.0,0.0,0.0,0.0,0.0,0.0,0.0,0.0,0.0,0.0,0.0,0.0,0.0,0.0,0.0,0.0,0.0,0.0,0.0,0.0,0.0,0.0,0.0,0.0,0.0,0.0,0.0,0.0,0.0,0.0,0.0,0.0,0.0,-0.9999999999999999,0.0,0.0,0.0,0.0,0.0,0.0,0.0
线路序号177,0.0,0.0,0.0,0.0,0.0,0.0,0.0,0.0,0.0,0.0,0.0,0.0,0.0,0.0,0.0,0.0,0.0,0.0,0.0,0.0,0.0,0.0,0.0,0.0,0.0,0.0,0.0,0.0,0.0,0.0,0.0,0.0,0.0,0.0,0.0,0.0,0.0,0.0,0.0,0.0,0.0,0.0,0.0,0.0,0.0,0.0,0.0,0.0,0.0,0.0,0.0,0.0,0.0,0.0,0.0,0.0,0.0,0.0,0.0,0.0,0.0,0.0,0.0,0.0,0.0,0.0,0.0,0.0,0.0,0.0,0.0,0.0,0.0,0.0,0.0,0.0,0.0,0.0,0.0,0.0,0.0,0.0,0.0,0.0,0.0,0.0,0.0,0.0,0.0,0.0,0.0,0.0,0.0,0.0,0.0,0.0,0.0,0.0,0.0,0.0,0.0,0.0,0.0,0.0,0.0,0.0,0.0,0.0,0.0,0.0,0.0,-1.0000000000000004,0.0,0.0,0.0,0.0,0.0,0.0
线路序号178,0.04336143573699869,0.04427823974470816,0.04297232172371549,0.0410314174975196,0.04071809889664619,0.04276566049042824,0.04355435088210724,0.03691987057127401,0.03691987057127412,0.036919870571273765,0.043732710698018956,0.04484355633004455,0.04569103806734612,0.04681125824595281,0.0522384417481061,0.052152259298680406,0.06793520180049487,0.056005188941174955,0.044358661535937566,0.002624302533779122,-0.027659860537017435,-0.06226014107726867,-0.11897606484943239,-0.10246396966769286,-0.09133242412323327,-0.054091236350569144,-0.19391723930968183,-0.17083395310816307,-0.14537484329759903,0.029750181148098187,-0.13643850676812197,-0.23864145231503103,0.0392289686671714,0.024715152432834075,0.024571665244147996,0.02461122117184029,0.024378927047454053,0.02156888113139976,0.02069009486233693,0.018584676492529532,0.016900688406704296,0.012232548949078301,0.01801104088345418,0.00822407494521627,0.004630734965447644,0.001838912896903693,-0.00035338944180175036,0.001210216647282274,0.0010422316705315665,0.0008894246321257219,0.0007053609504663388,0.0006600626446527454,0.0005341056208343896,0.00044011934006471764,0.0003965058996575644,0.0004208434744609512,0.00061713549454082,0.0005839555704972552,-8.443466973973615e-05,-0.0002731753523647999,-0.00029891549753940255,-0.00023923386836135279,-0.0003126353606045436,-0.0004308740605345106,-0.000758114072147097,0.0,-0.00011113152237380695,-0.004882361194029532,-0.011352091750029896,-0.03341186430909757,-0.03936897181876988,-0.06957402398048827,-0.03936897181876985,-0.023789793679516873,-0.02083698893604765,-0.017008006244031152,-0.011479328796046347,-0.011264799789193147,-0.010842662066030396,-0.009624690930347814,-0.006557100016995156,-0.01065158080319156,-0.010586700956948135,-0.010486196156183744,-0.010437390415812509,-0.010437390415812566,-0.010437390415812566,-0.010347159566686122,-0.010284174895531207,-0.010270126775351014,-0.010252100278141347,-0.010224672402004208,-0.010196756639615955,-0.010172659542837529,-0.010198511418120167,-0.010231094311621428,-0.009936060231122779,-0.009788847929548827,-0.009937478251213916,-0.010060922956002244,-0.01013118878424247,-0.010193548314851813,-0.01006092295600228,-0.010060922956002246,-0.010060922956002246,-0.010060922956002253,-0.010060922956002244,-0.010060922956002244,-0.01006092295600224,-0.01006092295600225,-0.01006092295600225,-0.010060922956002244,-0.8425236454276359,-0.21985544108697763,-0.2166630470220794,-0.004882361194029511,0.04484355633004431,-0.019040168765452586
线路序号179,-0.043361435736996495,-0.044278239744707897,-0.0429723217237138,-0.04103141749751791,-0.04071809889664604,-0.04276566049042788,-0.04355435088210673,-0.03691987057127339,-0.036919870571273425,-0.03691987057127345,-0.04373271069801772,-0.04484355633004349,-0.045691038067345,-0.046811258245952385,-0.052238441748105734,-0.052152259298679816,-0.067935201800495,-0.05600518894117485,-0.04435866153593761,-0.0026243025337793035,0.0276598605370176,0.0622601410772685,0.1189760648494323,0.10246396966769292,0.0913324241232332,0.054091236350569234,0.19391723930968172,0.17083395310816285,0.14537484329759875,-0.02975018114809828,0.13643850676812186,0.23864145231503125,-0.03922896866717078,-0.024715152432833763,-0.024571665244148114,-0.024611221171839785,-0.024378927047454084,-0.021568881131399726,-0.020690094862336778,-0.018584676492529265,-0.016900688406704212,-0.012232548949078267,-0.018011040883454083,-0.00822407494521622,-0.004630734965447555,-0.0018389128969036746,0.0003533894418017642,-0.0012102166472822624,-0.0010422316705315671,-0.0008894246321257103,-0.0007053609504663173,-0.0006600626446527423,-0.00053410562083438,-0.0004401193400647148,-0.00039650589965756347,-0.0004208434744609342,-0.0006171354945408023,-0.0005839555704972559,8.443466973973386e-05,0.00027317535236479355,0.0002989154975394002,0.0002392338683613476,0.00031263536060454445,0.0004308740605344988,0.000758114072147085,0.0,0.00011113152237380688,0.004882361194029502,0.011352091750029868,0.03341186430909759,0.039368971818769846,0.06957402398048836,0.03936897181876985,0.023789793679516853,0.020836988936047636,0.017008006244031114,0.011479328796046292,0.011264799789193107,0.010842662066030394,0.009624690930347814,0.006557100016995061,0.010651580803191544,0.010586700956948103,0.010486196156183715,0.010437390415812526,0.010437390415812516,0.01043739041581252,0.01034715956668607,0.01028417489553113,0.010270126775350991,0.010252100278141333,0.01022467240200414,0.010196756639615967,0.010172659542837493,0.01019851141812007,0.010231094311621383,0.009936060231122696,0.009788847929548775,0.009937478251213829,0.010060922956002215,0.010131188784242422,0.010193548314851787,0.010060922956002218,0.010060922956002227,0.010060922956002229,0.010060922956002225,0.010060922956002229,0.010060922956002229,0.010060922956002229,0.010060922956002225,0.010060922956002225,0.010060922956002225,-0.15747635457236397,0.21985544108697763,0.21666304702207967,0.004882361194029506,-0.04484355633004347,0.019040168765452566
线路序号180,-0.000441808984949337,-0.00021161605554123424,-0.0005395084865189336,-0.0010225786228370039,-0.0011055031284867294,-0.0005913973900190505,-0.00039337147594265855,-0.0020894401789532,-0.002089440178953311,-0.0020894401789532,-0.0003076405290163402,-6.967527024072868e-05,0.00041965494754831015,0.0007075576475232986,0.0028512693726148778,0.0012571235651072028,0.004122309059665707,0.0035669844054675155,0.0030248555846364707,0.0038614230086104558,0.004468470652160927,0.005162035097677769,0.006298908776411753,0.005420235855297004,-0.03983633721343205,-0.028797835872468088,-0.18093835951923412,-0.10931791565091144,-0.030326010893217927,-0.003946759555114903,-0.0025992659570601845,0.0756749106488702,0.0012902233089744355,-0.0003691554361658157,-0.00042144309793294276,-0.00040702866144579634,-0.0004916781463066128,-0.0015627274429235777,-0.00040835044881747687,-0.00036079077242042574,-0.00032275086093922227,-0.00021730141432808417,-0.00025038007664465506,-7.698642270952661e-05,-1.3323960527130208e-05,4.690898755048219e-05,0.00010938301343943387,3.788883376414687e-05,3.547868685298126e-05,3.0276970941044835e-05,2.4011245280193994e-05,2.2469242237709903e-05,1.8181529696116546e-05,1.4982135628381078e-05,1.3497487216193825e-05,1.4325964434478731e-05,2.1007955885193157e-05,1.9878475589942213e-05,0.0,0.0,-1.0175404981980405e-05,0.0,-1.0642443874690993e-05,-1.4667416371047702e-05,-2.5807018271503412e-05,0.0,0.0,0.00020653026607273027,0.000574528746864662,0.0017457042797006629,0.002062705181119051,0.003670033695353275,0.002062705181119078,0.0012324078825013535,0.00107488835320208,0.0008685331477977504,0.0005705763634090692,0.0005587378260049234,0.0005354426395000326,0.0004682302981088334,0.0002989488088546924,0.0005248980389794332,0.0005213177190134066,0.0005157714767564918,0.0005130781879029373,0.0005130781879029386,0.0005130781879029312,0.0005080989018937362,0.0005046231649931905,0.0005038479355794732,0.0005028531639883902,0.000501339588074665,0.0004997990887172896,0.0004984693180455802,0.0004998959241581463,0.0005016939737977374,0.0004854128561590765,0.0004772891139943472,0.0004854911079728274,0.0004923032625453901,0.0004961808017558453,0.0004996220409917535,0.0004923032625453831,0.000492303262545389,0.0004923032625453812,0.0004923032625453958,0.0004923032625453812,0.0004923032625453883,0.0004923032625453812,0.0004923032625453959,0.0004923032625453959,0.0004923032625453959,0.013361834189803226,-0.6120720497786376,-0.5590094417467112,0.0002065302660727343,-6.967527024062002e-05,0.000978052398275778
线路序号181,0.00044180898494627387,0.00021161605553928457,0.0005395084865168895,0.001022578622835874,0.001105503128485459,0.0005913973900177656,0.0003933714759413791,0.0020894401789524285,0.0020894401789524285,0.0020894401789524285,0.0003076405290149254,6.967527023946748e-05,-0.00041965494754926994,-0.0007075576475243637,-0.0028512693726152555,-0.0012571235651080875,-0.004122309059665844,-0.003566984405467732,-0.0030248555846366927,-0.00386142300861051,-0.0044684706521606055,-0.005162035097677414,-0.006298908776411035,-0.005420235855296424,0.03983633721343265,0.028797835872468567,0.18093835951923543,0.10931791565091262,0.03032601089321864,0.003946759555114589,0.002599265957061135,-0.075674910648869,-0.0012902233089745851,0.0003691554361656991,0.0004214430979327795,0.0004070286614456306,0.000491678146306426,0.0015627274429233417,0.000408350448817393,0.0003607907724203026,0.00032275086093909406,0.00021730141432796567,0.00025038007664456187,7.698642270946152e-05,1.3323960527115837e-05,-4.6908987550498536e-05,-0.00010938301343943219,-3.7888833764160734e-05,-3.5478686852997494e-05,-3.0276970941050406e-05,-2.4011245280198243e-05,-2.2469242237718194e-05,-1.818152969612044e-05,-1.4982135628386107e-05,-1.3497487216197156e-05,-1.432596443448105e-05,-2.1007955885192906e-05,-1.9878475589951158e-05,0.0,0.0,1.0175404981983245e-05,0.0,1.0642443874695989e-05,1.4667416371048697e-05,2.5807018271511032e-05,0.0,0.0,-0.00020653026607269476,-0.0005745287468645881,-0.0017457042797005093,-0.0020627051811188723,-0.0036700336953527646,-0.002062705181118887,-0.0012324078825012342,-0.0010748883532019679,-0.0008685331477976708,-0.0005705763634089948,-0.0005587378260048723,-0.0005354426394999452,-0.00046823029810872914,-0.00029894880885466635,-0.0005248980389793508,-0.000521317719013338,-0.0005157714767564077,-0.0005130781879028546,-0.0005130781879028702,-0.0005130781879028611,-0.0005080989018936556,-0.0005046231649931452,-0.0005038479355794137,-0.0005028531639883152,-0.0005013395880746099,-0.0004997990887172163,-0.0004984693180455206,-0.0004998959241580926,-0.0005016939737976576,-0.00048541285615902373,-0.00047728911399428503,-0.00048549110797277547,-0.000492303262545312,-0.0004961808017557763,-0.0004996220409916776,-0.000492303262545319,-0.0004923032625453172,-0.0004923032625453246,-0.0004923032625453161,-0.0004923032625453246,-0.0004923032625453187,-0.0004923032625453246,-0.0004923032625453103,-0.0004923032625453103,-0.0004923032625453103,-0.013361834189803181,-0.38792795022136023,-0.4409905582532867,-0.00020653026607268872,6.967527023948487e-05,-0.0009780523982756554
线路序号182,-0.00044180898494609395,-0.00021161605554010512,-0.0005395084865161492,-0.001022578622836278,-0.001105503128485741,-0.0005913973900177638,-0.0003933714759409502,-0.002089440178952582,-0.002089440178952582,-0.002089440178952582,-0.00030764052901498175,-6.967527023976005e-05,0.0004196549475498457,0.0007075576475239407,0.0028512693726150387,0.0012571235651085632,0.004122309059665838,0.0035669844054676773,0.003024855584636711,0.0038614230086104224,0.004468470652160759,0.00516203509767725,0.006298908776410676,0.005420235855296524,-0.0398363372134329,-0.028797835872468588,-0.18093835951923487,-0.10931791565091224,-0.03032601089321892,-0.003946759555114668,-0.002599265957060491,0.07567491064886936,0.0012902233089745678,-0.0003691554361657631,-0.00042144309793283694,-0.0004070286614457651,-0.0004916781463065675,-0.0015627274429233437,-0.00040835044881736726,-0.0003607907724203178,-0.0003227508609390547,-0.00021730141432799434,-0.0002503800766445006,-7.698642270945918e-05,-1.332396052711066e-05,4.690898755049396e-05,0.00010938301343942846,3.788883376415256e-05,3.5478686852992276e-05,3.0276970941052913e-05,2.4011245280199825e-05,2.2469242237713725e-05,1.818152969611817e-05,1.4982135628385167e-05,1.3497487216194604e-05,1.4325964434480674e-05,2.1007955885195373e-05,1.9878475589947797e-05,0.0,0.0,-1.0175404981982304e-05,0.0,-1.0642443874694329e-05,-1.4667416371049784e-05,-2.5807018271508074e-05,0.0,0.0,0.0002065302660726923,0.0005745287468646086,0.0017457042797005338,0.002062705181119137,0.0036700336953530027,0.0020627051811187474,0.0012324078825012852,0.001074888353202082,0.0008685331477976831,0.0005705763634089904,0.0005587378260048287,0.0005354426394999356,0.0004682302981087427,0.0002989488088546559,0.0005248980389793834,0.000521317719013331,0.0005157714767563917,0.0005130781879028933,0.0005130781879028383,0.0005130781879028659,0.0005080989018936979,0.0005046231649931509,0.0005038479355794032,0.0005028531639883679,0.000501339588074614,0.0004997990887172732,0.0004984693180454644,0.0004998959241580625,0.0005016939737976659,0.000485412856159023,0.0004772891139943073,0.00048549110797272885,0.0004923032625453299,0.0004961808017557692,0.0004996220409917184,0.0004923032625453299,0.0004923032625453016,0.0004923032625453012,0.0004923032625452876,0.0004923032625453012,0.0004923032625452874,0.0004923032625453012,0.0004923032625453016,0.0004923032625453016,0.0004923032625453016,0.01336183418980317,0.3879279502213604,-0.5590094417467127,0.00020653026607269254,-6.967527023953908e-05,0.0009780523982755864
线路序号183,0.0,0.0,0.0,0.0,0.0,0.0,0.0,0.0,0.0,0.0,0.0,0.0,0.0,0.0,0.0,0.0,0.0,0.0,0.0,0.0,0.0,0.0,0.0,0.0,0.0,0.0,0.0,0.0,0.0,0.0,0.0,0.0,0.0,0.0,0.0,0.0,0.0,0.0,0.0,0.0,0.0,0.0,0.0,0.0,0.0,0.0,0.0,0.0,0.0,0.0,0.0,0.0,0.0,0.0,0.0,0.0,0.0,0.0,0.0,0.0,0.0,0.0,0.0,0.0,0.0,0.0,0.0,0.0,0.0,0.0,0.0,0.0,0.0,0.0,0.0,0.0,0.0,0.0,0.0,0.0,0.0,0.0,0.0,0.0,0.0,0.0,0.0,0.0,0.0,0.0,0.0,0.0,0.0,0.0,0.0,0.0,0.0,0.0,0.0,0.0,0.0,0.0,0.0,0.0,0.0,0.0,0.0,0.0,0.0,0.0,0.0,0.0,0.0,0.0,0.0,-1.0000000000000002,0.0,0.0
线路序号184,0.0,0.0,0.0,0.0,0.0,0.0,0.0,0.0,0.0,0.0,0.0,0.0,0.0,0.0,0.0,0.0,0.0,0.0,0.0,0.0,0.0,0.0,0.0,0.0,0.0,0.0,0.0,0.0,0.0,0.0,0.0,0.0,0.0,0.0,0.0,0.0,0.0,0.0,0.0,0.0,0.0,0.0,0.0,0.0,0.0,0.0,0.0,0.0,0.0,0.0,0.0,0.0,0.0,0.0,0.0,0.0,0.0,0.0,0.0,0.0,0.0,0.0,0.0,0.0,0.0,0.0,0.0,0.0,0.0,0.0,0.0,0.0,0.0,0.0,0.0,0.0,0.0,0.0,0.0,0.0,0.0,0.0,0.0,0.0,0.0,0.0,0.0,0.0,0.0,0.0,0.0,0.0,0.0,0.0,0.0,0.0,0.0,0.0,0.0,0.0,0.0,0.0,0.0,0.0,0.0,0.0,0.0,0.0,0.0,0.0,0.0,0.0,0.0,0.0,0.0,0.0,-1.0,0.0
线路序号185,0.021024058599094956,0.021063684566576396,0.02100724037065358,0.020922989827650087,0.020909808684393367,0.020998308089336906,0.021032396749018915,0.020748210367877534,0.020748210367878134,0.020748210367877978,0.02103663176450142,0.021088118596575504,0.021101286456088848,0.021149141479877637,0.0213174507053911,0.021447137087323574,0.02222242761710377,0.02196963284144805,0.021722845070363095,0.026153366824503678,0.029368335174303012,0.033041502782436866,0.03906246824319203,0.049041813833134995,0.03150789025440211,0.028104731789957507,0.030636768222778377,0.029675521989181358,0.02861534047072299,0.020443170849061016,0.02824320888789163,0.030930094597679966,0.017678693785316467,0.01367451127206406,0.013610760972024108,0.01362833537906207,0.013525128812241041,0.012829310033010582,0.012017969242697114,0.011157750809136687,0.01046971767800406,0.008562438977739206,0.01115811895116617,0.007484575372651415,0.006135813040034669,0.0056700301166398605,0.006124463512737748,0.004344536634257602,0.0039903703863194825,0.00340532130547077,0.002700600574698914,0.0025271679078747106,0.00204491891083801,0.0016850756225292851,0.001518093764304379,0.001611274522974548,0.0023628136348094768,0.0022357783603429446,-0.0003232732368766513,-0.001045900702473277,-0.0011444514527032378,-0.0009159496594714737,-0.0011969804026742083,-0.001649678416040812,-0.0029025753375973426,0.0,-0.00042548691275219537,-0.0073743709391092755,0.01660410896730941,0.09077454462847563,0.08717427259145355,0.06891937212204574,0.08717427259145344,0.1375351759778307,0.15188499935488148,-0.5342991751453402,-0.08117973930175844,-0.07877963772017237,-0.07405685718866435,-0.0604304740157887,-0.02611096678087371,-0.07191908361725705,-0.07119322270051616,-0.07006879792080949,-0.06952277043308834,-0.06952277043308827,-0.06952277043308827,-0.0685132882801947,-0.06780863014993958,-0.0676514629865933,-0.06744978664874961,-0.06714292982848998,-0.06683061464817087,-0.06656102182742364,-0.06685024670970337,-0.06721477668806039,-0.06391400271062203,-0.06226702506867402,-0.06392986719586516,-0.06531093838780792,-0.06609705644225905,-0.06679472064272282,-0.0653109383878078,-0.06531093838780791,-0.06531093838780794,-0.06531093838780784,-0.06531093838780794,-0.065310938387808,-0.06531093838780794,-0.06531093838780791,-0.06531093838780791,-0.06531093838780791,0.02334684107105196,0.030806885440892266,0.030785947937124407,-0.0073743709391092555,0.02108811859657508,-0.700851183995954
线路序号186,-0.02102405859909467,-0.021063684566576937,-0.02100724037065428,-0.020922989827650514,-0.02090980868439343,-0.02099830808933677,-0.02103239674901909,-0.020748210367877638,-0.02074821036787767,-0.020748210367877638,-0.021036631764501188,-0.021088118596575504,-0.02110128645608935,-0.021149141479876846,-0.021317450705391056,-0.021447137087323435,-0.022222427617103923,-0.02196963284144869,-0.021722845070363168,-0.02615336682450359,-0.029368335174303144,-0.03304150278243675,-0.039062468243192164,-0.049041813833135044,-0.031507890254401996,-0.028104731789957167,-0.03063676822277849,-0.02967552198918134,-0.02861534047072304,-0.020443170849061203,-0.028243208887892283,-0.030930094597680022,-0.017678693785316318,-0.0136745112720639,-0.01361076097202423,-0.013628335379062266,-0.013525128812240852,-0.012829310033010698,-0.01201796924269718,-0.011157750809136805,-0.010469717678004108,-0.008562438977739244,-0.011158118951166113,-0.007484575372651508,-0.006135813040034673,-0.005670030116639839,-0.006124463512737758,-0.004344536634257611,-0.003990370386319481,-0.0034053213054707626,-0.002700600574698917,-0.0025271679078747106,-0.0020449189108380102,-0.0016850756225292762,-0.0015180937643043747,-0.0016112745229745445,-0.0023628136348094746,-0.0022357783603429333,0.00032327323687665025,0.0010459007024732783,0.0011444514527032405,0.0009159496594714737,0.0011969804026742091,0.0016496784160408187,0.002902575337597335,0.0,0.00042548691275219483,0.007374370939109277,-0.01660410896730935,-0.0907745446284756,-0.08717427259145354,-0.06891937212204571,-0.08717427259145362,-0.13753517597783096,-0.15188499935488184,0.5342991751453402,0.08117973930175852,0.07877963772017242,0.07405685718866428,0.06043047401578877,0.026110966780873778,0.07191908361725691,0.07119322270051617,0.07006879792080951,0.06952277043308829,0.0695227704330882,0.0695227704330882,0.06851328828019485,0.06780863014993965,0.06765146298659314,0.06744978664874955,0.0671429298284899,0.06683061464817074,0.06656102182742377,0.06685024670970333,0.06721477668806038,0.06391400271062207,0.06226702506867402,0.06392986719586523,0.06531093838780798,0.06609705644225917,0.06679472064272285,0.06531093838780812,0.06531093838780815,0.06531093838780802,0.06531093838780799,0.06531093838780813,0.06531093838780806,0.06531093838780813,0.06531093838780815,0.06531093838780815,0.06531093838780815,-0.023346841071052223,-0.03080688544089208,-0.030785947937124084,0.007374370939109274,-0.02108811859657538,-0.2991488160040458
