line,BusFrom,BusTo,X,Pmin,Pmax,ratio,IsBuildPlineLimit
244,105,185,0.01763,-550,550,1,YES
169,138,67,0.02056,-550,550,1,YES
1,16,1,0.01169,-99999,99999,1,YES
2,355,1,0.06612,-99999,99999,1,YES
3,17,2,0.01169,-160,160,1,NO
4,354,2,0.06612,-160,160,1,NO
5,10,3,0.07895,-274,274,1,NO
6,219,3,0.06736,-160,160,1,NO
7,220,3,0.06736,-160,160,1,NO
8,7,4,0.09711,-377,377,1,NO
9,11,4,0.01599,-335,335,1,NO
10,14,4,0.03223,-464,464,1,NO
11,16,4,0.06665,-377,377,1,NO
12,22,4,0.043,-350,350,1,NO
13,245,4,0.06901,-160,160,1,NO
14,246,4,0.06901,-160,160,1,NO
15,5,6,0.0305,-400,400,1,NO
16,7,5,0.03988,-381,381,1,NO
17,10,5,0.11219,-381,381,1,NO
18,309,5,0.0686,-160,160,1,NO
19,309,5,0.0686,-160,160,1,NO
20,6,8,0.01329,-1316,1316,1,NO
21,6,9,0.03675,-1427,1427,1,NO
22,15,6,0.03417,-1427,1427,1,NO
23,31,6,0.01506,-1385,1385,1,NO
24,310,6,0.06188,-250,250,1,NO
25,12,7,0.08742,-381,381,1,NO
26,13,7,0.01326,-335,335,1,NO
27,19,7,0.0407,-323,323,1,NO
28,21,7,0.00651,-160,160,1,NO
29,29,7,0.07498,-362,362,1,NO
30,321,7,0.03368,-250,250,1,NO
31,322,7,0.06775,-160,160,1,NO
32,8,18,0.03977,-1316,1316,1,NO
33,332,9,0.05244,-330,330,1,NO
34,171,10,0.10413,-464,464,1,NO
35,346,10,0.06839,-160,160,1,NO
36,347,10,0.06839,-160,160,1,NO
37,16,11,0.03952,-464,464,1,NO
38,17,11,0.03952,-464,464,1,NO
39,111,11,0.06196,-394,394,1,NO
40,352,11,0.06901,-160,160,1,NO
41,353,11,0.06901,-160,160,1,NO
42,140,12,0.10589,-464,464,1,NO
43,359,12,0.06612,-160,160,1,NO
44,360,12,0.06612,-160,160,1,NO
45,29,13,0.08114,-339,339,1,NO
46,365,13,0.06901,-160,160,1,NO
47,366,13,0.06901,-160,160,1,NO
48,17,14,0.02853,-464,464,1,NO
49,367,14,0.06798,-160,160,1,NO
50,368,14,0.06901,-160,160,1,NO
51,18,15,0.04262,-1662,1662,1,NO
52,15,165,0.02474,-831,831,1,NO
53,374,15,0.06188,-250,250,1,NO
54,16,18,0.02519,-500,500,1,NO
55,16,73,0.0624,-464,464,1,NO
56,17,18,0.02519,-500,500,1,NO
57,17,74,0.06405,-464,464,1,NO
58,20,18,0.00749,-1427,1427,1,NO
59,75,18,0.02369,-1434,1434,1,NO
60,18,76,0.01625,-1662,1662,1,NO
61,18,101,0.02769,-1662,1662,1,NO
62,124,19,0.12366,-464,464,1,NO
63,425,19,0.06818,-160,160,1,NO
64,67,20,0.03425,-831,831,1,NO
65,447,20,0.06119,-250,250,1,NO
66,448,20,0.06119,-250,250,1,NO
67,502,21,0.07107,-160,160,1,NO
68,112,22,0.02618,-362,362,1,NO
69,526,22,0.06901,-160,160,1,NO
70,527,22,0.06901,-160,160,1,NO
71,37,23,0.07031,-394,394,1,NO
72,46,23,0.04868,-457,457,1,NO
73,53,23,0.06558,-274,274,1,NO
74,540,23,0.0668,-160,160,1,NO
75,54,24,0.05727,-160,160,1,NO
76,545,24,0.06715,-160,160,1,NO
77,41,25,0.04145,-274,274,1,NO
78,53,25,0.03368,-464,464,1,NO
79,54,25,0.0014,-464,464,1,NO
80,564,25,0.07808,-160,160,1,NO
81,38,26,0.05196,-160,160,1,NO
82,568,26,0.06616,-160,160,1,NO
83,28,27,0.0001,-876,876,1,NO
84,33,27,0.01494,-160,160,1,NO
85,48,27,0.06215,-362,362,1,NO
86,27,74,0.07231,-304,304,1,NO
87,47,28,0.01798,-464,464,1,NO
88,28,88,0.08161,-362,362,1,NO
89,30,29,0.0001,-876,876,1,NO
90,29,32,0.02097,-500,500,1,NO
91,45,29,0.04021,-464,464,1,NO
92,48,29,0.04283,-464,464,1,NO
93,613,29,0.06775,-160,160,1,NO
94,46,30,0.04021,-464,464,1,NO
95,49,30,0.04541,-362,362,1,NO
96,32,31,0.0001,-1593,1593,1,NO
97,39,31,0.02144,-1385,1385,1,NO
98,36,32,0.0189,-498,498,1,NO
99,615,33,0.06946,-160,160,1,NO
100,35,34,0.0001,-1593,1593,1,NO
101,34,51,0.01406,-1385,1385,1,NO
102,183,34,0.02287,-1385,1385,1,NO
103,183,35,0.02287,-1385,1385,1,NO
104,617,35,0.06052,-250,250,1,NO
105,644,36,0.06052,-250,250,1,NO
106,645,36,0.06156,-250,250,1,NO
107,38,37,0.0001,-876,876,1,NO
108,663,37,0.06616,-160,160,1,NO
109,55,38,0.02076,-394,394,1,NO
110,40,39,0.0001,-1593,1593,1,NO
111,682,39,0.05984,-250,250,1,NO
112,44,40,0.01277,-1385,1385,1,NO
113,679,40,0.06235,-250,250,1,NO
114,42,41,0.0001,-876,876,1,NO
115,41,43,0.03,-400,400,1,NO
116,80,41,0.0438,-609,609,1,NO
117,47,42,0.06564,-274,274,1,NO
118,54,42,0.02643,-392,392,1,NO
119,689,42,0.06839,-160,160,1,NO
120,44,43,0.0001,-1593,1593,1,NO
121,99,43,0.01994,-831,831,1,NO
122,50,44,0.01097,-1662,1662,1,NO
123,46,45,0.0001,-876,876,1,NO
124,49,45,0.06097,-394,394,1,NO
125,706,47,0.06775,-160,160,1,NO
126,707,47,0.06775,-160,160,1,NO
127,49,48,0.0001,-876,876,1,NO
128,717,48,0.06783,-160,160,1,NO
129,716,49,0.06831,-160,160,1,NO
130,51,50,0.0001,-1593,1593,1,NO
131,98,50,0.01788,-831,831,1,NO
132,100,50,0.05544,-831,831,1,NO
133,726,50,0.0608,-250,250,1,NO
134,727,51,0.06235,-250,250,1,NO
135,53,52,0.00878,-160,160,1,NO
136,754,52,0.06754,-160,160,1,NO
137,181,55,0.08353,-394,394,1,NO
138,778,55,0.06762,-160,160,1,NO
139,74,56,0.01281,-394,394,1,NO
140,796,56,0.06777,-160,160,1,NO
141,81,57,0.00496,-137,137,1,NO
142,80,58,0.00496,-137,137,1,NO
143,63,59,0.01405,-362,362,1,NO
144,82,59,0.07045,-362,362,1,NO
145,821,59,0.06798,-160,160,1,NO
146,60,85,0.0593,-362,362,1,NO
147,104,60,0.04091,-464,464,1,NO
148,834,60,0.06921,-160,160,1,NO
149,836,60,0.12583,-100,100,1,NO
150,62,61,0.0001,-876,876,1,NO
151,64,61,0.03843,-464,464,1,NO
152,109,61,0.0062,-464,464,1,NO
153,184,61,0.07066,-274,274,1,NO
154,82,62,0.01095,-464,464,1,NO
155,110,62,0.0062,-464,464,1,NO
156,71,63,0.03079,-362,362,1,NO
157,91,63,0.02769,-394,394,1,NO
158,94,63,0.0126,-464,464,1,NO
159,96,63,0.04236,-362,362,1,NO
160,64,69,0.02975,-464,464,1,NO
161,79,64,0.02438,-362,362,1,NO
162,93,64,0.0126,-464,464,1,NO
163,95,64,0.04236,-362,362,1,NO
164,90,65,0.04132,-394,394,1,NO
165,65,91,0.01446,-394,394,1,NO
166,66,67,0.02094,-500,500,1,NO
167,66,68,0.02355,-457,457,1,NO
168,152,66,0.08285,-464,464,1,NO
170,911,67,0.06269,-250,250,1,NO
171,912,67,0.06269,-250,250,1,NO
172,68,78,0.04153,-464,464,1,NO
173,978,68,0.06694,-160,160,1,NO
174,979,68,0.06653,-160,160,1,NO
175,83,69,0.00992,-464,464,1,NO
176,995,69,0.0655,-160,160,1,NO
177,996,69,0.07045,-160,160,1,NO
178,70,73,0.00971,-457,457,1,NO
179,107,70,0.00413,-457,457,1,NO
180,72,71,0.0001,-876,876,1,NO
181,86,71,0.00971,-362,362,1,NO
182,1059,71,0.06983,-160,160,1,NO
183,1060,71,0.06777,-160,160,1,NO
184,73,75,0.02444,-330,330,1,NO
185,87,73,0.02851,-464,464,1,NO
186,74,76,0.02469,-330,330,1,NO
187,74,108,0.00517,-464,464,1,NO
188,76,75,0.0001,-1593,1593,1,NO
189,76,105,0.02756,-845,845,1,NO
190,84,77,0.02665,-457,457,1,NO
191,85,77,0.01384,-464,464,1,NO
192,1095,77,0.06694,-160,160,1,NO
193,1096,77,0.06736,-160,160,1,NO
194,78,103,0.03368,-464,464,1,NO
195,1106,78,0.06839,-160,160,1,NO
196,88,79,0.02335,-464,464,1,NO
197,81,80,0.0001,-876,876,1,NO
198,80,96,0.0876,-362,362,1,NO
199,1114,80,0.06694,-160,160,1,NO
200,93,81,0.11674,-362,362,1,NO
201,1115,81,0.06694,-160,160,1,NO
202,1138,82,0.06756,-160,160,1,NO
203,1139,82,0.06756,-160,160,1,NO
204,84,83,0.0001,-876,876,1,NO
205,103,83,0.02169,-464,464,1,NO
206,1141,83,0.06653,-160,160,1,NO
207,184,84,0.07087,-274,274,1,NO
208,1192,84,0.0686,-160,160,1,NO
209,86,85,0.0001,-876,876,1,NO
210,1182,85,0.0936,-160,160,1,NO
211,86,108,0.0405,-464,464,1,NO
212,1184,86,0.09277,-160,160,1,NO
213,88,87,0.0001,-876,876,1,NO
214,94,87,0.03512,-362,362,1,NO
215,1213,87,0.06715,-160,160,1,NO
216,89,94,0.04153,-464,464,1,NO
217,102,89,0.01343,-362,362,1,NO
218,1217,89,0.0657,-160,160,1,NO
219,104,90,0.0314,-464,464,1,NO
220,1244,90,0.06756,-160,160,1,NO
221,1343,91,0.06756,-160,160,1,NO
222,100,92,0.01038,-845,845,1,NO
223,92,106,0.0105,-845,845,1,NO
224,1382,92,0.06269,-250,250,1,NO
225,1384,92,0.06294,-250,250,1,NO
226,94,93,0.0001,-876,876,1,NO
227,1418,93,0.06736,-160,160,1,NO
228,96,95,0.0001,-876,876,1,NO
229,102,95,0.02459,-362,362,1,NO
230,1426,96,0.06674,-160,160,1,NO
231,1427,97,0.01818,-125,125,1,NO
232,99,98,0.0001,-1593,1593,1,NO
233,1502,98,0.05988,-250,250,1,NO
234,101,99,0.03562,-845,845,1,NO
235,101,100,0.0001,-1593,1593,1,NO
236,1504,100,0.06119,-250,250,1,NO
237,1505,101,0.06269,-250,250,1,NO
238,1524,102,0.06694,-160,160,1,NO
239,104,103,0.0001,-876,876,1,NO
240,103,106,0.02875,-400,400,1,NO
241,1536,103,0.0686,-160,160,1,NO
242,1538,104,0.06818,-160,160,1,NO
243,106,105,0.0001,-1593,1593,1,NO
245,106,180,0.01469,-1108,1108,1,NO
246,108,107,0.00496,-464,464,1,NO
247,1552,107,0.06756,-160,160,1,NO
248,1553,107,0.0655,-160,160,1,NO
249,112,111,0.0001,-876,876,1,NO
250,123,111,0.03188,-464,464,1,NO
251,124,111,0.03252,-362,362,1,NO
252,1603,111,0.0625,-160,160,1,NO
253,113,114,0.03654,-304,304,1,NO
254,151,113,0.01655,-304,304,1,NO
255,1623,113,0.06818,-160,160,1,NO
256,1624,113,0.06818,-160,160,1,NO
257,114,131,0.04231,-464,464,1,NO
258,1647,114,0.06688,-160,160,1,NO
259,116,115,0.0001,-1593,1593,1,NO
260,133,115,0.02696,-1385,1385,1,NO
261,1649,115,0.06206,-250,250,1,NO
262,138,116,0.01733,-1385,1385,1,NO
263,1650,116,0.06206,-250,250,1,NO
264,140,117,0.08057,-304,304,1,NO
265,143,117,0.02593,-464,464,1,NO
266,1655,117,0.06688,-160,160,1,NO
267,119,118,0.0001,-876,876,1,NO
268,126,118,0.0413,-464,464,1,NO
269,142,118,0.00721,-464,464,1,NO
270,1680,118,0.06688,-160,160,1,NO
271,125,120,0.07789,-464,464,1,NO
272,130,120,0.07686,-464,464,1,NO
273,1686,120,0.06653,-160,160,1,NO
274,1687,120,0.06653,-160,160,1,NO
275,122,121,0.0001,-876,876,1,NO
276,151,121,0.04401,-464,464,1,NO
277,1747,121,0.06818,-160,160,1,NO
278,1748,121,0.06818,-160,160,1,NO
279,124,123,0.0001,-876,876,1,NO
280,140,123,0.00331,-464,464,1,NO
281,144,123,0.09638,-362,362,1,NO
282,1760,123,0.22521,-80,80,1,NO
283,1762,123,0.06851,-160,160,1,NO
284,1764,123,0.23161,-80,80,1,NO
285,139,124,0.00331,-304,304,1,NO
286,1761,124,0.2314,-80,80,1,NO
287,1763,124,0.22624,-80,80,1,NO
288,126,125,0.0001,-876,876,1,NO
289,135,125,0.03465,-464,464,1,NO
290,186,125,0.01591,-464,464,1,NO
291,1775,125,0.06136,-160,160,1,NO
292,126,127,0.0305,-400,400,1,NO
293,186,126,0.01591,-464,464,1,NO
294,128,127,0.0001,-1593,1593,1,NO
295,157,127,0.03463,-831,831,1,NO
296,145,128,0.04326,-748,748,1,NO
297,143,129,0.05225,-394,394,1,NO
298,129,148,0.053,-394,394,1,NO
299,1814,129,0.0593,-160,160,1,NO
300,130,132,0.09136,-381,381,1,NO
301,130,154,0.05696,-381,381,1,NO
302,1822,130,0.0593,-160,160,1,NO
303,1823,130,0.0593,-160,160,1,NO
304,132,131,0.0001,-876,876,1,NO
305,131,133,0.02756,-330,330,1,NO
306,147,131,0.07335,-464,464,1,NO
307,151,131,0.07955,-394,394,1,NO
308,1839,131,0.09277,-160,160,1,NO
309,132,134,0.02756,-330,330,1,NO
310,148,132,0.07335,-464,464,1,NO
311,150,132,0.07955,-394,394,1,NO
312,1840,132,0.06694,-160,160,1,NO
313,134,133,0.0001,-1593,1593,1,NO
314,182,133,0.00338,-1385,1385,1,NO
315,182,134,0.00338,-1385,1385,1,NO
316,136,135,0.0001,-876,876,1,NO
317,142,135,0.04483,-464,464,1,NO
318,1845,135,0.06136,-160,160,1,NO
319,1846,135,0.0686,-160,160,1,NO
320,138,137,0.0001,-1593,1593,1,NO
321,1880,138,0.05931,-250,250,1,NO
322,1881,138,0.05931,-250,250,1,NO
323,140,139,0.0001,-876,876,1,NO
324,166,139,0.08702,-304,304,1,NO
325,174,139,0.06829,-381,381,1,NO
326,167,140,0.0894,-304,304,1,NO
327,1882,140,0.07033,-160,160,1,NO
328,144,141,0.07622,-381,381,1,NO
329,178,141,0.09717,-274,274,1,NO
330,1902,141,0.0593,-160,160,1,NO
331,1903,141,0.0593,-160,160,1,NO
332,1904,142,0.10601,-100,100,1,NO
333,1905,142,0.10601,-100,100,1,NO
334,144,143,0.0001,-876,876,1,NO
335,143,145,0.02375,-500,500,1,NO
336,149,143,0.01318,-160,160,1,NO
337,144,147,0.0956,-304,304,1,NO
338,1907,144,0.0593,-160,160,1,NO
339,146,145,0.0001,-1593,1593,1,NO
340,1906,145,0.06206,-250,250,1,NO
341,148,147,0.0001,-876,876,1,NO
342,154,147,0.01779,-381,381,1,NO
343,1919,147,0.06653,-160,160,1,NO
344,1920,148,0.06775,-160,160,1,NO
345,1925,149,0.05229,-160,160,1,NO
346,151,150,0.0001,-876,876,1,NO
347,152,150,0.03698,-464,464,1,NO
348,1987,150,0.06818,-160,160,1,NO
349,1988,151,0.06818,-160,160,1,NO
350,153,152,0.0001,-876,876,1,NO
351,2090,152,0.06632,-160,160,1,NO
352,2112,154,0.06632,-160,160,1,NO
353,2113,154,0.06632,-160,160,1,NO
354,166,155,0.02114,-160,160,1,NO
355,2134,155,0.06585,-160,160,1,NO
356,156,158,0.03093,-400,400,1,NO
357,179,156,0.04236,-365,365,1,NO
358,158,157,0.0001,-1593,1593,1,NO
359,2157,157,0.05969,-250,250,1,NO
360,176,158,0.03312,-831,831,1,NO
361,160,159,0.0001,-1593,1593,1,NO
362,159,165,0.02583,-831,831,1,NO
363,159,176,0.01569,-831,831,1,NO
364,2165,159,0.06437,-250,250,1,NO
365,168,160,0.02475,-831,831,1,NO
366,160,177,0.01569,-831,831,1,NO
367,2166,160,0.06437,-250,250,1,NO
368,162,161,0.0001,-876,876,1,NO
369,161,166,0.14254,-274,274,1,NO
370,2170,161,0.06694,-160,160,1,NO
371,162,179,0.11132,-274,274,1,NO
372,2169,162,0.18657,-120,120,1,NO
373,164,163,0.0001,-876,876,1,NO
374,163,165,0.03,-500,500,1,NO
375,163,172,0.04196,-274,274,1,NO
376,2188,163,0.06671,-160,160,1,NO
377,164,167,0.05919,-274,274,1,NO
378,2186,164,0.06671,-160,160,1,NO
379,2187,165,0.04206,-330,330,1,NO
380,167,166,0.0001,-876,876,1,NO
381,2195,166,0.06736,-160,160,1,NO
382,2196,167,0.06736,-160,160,1,NO
383,169,168,0.0001,-1593,1593,1,NO
384,2258,169,0.05411,-330,330,1,NO
385,171,170,0.0001,-876,876,1,NO
386,170,174,0.16014,-274,274,1,NO
387,2260,170,0.06756,-160,160,1,NO
388,2261,171,0.06756,-160,160,1,NO
389,173,172,0.0001,-876,876,1,NO
390,2339,172,0.0675,-160,160,1,NO
391,173,175,0.05579,-274,274,1,NO
392,2340,173,0.1062,-100,100,1,NO
393,175,174,0.0001,-876,876,1,NO
394,2357,174,0.06736,-160,160,1,NO
395,2357,175,0.06671,-160,160,1,NO
396,177,176,0.0001,-1593,1593,1,NO
397,2377,176,0.05969,-250,250,1,NO
398,2378,176,0.05969,-250,250,1,NO
399,179,178,0.0001,-876,876,1,NO
400,2380,178,0.06798,-160,160,1,NO
401,2381,179,0.06775,-160,160,1,NO
402,202,187,0.17736,-68,68,1,NO
403,423,187,0.08364,-90,90,1,NO
404,434,188,0.11711,-140,140,1,NO
405,437,188,0.1257,-140,140,1,NO
406,443,189,0.08273,-90,90,1,NO
407,513,189,0.06843,-91,91,1,NO
408,355,190,0.0638,-120,120,1,NO
409,376,190,0.07248,-120,120,1,NO
410,207,191,0.02215,-120,120,1,NO
411,529,191,0.06694,-120,120,1,NO
412,193,192,0.02256,-140,140,1,NO
413,194,192,0.00851,-140,140,1,NO
414,308,192,0.12033,-137,137,1,NO
415,453,192,0.02545,-122,122,1,NO
416,193,332,0.07347,-140,140,1,NO
417,248,194,0.08719,-140,140,1,NO
418,256,194,0.08446,-140,140,1,NO
419,332,194,0.08099,-120,120,1,NO
420,285,195,0.06355,-137,137,1,NO
421,514,195,0.02975,-120,120,1,NO
422,1736,196,0.10504,-90,90,1,NO
423,197,247,0.09347,-90,90,1,NO
424,351,198,0.10818,-90,90,1,NO
425,425,198,0.08264,-76,76,1,NO
426,433,199,0.03198,-120,120,1,NO
427,444,199,0.03893,-120,120,1,NO
428,200,428,0.02298,-120,120,1,NO
429,533,200,0.10124,-120,120,1,NO
430,219,201,0.08496,-140,140,1,NO
431,201,255,0.08215,-140,140,1,NO
432,239,202,0.09,-68,68,1,NO
433,202,332,0.11628,-68,68,1,NO
434,425,203,0.02769,-76,76,1,NO
435,203,459,0.11719,-120,120,1,NO
436,204,526,0.0043,-140,140,1,NO
437,205,527,0.0043,-140,140,1,NO
438,224,206,0.02983,-140,140,1,NO
439,384,206,0.02545,-140,140,1,NO
440,354,207,0.04446,-120,120,1,NO
441,208,326,0.09438,-120,120,1,NO
442,208,342,0.01157,-137,137,1,NO
443,209,211,0.02215,-101,101,1,NO
444,334,209,0.03,-101,101,1,NO
445,282,210,0.04702,-120,120,1,NO
446,353,210,0.03628,-120,120,1,NO
447,233,211,0.06273,-101,101,1,NO
448,333,211,0.15901,-90,90,1,NO
449,386,211,0.07967,-120,120,1,NO
450,305,212,0.07686,-91,91,1,NO
451,511,212,0.07438,-91,91,1,NO
452,333,213,0.05992,-90,90,1,NO
453,343,213,0.03075,-90,90,1,NO
454,415,213,0.04298,-90,90,1,NO
455,458,213,0.0114,-140,140,1,NO
456,473,213,0.00926,-140,140,1,NO
457,442,214,0.07157,-120,120,1,NO
458,533,214,0.10421,-120,120,1,NO
459,2249,214,0.06719,-68,68,1,NO
460,273,215,0.00281,-120,120,1,NO
461,279,215,0.02636,-120,120,1,NO
462,447,216,0.00942,-120,120,1,NO
463,1120,216,0.08099,-120,120,1,NO
464,327,217,0.0881,-90,90,1,NO
465,217,346,0.05661,-90,90,1,NO
466,219,218,0.04273,-90,90,1,NO
467,340,218,0.08967,-90,90,1,NO
468,227,219,0.06314,-90,90,1,NO
469,437,220,0.02388,-140,140,1,NO
470,510,220,0.09537,-140,140,1,NO
471,230,221,0.0805,-140,140,1,NO
472,240,221,0.06198,-140,140,1,NO
473,262,222,0.02826,-91,91,1,NO
474,361,222,0.07413,-120,120,1,NO
475,372,223,0.03124,-106,106,1,NO
476,613,223,0.1305,-90,90,1,NO
477,425,224,0.10008,-76,76,1,NO
478,225,510,0.05678,-140,140,1,NO
479,2218,225,0.12645,-68,68,1,NO
480,227,226,0.01992,-90,90,1,NO
481,226,348,0.08058,-140,140,1,NO
482,354,228,0.06314,-120,120,1,NO
483,392,228,0.08223,-120,120,1,NO
484,301,229,0.08281,-90,90,1,NO
485,431,229,0.03231,-120,120,1,NO
486,466,230,0.15479,-140,140,1,NO
487,231,365,0.05851,-90,90,1,NO
488,232,366,0.06124,-90,90,1,NO
489,341,233,0.06496,-101,101,1,NO
490,354,234,0.01273,-182,182,1,NO
491,517,234,0.00802,-182,182,1,NO
492,251,235,0.02273,-182,182,1,NO
493,355,235,0.01207,-182,182,1,NO
494,236,384,0.01132,-140,140,1,NO
495,236,385,0.01091,-140,140,1,NO
496,373,237,0.06438,-140,140,1,NO
497,516,237,0.05388,-140,140,1,NO
498,238,361,0.01,-120,120,1,NO
499,492,238,0.13372,-120,120,1,NO
500,284,239,0.07157,-68,68,1,NO
501,340,240,0.11901,-90,90,1,NO
502,240,401,0.01388,-140,140,1,NO
503,414,240,0.10165,-90,90,1,NO
504,241,287,0.03041,-137,137,1,NO
505,503,241,0.01165,-137,137,1,NO
506,324,242,0.02793,-120,120,1,NO
507,440,242,0.12165,-90,90,1,NO
508,306,243,0.00529,-120,120,1,NO
509,309,243,0.02826,-120,120,1,NO
510,486,244,0.03471,-120,120,1,NO
511,520,244,0.01579,-120,120,1,NO
512,253,245,0.05198,-120,120,1,NO
513,254,245,0.06455,-120,120,1,NO
514,281,245,0.00959,-120,120,1,NO
515,299,245,0.02273,-137,137,1,NO
516,396,245,0.04636,-120,120,1,NO
517,270,246,0.06876,-120,120,1,NO
518,304,246,0.02802,-120,120,1,NO
519,339,246,0.07446,-137,137,1,NO
520,471,246,0.01488,-120,120,1,NO
521,247,427,0.03727,-90,90,1,NO
522,474,248,0.09124,-140,140,1,NO
523,249,294,0.01215,-140,140,1,NO
524,474,249,0.07149,-140,140,1,NO
525,259,250,0.02917,-140,140,1,NO
526,250,349,0.01851,-140,140,1,NO
527,252,319,0.02504,-182,182,1,NO
528,352,253,0.04669,-120,120,1,NO
529,338,254,0.01347,-120,120,1,NO
530,336,255,0.07975,-137,137,1,NO
531,369,255,0.09496,-140,140,1,NO
532,320,256,0.04008,-90,90,1,NO
533,257,363,0.02281,-137,137,1,NO
534,458,257,0.04471,-137,137,1,NO
535,265,258,0.04298,-120,120,1,NO
536,1753,258,0.06124,-120,120,1,NO
537,436,259,0.03041,-140,140,1,NO
538,260,365,0.01777,-120,120,1,NO
539,493,260,0.05273,-120,120,1,NO
540,261,272,0.0181,-120,120,1,NO
541,261,353,0.0386,-120,120,1,NO
542,438,262,0.05512,-120,120,1,NO
543,323,263,0.06975,-76,76,1,NO
544,411,263,0.03793,-91,91,1,NO
545,516,264,0.01868,-140,140,1,NO
546,537,264,0.0638,-90,90,1,NO
547,283,265,0.08744,-140,140,1,NO
548,422,265,0.0295,-120,120,1,NO
549,408,266,0.07942,-120,120,1,NO
550,525,266,0.04364,-120,120,1,NO
551,280,267,0.00678,-120,120,1,NO
552,267,519,0.00645,-120,120,1,NO
553,268,527,0.01521,-140,140,1,NO
554,332,269,0.08818,-120,120,1,NO
555,511,269,0.10331,-120,120,1,NO
556,271,446,0.07893,-120,120,1,NO
557,272,353,0.01975,-120,120,1,NO
558,304,273,0.01124,-120,120,1,NO
559,281,274,0.01372,-120,120,1,NO
560,288,274,0.01661,-120,120,1,NO
561,275,280,0.0119,-120,120,1,NO
562,275,534,0.00992,-120,120,1,NO
563,276,299,0.00091,-140,140,1,NO
564,292,277,0.01612,-120,120,1,NO
565,293,277,0.0086,-120,120,1,NO
566,406,277,0.0124,-120,120,1,NO
567,526,278,0.01645,-137,137,1,NO
568,534,278,0.00198,-140,140,1,NO
569,441,279,0.01388,-120,120,1,NO
570,472,281,0.00826,-140,140,1,NO
571,291,282,0.00727,-120,120,1,NO
572,471,282,0.01256,-120,120,1,NO
573,350,283,0.04455,-120,120,1,NO
574,1787,283,0.06281,-120,120,1,NO
575,284,308,0.05537,-137,137,1,NO
576,286,285,0.02281,-137,137,1,NO
577,286,337,0.06405,-140,140,1,NO
578,473,286,0.02256,-90,90,1,NO
579,287,318,0.01934,-140,140,1,NO
580,352,288,0.04116,-120,120,1,NO
581,299,289,0.02471,-137,137,1,NO
582,472,289,0.00818,-140,140,1,NO
583,294,290,0.0124,-90,90,1,NO
584,336,290,0.0338,-90,90,1,NO
585,429,291,0.03058,-120,120,1,NO
586,296,293,0.00033,-140,140,1,NO
587,346,294,0.10347,-137,137,1,NO
588,524,294,0.0819,-140,140,1,NO
589,302,295,0.02322,-120,120,1,NO
590,425,295,0.09471,-90,90,1,NO
591,537,295,0.10455,-90,90,1,NO
592,519,296,0.02388,-137,137,1,NO
593,298,297,0.00802,-120,120,1,NO
594,297,353,0.07736,-120,120,1,NO
595,525,298,0.04653,-120,120,1,NO
596,430,300,0.10785,-120,120,1,NO
597,658,300,0.10149,-90,90,1,NO
598,708,300,0.07529,-90,90,1,NO
599,442,303,0.0724,-120,120,1,NO
600,2124,303,0.09504,-68,68,1,NO
601,345,305,0.05587,-120,120,1,NO
602,460,305,0.12769,-140,140,1,NO
603,512,305,0.13512,-91,91,1,NO
604,493,306,0.01959,-120,120,1,NO
605,462,307,0.05355,-120,120,1,NO
606,508,307,0.03215,-120,120,1,NO
607,349,309,0.04488,-120,120,1,NO
608,309,520,0.01331,-140,140,1,NO
609,312,310,0.0619,-120,120,1,NO
610,420,310,0.00777,-140,140,1,NO
611,435,310,0.05959,-120,120,1,NO
612,477,310,0.04446,-137,137,1,NO
613,312,311,0.0001,-438,438,1,NO
614,372,311,0.12,-90,90,1,NO
615,323,312,0.07521,-91,91,1,NO
616,2245,313,0.0676,-34,34,1,NO
617,381,314,0.10124,-68,68,1,NO
618,387,314,0.07157,-90,90,1,NO
619,315,341,0.03157,-90,90,1,NO
620,2249,315,0.10132,-90,90,1,NO
621,352,316,0.01017,-120,120,1,NO
622,391,316,0.01446,-120,120,1,NO
623,317,468,0.03562,-120,120,1,NO
624,514,317,0.00149,-120,120,1,NO
625,318,467,0.00149,-140,140,1,NO
626,319,517,0.04521,-182,182,1,NO
627,348,320,0.04736,-140,140,1,NO
628,451,321,0.00512,-120,120,1,NO
629,454,321,0.01901,-137,137,1,NO
630,321,467,0.05843,-120,120,1,NO
631,485,321,0.02719,-120,120,1,NO
632,506,321,0.01083,-140,140,1,NO
633,321,530,0.01694,-120,120,1,NO
634,351,322,0.02025,-120,120,1,NO
635,389,322,0.02868,-120,120,1,NO
636,452,322,0.00669,-120,120,1,NO
637,455,322,0.01975,-120,120,1,NO
638,322,475,0.01281,-120,120,1,NO
639,322,478,0.09504,-120,120,1,NO
640,490,322,0.03397,-120,120,1,NO
641,538,324,0.03769,-90,90,1,NO
642,371,325,0.01298,-120,120,1,NO
643,375,325,0.03777,-120,120,1,NO
644,364,326,0.09314,-120,120,1,NO
645,361,328,0.03,-120,120,1,NO
646,375,329,0.05405,-120,120,1,NO
647,374,330,0.03463,-120,120,1,NO
648,360,331,0.03099,-120,120,1,NO
649,395,334,0.1276,-120,120,1,NO
650,369,335,0.07066,-68,68,1,NO
651,2331,335,0.11901,-68,68,1,NO
652,347,336,0.08314,-90,90,1,NO
653,377,337,0.01752,-137,137,1,NO
654,379,337,0.12132,-120,120,1,NO
655,394,338,0.10603,-90,90,1,NO
656,419,339,0.13264,-137,137,1,NO
657,342,445,0.08512,-120,120,1,NO
658,624,342,0.08388,-90,90,1,NO
659,710,342,0.04504,-122,122,1,NO
660,377,343,0.01967,-90,90,1,NO
661,346,344,0.01298,-140,140,1,NO
662,344,346,0.01446,-90,90,1,NO
663,381,344,0.01207,-90,90,1,NO
664,523,344,0.05512,-140,140,1,NO
665,347,345,0.1286,-140,140,1,NO
666,386,347,0.19198,-91,91,1,NO
667,526,350,0.07215,-120,120,1,NO
668,406,352,0.01793,-137,137,1,NO
669,429,353,0.02537,-120,120,1,NO
670,370,354,0.13702,-120,120,1,NO
671,402,355,0.02421,-182,182,1,NO
672,360,356,0.02545,-120,120,1,NO
673,432,356,0.06025,-120,120,1,NO
674,509,357,0.08463,-140,140,1,NO
675,523,357,0.06479,-90,90,1,NO
676,358,380,0.01256,-90,90,1,NO
677,375,359,0.0743,-120,120,1,NO
678,378,359,0.0062,-120,120,1,NO
679,393,359,0.01711,-90,90,1,NO
680,374,361,0.04116,-120,120,1,NO
681,362,373,0.0262,-120,120,1,NO
682,477,363,0.06645,-137,137,1,NO
683,439,364,0.06438,-120,120,1,NO
684,416,365,0.03421,-140,140,1,NO
685,440,365,0.07612,-90,90,1,NO
686,484,366,0.04017,-120,120,1,NO
687,504,366,0.06355,-140,140,1,NO
688,578,366,0.13025,-68,68,1,NO
689,370,367,0.01587,-120,120,1,NO
690,445,367,0.08868,-120,120,1,NO
691,376,368,0.0214,-120,120,1,NO
692,433,368,0.03479,-120,120,1,NO
693,378,371,0.00818,-120,120,1,NO
694,393,373,0.01603,-120,120,1,NO
695,395,374,0.14529,-120,120,1,NO
696,428,374,0.08223,-120,120,1,NO
697,432,379,0.09967,-120,120,1,NO
698,410,380,0.07331,-120,120,1,NO
699,1602,380,0.1086,-120,120,1,NO
700,464,382,0.00587,-68,68,1,NO
701,383,488,0.00231,-93,93,1,NO
702,389,385,0.01421,-120,120,1,NO
703,415,387,0.0781,-120,120,1,NO
704,481,388,0.03719,-90,90,1,NO
705,388,518,0.01802,-137,137,1,NO
706,529,390,0.09512,-137,137,1,NO
707,404,392,0.00471,-140,140,1,NO
708,532,394,0.04769,-120,120,1,NO
709,526,396,0.01496,-120,120,1,NO
710,512,397,0.13934,-90,90,1,NO
711,481,398,0.03926,-90,90,1,NO
712,1129,399,0.07107,-120,120,1,NO
713,404,400,0.00785,-90,90,1,NO
714,434,401,0.03736,-90,90,1,NO
715,403,517,0.00397,-182,182,1,NO
716,405,444,0.01248,-90,90,1,NO
717,446,405,0.01174,-90,90,1,NO
718,407,431,0.04785,-140,140,1,NO
719,526,407,0.02264,-137,137,1,NO
720,417,408,0.06182,-120,120,1,NO
721,532,409,0.06331,-120,120,1,NO
722,660,409,0.09669,-122,122,1,NO
723,525,410,0.03273,-90,90,1,NO
724,412,411,0.02091,-140,140,1,NO
725,423,411,0.19074,-90,90,1,NO
726,426,411,0.09587,-90,90,1,NO
727,413,412,0.02074,-140,140,1,NO
728,612,413,0.32397,-137,137,1,NO
729,643,413,0.13025,-68,68,1,NO
730,451,416,0.04438,-137,137,1,NO
731,447,417,0.02628,-120,120,1,NO
732,459,418,0.00843,-137,137,1,NO
733,477,420,0.04397,-140,140,1,NO
734,516,421,0.03496,-91,91,1,NO
735,612,424,0.05314,-122,122,1,NO
736,722,424,0.09008,-68,68,1,NO
737,425,438,0.15504,-120,120,1,NO
738,492,425,0.07322,-120,120,1,NO
739,536,425,0.09421,-90,90,1,NO
740,535,426,0.07628,-68,68,1,NO
741,528,427,0.05388,-91,91,1,NO
742,613,430,0.18587,-122,122,1,NO
743,676,439,0.0557,-122,122,1,NO
744,527,441,0.01298,-140,140,1,NO
745,487,443,0.05744,-90,90,1,NO
746,449,445,0.01612,-68,68,1,NO
747,450,446,0.00835,-68,68,1,NO
748,469,448,0.04215,-137,137,1,NO
749,482,448,0.06248,-137,137,1,NO
750,504,452,0.00992,-120,120,1,NO
751,464,455,0.01777,-120,120,1,NO
752,502,455,0.00711,-120,120,1,NO
753,490,456,0.01231,-120,120,1,NO
754,494,456,0.03322,-120,120,1,NO
755,498,456,0.00165,-144,144,1,NO
756,476,457,0.02785,-137,137,1,NO
757,514,457,0.01736,-120,120,1,NO
758,535,460,0.01752,-68,68,1,NO
759,508,461,0.02463,-120,120,1,NO
760,515,461,0.00306,-120,120,1,NO
761,465,462,0.00851,-140,140,1,NO
762,497,463,0.00694,-120,120,1,NO
763,514,463,0.02066,-120,120,1,NO
764,515,464,0.02066,-120,120,1,NO
765,494,465,0.03876,-120,120,1,NO
766,468,531,0.00174,-140,140,1,NO
767,470,923,0.02975,-140,140,1,NO
768,479,475,0.00785,-120,120,1,NO
769,507,476,0.01231,-120,120,1,NO
770,521,476,0.01471,-137,137,1,NO
771,501,477,0.02207,-120,120,1,NO
772,518,477,0.02207,-137,137,1,NO
773,478,531,0.0114,-140,140,1,NO
774,480,530,0.00694,-120,120,1,NO
775,487,481,0.01157,-90,90,1,NO
776,482,1078,0.11322,-90,90,1,NO
777,2043,482,0.10397,-90,90,1,NO
778,488,483,0.00231,-93,93,1,NO
779,483,502,0.0019,-89,89,1,NO
780,494,484,0.04802,-120,120,1,NO
781,489,485,0.00793,-120,120,1,NO
782,507,486,0.01099,-120,120,1,NO
783,500,489,0.00942,-120,120,1,NO
784,505,489,0.02231,-140,140,1,NO
785,491,490,0.00686,-140,140,1,NO
786,494,491,0.04132,-140,140,1,NO
787,496,493,0.01058,-120,120,1,NO
788,500,493,0.01066,-101,101,1,NO
789,505,493,0.01893,-140,140,1,NO
790,495,494,0.01058,-120,120,1,NO
791,497,506,0.03967,-140,140,1,NO
792,502,499,0.00372,-144,144,1,NO
793,515,501,0.0176,-120,120,1,NO
794,515,503,0.00992,-137,137,1,NO
795,512,509,0.01934,-90,90,1,NO
796,524,511,0.06909,-90,90,1,NO
797,518,522,0.0095,-137,137,1,NO
798,526,519,0.01818,-137,137,1,NO
799,525,528,0.03934,-120,120,1,NO
800,538,536,0.02612,-90,90,1,NO
801,540,539,0.0001,-438,438,1,NO
802,559,539,0.08281,-137,137,1,NO
803,633,539,0.01298,-137,137,1,NO
804,737,539,0.03893,-137,137,1,NO
805,776,539,0.02025,-108,108,1,NO
806,544,540,0.07983,-137,137,1,NO
807,634,540,0.01281,-137,137,1,NO
808,650,540,0.03066,-137,137,1,NO
809,652,540,0.00992,-58,58,1,NO
810,653,540,0.04438,-137,137,1,NO
811,541,685,0.05074,-137,137,1,NO
812,712,542,0.08653,-137,137,1,NO
813,737,542,0.06099,-137,137,1,NO
814,751,542,0.08107,-137,137,1,NO
815,560,543,0.05802,-137,137,1,NO
816,617,543,0.05917,-137,137,1,NO
817,740,543,0.06736,-137,137,1,NO
818,544,696,0.04603,-137,137,1,NO
819,546,545,0.0001,-438,438,1,NO
820,587,545,0.10107,-137,137,1,NO
821,727,545,0.10686,-89,89,1,NO
822,756,545,0.07562,-137,137,1,NO
823,575,546,0.10347,-137,137,1,NO
824,725,546,0.01992,-137,137,1,NO
825,730,546,0.01479,-108,108,1,NO
826,739,546,0.07959,-137,137,1,NO
827,755,546,0.23512,-78,78,1,NO
828,631,547,0.02512,-137,137,1,NO
829,672,547,0.01157,-137,137,1,NO
830,751,547,0.01322,-137,137,1,NO
831,573,548,0.05273,-137,137,1,NO
832,660,548,0.06727,-137,137,1,NO
833,550,549,0.02702,-137,137,1,NO
834,671,549,0.14975,-76,76,1,NO
835,760,549,0.10041,-76,76,1,NO
836,761,550,0.0595,-137,137,1,NO
837,746,551,0.06562,-108,108,1,NO
838,551,750,0.06182,-108,108,1,NO
839,757,551,0.0181,-108,108,1,NO
840,784,551,0.01033,-108,108,1,NO
841,553,552,0.0186,-137,137,1,NO
842,588,552,0.10041,-137,137,1,NO
843,643,552,0.10736,-137,137,1,NO
844,771,552,0.10438,-137,137,1,NO
845,658,553,0.09876,-108,108,1,NO
846,703,554,0.10074,-137,137,1,NO
847,744,554,0.12777,-137,137,1,NO
848,555,693,0.01339,-137,137,1,NO
849,555,785,0.09421,-137,137,1,NO
850,559,556,0.09479,-137,137,1,NO
851,674,556,0.0981,-137,137,1,NO
852,781,556,0.07289,-137,137,1,NO
853,558,557,0.01851,-108,108,1,NO
854,690,557,0.03835,-108,108,1,NO
855,733,557,0.05959,-108,108,1,NO
856,579,558,0.11521,-108,108,1,NO
857,617,560,0.05413,-137,137,1,NO
858,568,561,0.03083,-108,108,1,NO
859,569,562,0.03331,-108,108,1,NO
860,569,563,0.01893,-108,108,1,NO
861,571,563,0.01835,-108,108,1,NO
862,598,564,0.03174,-76,76,1,NO
863,655,564,0.01975,-108,108,1,NO
864,669,564,0.04694,-108,108,1,NO
865,654,565,0.01686,-137,137,1,NO
866,655,565,0.01909,-108,108,1,NO
867,664,565,0.13256,-108,108,1,NO
868,762,565,0.05107,-137,137,1,NO
869,568,566,0.02785,-137,137,1,NO
870,571,566,0.0305,-137,137,1,NO
871,700,567,0.08322,-137,137,1,NO
872,716,567,0.03107,-137,137,1,NO
873,569,568,0.0001,-438,438,1,NO
874,672,568,0.13289,-137,137,1,NO
875,712,568,0.05504,-108,108,1,NO
876,656,569,0.0995,-76,76,1,NO
877,712,569,0.05504,-108,108,1,NO
878,666,570,0.09058,-108,108,1,NO
879,733,570,0.04661,-108,108,1,NO
880,694,572,0.08438,-91,91,1,NO
881,722,572,0.06554,-108,108,1,NO
882,594,573,0.05736,-137,137,1,NO
883,613,573,0.06612,-137,137,1,NO
884,710,574,0.01157,-137,137,1,NO
885,741,575,0.12463,-137,137,1,NO
886,576,721,0.07124,-76,76,1,NO
887,732,576,0.0005,-137,137,1,NO
888,581,577,0.02455,-108,108,1,NO
889,685,577,0.08926,-108,108,1,NO
890,661,578,0.05182,-137,137,1,NO
891,582,579,0.02777,-108,108,1,NO
892,580,644,0.06562,-137,137,1,NO
893,755,581,0.07926,-108,108,1,NO
894,765,581,0.01463,-108,108,1,NO
895,688,582,0.07645,-137,137,1,NO
896,749,582,0.02645,-137,137,1,NO
897,607,583,0.0262,-108,108,1,NO
898,619,583,0.06702,-137,137,1,NO
899,584,585,0.03306,-137,137,1,NO
900,697,584,0.08603,-137,137,1,NO
901,585,778,0.15769,-137,137,1,NO
902,762,586,0.04769,-137,137,1,NO
903,765,586,0.01314,-108,108,1,NO
904,628,587,0.03182,-137,137,1,NO
905,595,588,0.06231,-137,137,1,NO
906,643,588,0.08521,-137,137,1,NO
907,717,589,0.11116,-137,137,1,NO
908,753,589,0.07769,-137,137,1,NO
909,755,590,0.10669,-137,137,1,NO
910,780,590,0.1986,-137,137,1,NO
911,591,596,0.03041,-108,108,1,NO
912,667,591,0.0124,-108,108,1,NO
913,592,593,0.02017,-108,108,1,NO
914,592,738,0.06488,-108,108,1,NO
915,772,593,0.06603,-108,108,1,NO
916,713,594,0.06785,-137,137,1,NO
917,771,595,0.09909,-137,137,1,NO
918,596,742,0.07818,-137,137,1,NO
919,597,778,0.11504,-108,108,1,NO
920,675,598,0.05223,-76,76,1,NO
921,694,599,0.06198,-137,137,1,NO
922,669,600,0.08091,-108,108,1,NO
923,727,600,0.03149,-137,137,1,NO
924,630,601,0.0914,-137,137,1,NO
925,708,601,0.07066,-137,137,1,NO
926,604,602,0.01471,-137,137,1,NO
927,602,615,0.00983,-137,137,1,NO
928,604,603,0.01455,-137,137,1,NO
929,706,603,0.04537,-137,137,1,NO
930,605,615,0.02455,-137,137,1,NO
931,626,605,0.01388,-137,137,1,NO
932,606,670,0.02,-137,137,1,NO
933,606,926,0.05868,-140,140,1,NO
934,670,607,0.02,-108,108,1,NO
935,690,608,0.04901,-167,167,1,NO
936,677,609,0.05851,-137,137,1,NO
937,609,680,0.06893,-137,137,1,NO
938,668,610,0.03297,-58,58,1,NO
939,694,610,0.0282,-58,58,1,NO
940,683,611,0.02182,-108,108,1,NO
941,750,611,0.06793,-108,108,1,NO
942,613,612,0.0001,-438,438,1,NO
943,769,612,0.11256,-137,137,1,NO
944,627,613,0.04446,-137,137,1,NO
945,614,626,0.01942,-137,137,1,NO
946,707,614,0.07413,-137,137,1,NO
947,665,615,0.10083,-108,108,1,NO
948,774,615,0.04322,-108,108,1,NO
949,618,616,0.0019,-137,137,1,NO
950,616,619,0.00264,-108,108,1,NO
951,617,620,0.01603,-137,137,1,NO
952,620,618,0.02967,-108,108,1,NO
953,756,619,0.0714,-137,137,1,NO
954,622,621,0.00711,-108,108,1,NO
955,746,621,0.04975,-108,108,1,NO
956,624,622,0.00306,-68,68,1,NO
957,663,623,0.12752,-137,137,1,NO
958,712,623,0.05116,-137,137,1,NO
959,690,625,0.11099,-137,137,1,NO
960,625,1348,0.06033,-90,90,1,NO
961,691,627,0.06,-137,137,1,NO
962,699,628,0.06529,-137,137,1,NO
963,727,628,0.12595,-137,137,1,NO
964,667,629,0.14413,-76,76,1,NO
965,763,629,0.14868,-76,76,1,NO
966,645,630,0.06364,-137,137,1,NO
967,645,631,0.06628,-137,137,1,NO
968,634,632,0.04207,-137,137,1,NO
969,649,632,0.02512,-137,137,1,NO
970,634,633,0.0001,-438,438,1,NO
971,645,633,0.10752,-137,137,1,NO
972,637,635,0.00661,-137,137,1,NO
973,732,635,0.03711,-76,76,1,NO
974,742,635,0.05488,-137,137,1,NO
975,636,740,0.03645,-137,137,1,NO
976,744,636,0.04983,-76,76,1,NO
977,743,637,0.11281,-137,137,1,NO
978,639,638,0.00397,-68,68,1,NO
979,650,638,0.01025,-68,68,1,NO
980,650,639,0.00959,-137,137,1,NO
981,639,653,0.00802,-137,137,1,NO
982,640,644,0.01917,-137,137,1,NO
983,653,640,0.00802,-108,108,1,NO
984,644,641,0.02686,-137,137,1,NO
985,645,641,0.03116,-108,108,1,NO
986,647,641,0.01579,-137,137,1,NO
987,678,642,0.1014,-137,137,1,NO
988,785,642,0.08521,-108,108,1,NO
989,645,644,0.0001,-438,438,1,NO
990,650,644,0.0286,-182,182,1,NO
991,686,644,0.20612,-137,137,1,NO
992,734,644,0.04926,-89,89,1,NO
993,650,645,0.02413,-182,182,1,NO
994,646,770,0.12669,-137,137,1,NO
995,773,646,0.06686,-137,137,1,NO
996,649,647,0.04099,-108,108,1,NO
997,651,648,0.00826,-137,137,1,NO
998,652,648,0.00793,-58,58,1,NO
999,776,651,0.02165,-108,108,1,NO
1000,655,654,0.01455,-108,108,1,NO
1001,701,655,0.01926,-108,108,1,NO
1002,773,656,0.07364,-76,76,1,NO
1003,1444,657,0.03388,-57,57,1,NO
1004,1486,657,0.0405,-57,57,1,NO
1005,659,703,0.02959,-108,108,1,NO
1006,659,703,0.0257,-108,108,1,NO
1007,769,661,0.05132,-137,137,1,NO
1008,663,662,0.0001,-438,438,1,NO
1009,760,662,0.04488,-76,76,1,NO
1010,782,662,0.03298,-137,137,1,NO
1011,778,663,0.04661,-76,76,1,NO
1012,780,663,0.12273,-108,108,1,NO
1013,689,664,0.06595,-108,108,1,NO
1014,676,665,0.07041,-137,137,1,NO
1015,706,665,0.06843,-137,137,1,NO
1016,707,666,0.03157,-137,137,1,NO
1017,703,667,0.07884,-76,76,1,NO
1018,696,668,0.07019,-58,58,1,NO
1019,670,1469,0.07521,-90,90,1,NO
1020,754,671,0.02074,-76,76,1,NO
1021,750,673,0.07223,-167,167,1,NO
1022,674,695,0.03579,-137,137,1,NO
1023,675,758,0.06678,-108,108,1,NO
1024,679,677,0.05306,-137,137,1,NO
1025,679,678,0.0001,-438,438,1,NO
1026,684,678,0.07157,-167,167,1,NO
1027,731,678,0.1381,-108,108,1,NO
1028,750,678,0.1238,-108,108,1,NO
1029,683,679,0.0343,-108,108,1,NO
1030,684,679,0.07157,-167,167,1,NO
1031,685,679,0.10909,-108,108,1,NO
1032,680,688,0.06636,-137,137,1,NO
1033,680,701,0.04744,-108,108,1,NO
1034,682,681,0.00058,-274,274,1,NO
1035,770,686,0.12298,-137,137,1,NO
1036,745,687,0.01298,-137,137,1,NO
1037,687,747,0.00901,-68,68,1,NO
1038,689,688,0.0001,-438,438,1,NO
1039,1359,688,0.06281,-90,90,1,NO
1040,749,689,0.0724,-137,137,1,NO
1041,689,1402,0.13967,-120,120,1,NO
1042,691,692,0.06264,-137,137,1,NO
1043,718,692,0.0876,-137,137,1,NO
1044,694,693,0.00884,-137,137,1,NO
1045,695,696,0.01694,-137,137,1,NO
1046,766,697,0.05678,-137,137,1,NO
1047,698,702,0.03182,-108,108,1,NO
1048,704,698,0.00537,-108,108,1,NO
1049,699,703,0.1219,-137,137,1,NO
1050,710,700,0.07521,-137,137,1,NO
1051,702,703,0.0538,-108,108,1,NO
1052,703,704,0.01917,-76,76,1,NO
1053,709,705,0.01686,-137,137,1,NO
1054,728,705,0.00628,-108,108,1,NO
1055,707,706,0.0001,-438,438,1,NO
1056,772,707,0.02843,-108,108,1,NO
1057,716,709,0.0519,-108,108,1,NO
1058,720,709,0.05744,-108,108,1,NO
1059,714,711,0.05736,-137,137,1,NO
1060,727,711,0.07802,-137,137,1,NO
1061,729,711,0.00562,-137,137,1,NO
1062,720,713,0.00992,-137,137,1,NO
1063,724,714,0.0105,-137,137,1,NO
1064,739,715,0.02289,-137,137,1,NO
1065,715,1190,0.05372,-68,68,1,NO
1066,717,716,0.0001,-438,438,1,NO
1067,750,716,0.13339,-143,143,1,NO
1068,785,716,0.1314,-137,137,1,NO
1069,719,717,0.02562,-108,108,1,NO
1070,728,717,0.02983,-108,108,1,NO
1071,736,717,0.06752,-108,108,1,NO
1072,719,718,0.01438,-108,108,1,NO
1073,755,721,0.0557,-137,137,1,NO
1074,726,723,0.07314,-137,137,1,NO
1075,748,723,0.0119,-137,137,1,NO
1076,730,724,0.02405,-137,137,1,NO
1077,748,725,0.02653,-137,137,1,NO
1078,727,726,0.0001,-438,438,1,NO
1079,729,726,0.08777,-137,137,1,NO
1080,743,726,0.07463,-137,137,1,NO
1081,754,731,0.12025,-108,108,1,NO
1082,735,734,0.0076,-89,89,1,NO
1083,737,735,0.00959,-137,137,1,NO
1084,777,736,0.01488,-108,108,1,NO
1085,1430,738,0.06446,-90,90,1,NO
1086,752,740,0.00818,-137,137,1,NO
1087,779,740,0.01537,-108,108,1,NO
1088,752,741,0.02058,-137,137,1,NO
1089,768,744,0.03628,-108,108,1,NO
1090,784,745,0.0124,-108,108,1,NO
1091,777,747,0.0119,-68,68,1,NO
1092,753,750,0.00777,-137,137,1,NO
1093,759,754,0.00694,-108,108,1,NO
1094,781,755,0.09281,-108,108,1,NO
1095,774,757,0.05512,-108,108,1,NO
1096,758,759,0.02744,-108,108,1,NO
1097,764,763,0.02694,-108,108,1,NO
1098,767,763,0.08975,-137,137,1,NO
1099,778,764,0.1138,-108,108,1,NO
1100,778,766,0.1214,-137,137,1,NO
1101,779,768,0.0905,-108,108,1,NO
1102,771,770,0.13058,-137,137,1,NO
1103,775,1133,0.07934,-90,90,1,NO
1104,775,1414,0.04298,-140,140,1,NO
1105,783,778,0.00901,-137,137,1,NO
1106,783,782,0.0219,-137,137,1,NO
1107,1183,786,0.04545,-114,114,1,NO
1108,1184,787,0.04545,-114,114,1,NO
1109,1484,788,0.00207,-90,90,1,NO
1110,1483,789,0.00207,-90,90,1,NO
1111,1483,790,0.00124,-90,90,1,NO
1112,1483,791,0.00165,-90,90,1,NO
1113,1240,792,0.01405,-114,114,1,NO
1114,1525,792,0.0124,-114,114,1,NO
1115,793,1514,0.06033,-52,52,1,NO
1116,1334,794,0.01157,-140,140,1,NO
1117,1385,794,0.01983,-140,140,1,NO
1118,1108,795,0.02479,-90,90,1,NO
1119,795,1520,0.02397,-90,90,1,NO
1120,797,796,0.0001,-438,438,1,NO
1121,880,796,0.01736,-114,114,1,NO
1122,1011,796,0.03306,-114,114,1,NO
1123,1103,796,0.00992,-114,114,1,NO
1124,1419,796,0.01074,-114,114,1,NO
1125,1596,796,0.00826,-90,90,1,NO
1126,881,797,0.01736,-114,114,1,NO
1127,899,797,0.05041,-120,120,1,NO
1128,1004,797,0.02397,-120,120,1,NO
1129,1379,797,0.02645,-114,114,1,NO
1130,1597,797,0.00826,-90,90,1,NO
1131,799,798,0.0001,-438,438,1,NO
1132,1134,798,0.00083,-114,114,1,NO
1133,1163,798,0.03967,-140,140,1,NO
1134,798,1299,0.00248,-140,140,1,NO
1135,799,996,0.0438,-140,140,1,NO
1136,1135,799,0.00165,-114,114,1,NO
1137,799,1300,0.00248,-140,140,1,NO
1138,800,1356,0.00248,-114,114,1,NO
1139,801,1356,0.00248,-114,114,1,NO
1140,1087,802,0.01322,-120,120,1,NO
1141,802,1586,0.00248,-140,140,1,NO
1142,1483,803,0.0157,-120,120,1,NO
1143,1345,804,0.0438,-114,114,1,NO
1144,1426,804,0.06281,-114,114,1,NO
1145,805,1592,0.00083,-114,114,1,NO
1146,806,807,0.00083,-140,140,1,NO
1147,807,1328,0.0281,-120,120,1,NO
1148,807,1479,0.02066,-140,140,1,NO
1149,808,971,0.02562,-114,114,1,NO
1150,808,1227,0.01488,-114,114,1,NO
1151,904,809,0.01901,-120,120,1,NO
1152,1216,809,0.04463,-120,120,1,NO
1153,1502,810,0.0686,-140,140,1,NO
1154,811,812,0.00124,-90,90,1,NO
1155,812,860,0.02645,-90,90,1,NO
1156,918,812,0.05868,-140,140,1,NO
1157,813,877,0.01074,-140,140,1,NO
1158,813,1054,0.02066,-114,114,1,NO
1159,1462,814,0.01157,-140,140,1,NO
1160,1488,814,0.01322,-112,112,1,NO
1161,928,815,0.00248,-140,140,1,NO
1162,1156,815,0.01488,-140,140,1,NO
1163,1315,815,0.00744,-112,112,1,NO
1164,816,817,0.00165,-140,140,1,NO
1165,817,1079,0.0314,-90,90,1,NO
1166,1477,817,0.02066,-90,90,1,NO
1167,819,818,0.02727,-19,19,1,NO
1168,819,954,0.05455,-57,57,1,NO
1169,993,819,0.03884,-57,57,1,NO
1170,820,838,0.0124,-114,114,1,NO
1171,1393,820,0.09174,-85,85,1,NO
1172,822,821,0.0001,-438,438,1,NO
1173,843,821,0.0314,-140,140,1,NO
1174,920,821,0.03636,-114,114,1,NO
1175,1076,821,0.02149,-114,114,1,NO
1176,1199,821,0.01074,-140,140,1,NO
1177,1558,821,0.02231,-114,114,1,NO
1178,844,822,0.03058,-140,140,1,NO
1179,919,822,0.03636,-114,114,1,NO
1180,924,822,0.03058,-114,114,1,NO
1181,1355,822,0.00826,-140,140,1,NO
1182,1559,822,0.02231,-114,114,1,NO
1183,825,823,0.00165,-90,90,1,NO
1184,826,824,0.00165,-90,90,1,NO
1185,825,1232,0.00579,-140,140,1,NO
1186,1566,825,0.01488,-140,140,1,NO
1187,826,1003,0.00579,-140,140,1,NO
1188,1566,826,0.01488,-140,140,1,NO
1189,827,911,0.01488,-114,114,1,NO
1190,1337,827,0.05702,-90,90,1,NO
1191,828,829,0.03058,-57,57,1,NO
1192,829,1268,0.05785,-114,114,1,NO
1193,1489,829,0.01983,-114,114,1,NO
1194,830,883,0.01736,-140,140,1,NO
1195,830,1334,0.00496,-140,140,1,NO
1196,833,831,0.01818,-76,76,1,NO
1197,1154,832,0.02645,-114,114,1,NO
1198,833,1230,0.04463,-120,120,1,NO
1199,1553,833,0.06364,-120,120,1,NO
1200,886,834,0.07025,-120,120,1,NO
1201,991,834,0.10248,-120,120,1,NO
1202,1175,834,0.04463,-120,120,1,NO
1203,1178,834,0.0405,-90,90,1,NO
1204,1467,834,0.06116,-120,120,1,NO
1205,1020,835,0.1,-120,120,1,NO
1206,1106,835,0.02231,-114,114,1,NO
1207,890,836,0.02231,-120,120,1,NO
1208,1105,836,0.02231,-114,114,1,NO
1209,836,1365,0.09587,-120,120,1,NO
1210,837,1097,0.02479,-120,120,1,NO
1211,1552,837,0.01322,-114,114,1,NO
1212,966,838,0.00826,-114,114,1,NO
1213,840,839,0.03636,-57,57,1,NO
1214,1349,839,0.05785,-57,57,1,NO
1215,840,887,0.12727,-57,57,1,NO
1216,1562,840,0.02397,-57,57,1,NO
1217,841,1095,0.00165,-140,140,1,NO
1218,842,1096,0.00165,-140,140,1,NO
1219,845,870,0.00165,-57,57,1,NO
1220,846,871,0.00165,-57,57,1,NO
1221,847,871,0.00165,-57,57,1,NO
1222,848,870,0.00124,-57,57,1,NO
1223,849,1320,0.02397,-120,120,1,NO
1224,1426,849,0.04215,-120,120,1,NO
1225,1087,850,0.01405,-140,140,1,NO
1226,1594,850,0.01818,-140,140,1,NO
1227,1066,851,0.01736,-140,140,1,NO
1228,851,1328,0.02727,-140,140,1,NO
1229,1538,851,0.07603,-140,140,1,NO
1230,1560,852,0.02479,-120,120,1,NO
1231,852,1589,0.00992,-140,140,1,NO
1232,853,855,0.00165,-114,114,1,NO
1233,854,856,0.00413,-114,114,1,NO
1234,855,997,0.00331,-140,140,1,NO
1235,1573,855,0.01157,-114,114,1,NO
1236,864,856,0.00744,-120,120,1,NO
1237,856,997,0.00165,-114,114,1,NO
1238,857,1169,0.06529,-120,120,1,NO
1239,1293,857,0.05455,-120,120,1,NO
1240,858,945,0.01074,-140,140,1,NO
1241,1162,858,0.01983,-140,140,1,NO
1242,1173,858,0.00248,-57,57,1,NO
1243,858,1205,0.01736,-114,114,1,NO
1244,1372,858,0.01653,-120,120,1,NO
1245,859,946,0.01074,-140,140,1,NO
1246,1113,859,0.02231,-120,120,1,NO
1247,1174,859,0.00248,-57,57,1,NO
1248,1358,859,0.01983,-114,114,1,NO
1249,859,1362,0.00826,-114,114,1,NO
1250,860,1556,0.02893,-90,90,1,NO
1251,1107,861,0.06033,-114,114,1,NO
1252,1585,861,0.0157,-114,114,1,NO
1253,947,862,0.00661,-120,120,1,NO
1254,1561,862,0.03388,-120,120,1,NO
1255,864,863,0.01157,-114,114,1,NO
1256,990,864,0.01405,-114,114,1,NO
1257,1432,865,0.00909,-120,120,1,NO
1258,1575,865,0.07934,-120,120,1,NO
1259,866,1196,0.02149,-114,114,1,NO
1260,1531,866,0.01405,-114,114,1,NO
1261,867,869,0.01405,-114,114,1,NO
1262,1288,868,0.0157,-140,140,1,NO
1263,888,869,0.00083,-114,114,1,NO
1264,869,914,0.04298,-140,140,1,NO
1265,1214,870,0.03636,-120,120,1,NO
1266,1411,870,0.01983,-140,140,1,NO
1267,1418,870,0.02645,-120,120,1,NO
1268,896,871,0.04132,-120,120,1,NO
1269,1418,871,0.02645,-85,85,1,NO
1270,1020,872,0.01322,-114,114,1,NO
1271,872,1384,0.06694,-120,120,1,NO
1272,873,874,0.03223,-120,120,1,NO
1273,874,1098,0.00083,-120,120,1,NO
1274,1552,874,0.02975,-120,120,1,NO
1275,875,876,0.00331,-75,75,1,NO
1276,1323,876,0.01901,-90,90,1,NO
1277,876,1389,0.04132,-90,90,1,NO
1278,1050,877,0.03471,-114,114,1,NO
1279,879,878,0.0001,-438,438,1,NO
1280,1320,878,0.0157,-120,120,1,NO
1281,1543,878,0.02645,-90,90,1,NO
1282,879,1325,0.03388,-120,120,1,NO
1283,1426,879,0.05868,-120,120,1,NO
1284,1470,882,0.0595,-114,114,1,NO
1285,882,1503,0.10909,-140,140,1,NO
1286,1490,883,0.00579,-140,140,1,NO
1287,885,884,0.00413,-140,140,1,NO
1288,885,890,0.0843,-75,75,1,NO
1289,1476,885,0.07107,-75,75,1,NO
1290,1294,886,0.06612,-120,120,1,NO
1291,887,1178,0.07521,-90,90,1,NO
1292,996,888,0.02314,-140,140,1,NO
1293,1076,889,0.01736,-140,140,1,NO
1294,1207,889,0.01488,-114,114,1,NO
1295,891,1057,0.00909,-140,140,1,NO
1296,1459,891,0.01488,-140,140,1,NO
1297,893,892,0.0001,-438,438,1,NO
1298,1013,892,0.00496,-57,57,1,NO
1299,1206,892,0.01405,-90,90,1,NO
1300,1448,892,0.0157,-140,140,1,NO
1301,1312,893,0.01488,-140,140,1,NO
1302,1449,893,0.0157,-140,140,1,NO
1303,894,1077,0.02397,-140,140,1,NO
1304,1514,894,0.01653,-140,140,1,NO
1305,986,895,0.00331,-140,140,1,NO
1306,1424,895,0.02149,-140,140,1,NO
1307,1083,896,0.01818,-120,120,1,NO
1308,897,898,0.00083,-57,57,1,NO
1309,898,1289,0.05041,-57,57,1,NO
1310,2089,898,0.02727,-57,57,1,NO
1311,923,899,0.04959,-114,114,1,NO
1312,1230,900,0.00248,-140,140,1,NO
1313,1482,900,0.03884,-140,140,1,NO
1314,961,901,0.02397,-120,120,1,NO
1315,901,1561,0.00826,-120,120,1,NO
1316,903,902,0.00413,-141,141,1,NO
1317,903,916,0.0157,-140,140,1,NO
1318,1184,903,0.01653,-140,140,1,NO
1319,1201,904,0.0124,-114,114,1,NO
1320,906,905,0.0001,-438,438,1,NO
1321,905,1372,0.00413,-114,114,1,NO
1322,905,1569,0.00579,-114,114,1,NO
1323,1095,906,0.01157,-114,114,1,NO
1324,1570,906,0.00661,-114,114,1,NO
1325,907,1201,0.01488,-114,114,1,NO
1326,908,1203,0.01488,-114,114,1,NO
1327,1387,908,0.00744,-76,76,1,NO
1328,1058,909,0.00992,-120,120,1,NO
1329,1245,909,0.03554,-120,120,1,NO
1330,910,1156,0.01983,-140,140,1,NO
1331,910,1251,0.00744,-140,140,1,NO
1332,911,979,0.0686,-232,232,1,NO
1333,911,1478,0.0405,-232,232,1,NO
1334,912,965,0.04132,-114,114,1,NO
1335,1025,912,0.16198,-114,114,1,NO
1336,1293,912,0.11074,-114,114,1,NO
1337,1294,912,0.11074,-114,114,1,NO
1338,1420,912,0.04628,-114,114,1,NO
1339,912,1572,0.02231,-114,114,1,NO
1340,1454,913,0.06364,-57,57,1,NO
1341,1577,913,0.05124,-57,57,1,NO
1342,1279,914,0.00744,-140,140,1,NO
1343,933,915,0.00248,-114,114,1,NO
1344,1072,915,0.00248,-114,114,1,NO
1345,1095,915,0.01322,-141,141,1,NO
1346,1236,915,0.00826,-114,114,1,NO
1347,934,916,0.00248,-114,114,1,NO
1348,1073,916,0.00248,-114,114,1,NO
1349,1095,916,0.01322,-141,141,1,NO
1350,917,1413,0.06529,-140,140,1,NO
1351,1426,917,0.07273,-85,85,1,NO
1352,1503,918,0.04545,-140,140,1,NO
1353,974,919,0.05455,-120,120,1,NO
1354,919,1049,0.06364,-114,114,1,NO
1355,1077,919,0.02397,-140,140,1,NO
1356,1102,920,0.00826,-120,120,1,NO
1357,920,1343,0.02479,-114,114,1,NO
1358,1575,920,0.05124,-120,120,1,NO
1359,921,1207,0.0281,-114,114,1,NO
1360,921,1344,0.02479,-114,114,1,NO
1361,1513,921,0.06033,-140,140,1,NO
1362,922,923,0.00083,-57,57,1,NO
1363,924,1071,0.01901,-140,140,1,NO
1364,925,926,0.00165,-114,114,1,NO
1365,926,1190,0.05041,-140,140,1,NO
1366,927,928,0.00331,-140,140,1,NO
1367,1220,928,0.00826,-140,140,1,NO
1368,929,1139,0.02645,-114,114,1,NO
1369,929,1240,0.01157,-120,120,1,NO
1370,1410,929,0.04215,-90,90,1,NO
1371,1138,930,0.00826,-114,114,1,NO
1372,932,931,0.00165,-140,140,1,NO
1373,932,1381,0.00331,-140,140,1,NO
1374,1452,932,0.00579,-140,140,1,NO
1375,935,936,0.00248,-114,114,1,NO
1376,1235,936,0.01322,-120,120,1,NO
1377,936,1565,0.00496,-85,85,1,NO
1378,937,938,0.00083,-114,114,1,NO
1379,1095,938,0.00413,-114,114,1,NO
1380,938,1531,0.00579,-114,114,1,NO
1381,939,1416,0.02727,-140,140,1,NO
1382,1513,939,0.00826,-140,140,1,NO
1383,940,944,0.00083,-114,114,1,NO
1384,941,944,0.00083,-114,114,1,NO
1385,957,942,0.01983,-104,104,1,NO
1386,942,1096,0.00496,-114,114,1,NO
1387,1274,943,0.01653,-120,120,1,NO
1388,1539,943,0.00744,-120,120,1,NO
1389,944,1117,0.01488,-140,140,1,NO
1390,944,1591,0.0124,-140,140,1,NO
1391,947,1229,0.00744,-120,120,1,NO
1392,948,1199,0.01736,-140,140,1,NO
1393,1256,948,0.02727,-140,140,1,NO
1394,1087,949,0.01405,-140,140,1,NO
1395,949,1422,0.0314,-140,140,1,NO
1396,950,979,0.00248,-57,57,1,NO
1397,951,978,0.00248,-57,57,1,NO
1398,953,952,0.00331,-90,90,1,NO
1399,953,1075,0.03471,-140,140,1,NO
1400,1184,953,0.01736,-114,114,1,NO
1401,954,968,0.0438,-57,57,1,NO
1402,997,955,0.01653,-140,140,1,NO
1403,997,956,0.00992,-140,140,1,NO
1404,1063,957,0.01074,-140,140,1,NO
1405,1469,958,0.00744,-57,57,1,NO
1406,1168,959,0.07521,-57,57,1,NO
1407,1350,959,0.08264,-57,57,1,NO
1408,960,961,0.00579,-28,28,1,NO
1409,1282,961,0.00661,-114,114,1,NO
1410,978,962,0.03636,-114,114,1,NO
1411,1581,962,0.07273,-57,57,1,NO
1412,963,1331,0.00909,-120,120,1,NO
1413,1460,963,0.01405,-140,140,1,NO
1414,1338,964,0.03636,-120,120,1,NO
1415,964,1345,0.0405,-120,120,1,NO
1416,965,973,0.01983,-114,114,1,NO
1417,967,966,0.0001,-438,438,1,NO
1418,966,1149,0.09917,-85,85,1,NO
1419,966,1215,0.11983,-114,114,1,NO
1420,1263,966,0.03554,-114,114,1,NO
1421,967,982,0.07686,-90,90,1,NO
1422,1268,967,0.1876,-114,114,1,NO
1423,967,1324,0.01736,-90,90,1,NO
1424,967,1502,0.21074,-114,114,1,NO
1425,979,968,0.12975,-90,90,1,NO
1426,1025,968,0.08926,-57,57,1,NO
1427,1516,968,0.0405,-57,57,1,NO
1428,969,971,0.00083,-114,114,1,NO
1429,972,970,0.00331,-57,57,1,NO
1430,971,1382,0.00248,-114,114,1,NO
1431,972,1235,0.02066,-120,120,1,NO
1432,1384,972,0.00165,-114,114,1,NO
1433,979,973,0.02149,-114,114,1,NO
1434,1480,973,0.00744,-57,57,1,NO
1435,1481,973,0.00744,-57,57,1,NO
1436,974,1431,0.09504,-120,120,1,NO
1437,1354,975,0.01818,-140,140,1,NO
1438,1366,975,0.02149,-114,114,1,NO
1439,976,1415,0.00083,-114,114,1,NO
1440,977,1415,0.00083,-114,114,1,NO
1441,998,978,0.05207,-140,140,1,NO
1442,978,1024,0.19504,-90,90,1,NO
1443,1293,978,0.07603,-114,114,1,NO
1444,1318,978,0.07355,-90,90,1,NO
1445,1478,978,0.0314,-152,152,1,NO
1446,1319,979,0.07355,-90,90,1,NO
1447,979,1501,0.03471,-114,114,1,NO
1448,981,980,0.00413,-57,57,1,NO
1449,981,1292,0.00496,-120,120,1,NO
1450,1402,981,0.06116,-120,120,1,NO
1451,982,1470,0.07025,-90,90,1,NO
1452,985,983,0.00496,-90,90,1,NO
1453,986,984,0.00413,-140,140,1,NO
1454,1058,985,0.01074,-120,120,1,NO
1455,985,1306,0.00413,-120,120,1,NO
1456,1307,986,0.00413,-140,140,1,NO
1457,987,989,0.00744,-114,114,1,NO
1458,988,990,0.00661,-114,114,1,NO
1459,989,996,0.02314,-120,120,1,NO
1460,1125,989,0.00083,-114,114,1,NO
1461,1126,990,0.00083,-114,114,1,NO
1462,1501,991,0.05289,-114,114,1,NO
1463,1183,992,0.01405,-140,140,1,NO
1464,992,1459,0.00165,-140,140,1,NO
1465,994,993,0.0001,-438,438,1,NO
1466,994,1289,0.02479,-57,57,1,NO
1467,1407,994,0.06033,-57,57,1,NO
1468,1017,995,0.03802,-114,114,1,NO
1469,1112,995,0.00496,-140,140,1,NO
1470,1145,995,0.02645,-140,140,1,NO
1471,1378,995,0.00909,-140,140,1,NO
1472,1539,995,0.02314,-140,140,1,NO
1473,1401,996,0.02727,-114,114,1,NO
1474,1111,997,0.00331,-140,140,1,NO
1475,1127,997,0.02562,-120,120,1,NO
1476,1222,997,0.02562,-120,120,1,NO
1477,1572,998,0.01074,-114,114,1,NO
1478,1241,999,0.0157,-90,90,1,NO
1479,999,1311,0.02975,-114,114,1,NO
1480,1000,1556,0.00165,-57,57,1,NO
1481,1001,1556,0.00165,-57,57,1,NO
1482,1002,1003,0.00496,-120,120,1,NO
1483,1003,1491,0.01157,-140,140,1,NO
1484,1008,1004,0.00909,-90,90,1,NO
1485,1005,1007,0.00248,-76,76,1,NO
1486,1006,1008,0.00083,-140,140,1,NO
1487,1007,1010,0.00413,-90,90,1,NO
1488,1553,1007,0.00661,-90,90,1,NO
1489,1552,1008,0.00661,-90,90,1,NO
1490,1371,1009,0.00083,-90,90,1,NO
1491,1552,1011,0.0157,-90,90,1,NO
1492,1193,1012,0.04132,-90,90,1,NO
1493,1553,1012,0.05702,-90,90,1,NO
1494,1014,1017,0.00165,-114,114,1,NO
1495,1015,1019,0.00331,-114,114,1,NO
1496,1016,1018,0.00165,-114,114,1,NO
1497,1191,1017,0.00331,-114,114,1,NO
1498,1192,1018,0.00248,-114,114,1,NO
1499,1018,1401,0.0124,-114,114,1,NO
1500,1019,1191,0.00248,-114,114,1,NO
1501,1287,1019,0.02149,-114,114,1,NO
1502,1020,1522,0.00909,-114,114,1,NO
1503,1021,1136,0.0157,-140,140,1,NO
1504,1468,1021,0.00083,-90,90,1,NO
1505,1230,1022,0.00413,-90,90,1,NO
1506,1231,1023,0.00413,-90,90,1,NO
1507,1025,1024,0.0001,-438,438,1,NO
1508,1308,1024,0.03223,-57,57,1,NO
1509,2083,1024,0.12066,-90,90,1,NO
1510,1872,1025,0.06612,-90,90,1,NO
1511,1153,1026,0.02314,-114,114,1,NO
1512,1583,1026,0.00744,-120,120,1,NO
1513,1216,1027,0.00661,-57,57,1,NO
1514,1216,1028,0.00661,-90,90,1,NO
1515,1217,1029,0.00661,-90,90,1,NO
1516,1031,1030,0.0001,-438,438,1,NO
1517,1524,1030,0.01322,-114,114,1,NO
1518,1216,1031,0.00661,-114,114,1,NO
1519,1524,1032,0.00579,-114,114,1,NO
1520,1523,1033,0.00579,-114,114,1,NO
1521,1217,1034,0.00248,-120,120,1,NO
1522,1216,1035,0.00248,-120,120,1,NO
1523,1217,1036,0.00248,-114,114,1,NO
1524,1523,1037,0.00248,-114,114,1,NO
1525,1524,1038,0.00248,-114,114,1,NO
1526,1040,1039,0.0001,-438,438,1,NO
1527,1216,1039,0.0124,-114,114,1,NO
1528,1524,1040,0.00496,-114,114,1,NO
1529,1041,1043,0.00083,-120,120,1,NO
1530,1044,1042,0.00083,-120,120,1,NO
1531,1142,1043,0.09008,-120,120,1,NO
1532,1043,1217,0.00992,-120,120,1,NO
1533,1044,1217,0.00992,-120,120,1,NO
1534,1523,1044,0.01736,-120,120,1,NO
1535,1306,1045,0.00248,-114,114,1,NO
1536,1536,1045,0.01157,-140,140,1,NO
1537,1046,1050,0.01322,-114,114,1,NO
1538,1047,1050,0.01157,-114,114,1,NO
1539,1048,1049,0.00331,-114,114,1,NO
1540,1049,1450,0.02645,-120,120,1,NO
1541,1147,1050,0.02149,-114,114,1,NO
1542,1071,1051,0.02727,-140,140,1,NO
1543,1440,1051,0.01074,-120,120,1,NO
1544,1436,1052,0.00413,-140,140,1,NO
1545,1439,1052,0.00909,-120,120,1,NO
1546,1083,1053,0.03058,-114,114,1,NO
1547,1223,1053,0.01653,-114,114,1,NO
1548,1243,1053,0.03223,-114,114,1,NO
1549,1266,1053,0.00413,-114,114,1,NO
1550,1161,1054,0.04628,-140,140,1,NO
1551,1436,1054,0.01488,-114,114,1,NO
1552,1450,1054,0.0157,-114,114,1,NO
1553,1055,1079,0.10331,-90,90,1,NO
1554,1489,1055,0.1314,-90,90,1,NO
1555,1056,1057,0.00083,-120,120,1,NO
1556,1057,1083,0.00992,-140,140,1,NO
1557,1237,1059,0.00496,-140,140,1,NO
1558,1059,1331,0.00413,-140,140,1,NO
1559,1061,1063,0.00083,-140,140,1,NO
1560,1062,1095,0.01157,-140,140,1,NO
1561,1464,1063,0.01322,-104,104,1,NO
1562,1064,1065,0.01074,-140,140,1,NO
1563,1065,1284,0.0124,-120,120,1,NO
1564,1549,1065,0.04298,-120,120,1,NO
1565,1425,1066,0.00496,-140,140,1,NO
1566,1589,1066,0.00826,-140,140,1,NO
1567,1067,1069,0.00165,-120,120,1,NO
1568,1070,1068,0.00248,-120,120,1,NO
1569,1069,1390,0.02066,-120,120,1,NO
1570,1546,1069,0.01157,-120,120,1,NO
1571,1070,1326,0.02231,-120,120,1,NO
1572,1356,1070,0.01322,-120,120,1,NO
1573,1133,1074,0.03967,-120,120,1,NO
1574,1552,1074,0.06198,-120,120,1,NO
1575,1335,1075,0.01074,-140,140,1,NO
1576,1120,1078,0.1157,-114,114,1,NO
1577,1080,1081,0.00083,-114,114,1,NO
1578,1184,1081,0.02314,-114,114,1,NO
1579,1081,1385,0.00909,-140,140,1,NO
1580,1099,1082,0.00661,-120,120,1,NO
1581,1119,1082,0.00083,-120,120,1,NO
1582,1082,1266,0.02645,-114,114,1,NO
1583,1138,1084,0.05207,-114,114,1,NO
1584,1084,1343,0.03223,-114,114,1,NO
1585,1233,1085,0.00661,-120,120,1,NO
1586,1244,1086,0.06116,-140,140,1,NO
1587,1086,1328,0.0686,-140,140,1,NO
1588,1087,1557,0.03306,-120,120,1,NO
1589,1088,1182,0.09504,-85,85,1,NO
1590,1088,1219,0.01983,-120,120,1,NO
1591,1088,1593,0.01653,-140,140,1,NO
1592,1431,1089,0.04132,-114,114,1,NO
1593,1574,1089,0.05207,-114,114,1,NO
1594,1090,1092,0.00992,-66,66,1,NO
1595,1091,1093,0.0124,-61,61,1,NO
1596,1428,1092,0.02975,-114,114,1,NO
1597,1092,1489,0.05785,-57,57,1,NO
1598,1429,1093,0.02893,-114,114,1,NO
1599,1093,1489,0.0405,-57,57,1,NO
1600,1094,1491,0.01074,-140,140,1,NO
1601,1545,1094,0.01322,-140,140,1,NO
1602,1511,1095,0.00496,-140,140,1,NO
1603,1095,1532,0.00909,-140,140,1,NO
1604,1220,1096,0.01736,-140,140,1,NO
1605,1096,1403,0.00826,-140,140,1,NO
1606,1096,1492,0.00579,-140,140,1,NO
1607,1495,1096,0.01322,-140,140,1,NO
1608,1096,1510,0.00496,-140,140,1,NO
1609,1098,1097,0.0001,-438,438,1,NO
1610,1120,1097,0.06116,-120,120,1,NO
1611,1097,1471,0.01157,-28,28,1,NO
1612,1098,1419,0.01405,-114,114,1,NO
1613,1098,1472,0.01157,-57,57,1,NO
1614,1237,1099,0.00909,-120,120,1,NO
1615,1100,1101,0.00083,-120,120,1,NO
1616,1101,1232,0.00579,-140,140,1,NO
1617,1374,1101,0.01983,-140,140,1,NO
1618,1102,1585,0.02479,-90,90,1,NO
1619,1571,1103,0.04215,-120,120,1,NO
1620,1104,1190,0.01653,-90,90,1,NO
1621,1359,1104,0.03223,-90,90,1,NO
1622,1167,1105,0.04711,-120,120,1,NO
1623,1166,1106,0.04711,-120,120,1,NO
1624,1170,1106,0.05124,-90,90,1,NO
1625,1108,1107,0.0001,-438,438,1,NO
1626,1107,1343,0.06198,-114,114,1,NO
1627,1108,1451,0.00992,-120,120,1,NO
1628,1111,1109,0.00165,-90,90,1,NO
1629,1112,1110,0.00165,-120,120,1,NO
1630,1535,1111,0.01405,-140,140,1,NO
1631,1275,1112,0.02231,-140,140,1,NO
1632,1113,1511,0.00165,-140,140,1,NO
1633,1114,1267,0.02397,-76,76,1,NO
1634,1114,1354,0.01074,-140,140,1,NO
1635,1114,1409,0.09174,-57,57,1,NO
1636,1483,1114,0.02149,-120,120,1,NO
1637,1115,1181,0.04298,-120,120,1,NO
1638,1484,1115,0.01901,-120,120,1,NO
1639,1500,1115,0.00992,-90,90,1,NO
1640,1285,1116,0.02562,-140,140,1,NO
1641,1117,1538,0.03719,-114,114,1,NO
1642,1118,1119,0.00826,-90,90,1,NO
1643,1271,1119,0.01983,-120,120,1,NO
1644,1301,1120,0.04298,-114,114,1,NO
1645,1571,1120,0.00826,-114,114,1,NO
1646,1121,1231,0.04793,-120,120,1,NO
1647,1121,1553,0.10496,-120,120,1,NO
1648,1143,1122,0.06694,-57,57,1,NO
1649,1169,1122,0.02149,-114,114,1,NO
1650,1283,1122,0.06612,-114,114,1,NO
1651,1342,1123,0.07025,-90,90,1,NO
1652,1528,1123,0.05041,-57,57,1,NO
1653,1127,1124,0.00909,-90,90,1,NO
1654,1452,1127,0.01488,-120,120,1,NO
1655,1128,1129,0.00992,-140,140,1,NO
1656,1553,1129,0.08182,-114,114,1,NO
1657,1130,1131,0.00083,-114,114,1,NO
1658,1232,1131,0.00124,-120,120,1,NO
1659,1131,1383,0.02314,-120,120,1,NO
1660,1132,1195,0.00661,-114,114,1,NO
1661,1532,1132,0.02975,-114,114,1,NO
1662,1430,1133,0.06612,-120,120,1,NO
1663,1512,1136,0.04132,-140,140,1,NO
1664,1284,1137,0.00331,-76,76,1,NO
1665,1368,1138,0.02066,-114,114,1,NO
1666,1435,1138,0.07107,-114,114,1,NO
1667,1525,1138,0.02893,-120,120,1,NO
1668,1600,1138,0.07603,-114,114,1,NO
1669,1229,1139,0.00909,-114,114,1,NO
1670,1451,1139,0.04298,-120,120,1,NO
1671,1140,1188,0.00661,-140,140,1,NO
1672,1257,1140,0.04132,-140,140,1,NO
1673,1357,1140,0.06364,-140,140,1,NO
1674,1396,1140,0.00579,-140,140,1,NO
1675,1598,1140,0.03884,-140,140,1,NO
1676,1189,1141,0.00661,-152,152,1,NO
1677,1191,1141,0.00165,-140,140,1,NO
1678,1191,1141,0.00165,-140,140,1,NO
1679,1302,1141,0.03884,-140,140,1,NO
1680,1397,1141,0.00413,-152,152,1,NO
1681,1142,1426,0.02066,-120,120,1,NO
1682,1143,1745,0.05041,-57,57,1,NO
1683,1212,1144,0.03223,-114,114,1,NO
1684,1595,1144,0.05785,-114,114,1,NO
1685,1145,1274,0.00661,-140,140,1,NO
1686,1146,1318,0.00992,-90,90,1,NO
1687,1581,1146,0.07521,-90,90,1,NO
1688,1485,1147,0.02562,-114,114,1,NO
1689,1382,1148,0.10579,-120,120,1,NO
1690,1576,1148,0.0686,-120,120,1,NO
1691,1258,1149,0.02066,-114,114,1,NO
1692,1313,1149,0.07107,-114,114,1,NO
1693,1151,1150,0.00165,-140,140,1,NO
1694,1151,1216,0.11488,-120,120,1,NO
1695,1417,1151,0.06529,-120,120,1,NO
1696,1153,1152,0.00744,-90,90,1,NO
1697,1490,1153,0.00083,-140,140,1,NO
1698,1193,1154,0.03636,-114,114,1,NO
1699,1228,1155,0.00826,-120,120,1,NO
1700,1357,1155,0.01488,-120,120,1,NO
1701,1157,1158,0.00083,-140,140,1,NO
1702,1158,1222,0.01405,-120,120,1,NO
1703,1453,1158,0.00083,-140,140,1,NO
1704,1161,1159,0.00826,-90,90,1,NO
1705,1162,1160,0.00826,-90,90,1,NO
1706,1358,1161,0.01983,-140,140,1,NO
1707,1485,1162,0.0157,-140,140,1,NO
1708,1536,1163,0.04132,-140,140,1,NO
1709,1164,1166,0.00124,-120,120,1,NO
1710,1165,1167,0.00124,-120,120,1,NO
1711,1452,1166,0.09421,-120,120,1,NO
1712,1453,1167,0.09421,-120,120,1,NO
1713,1476,1168,0.05207,-57,57,1,NO
1714,1389,1170,0.07025,-90,90,1,NO
1715,1269,1171,0.06116,-90,90,1,NO
1716,1556,1171,0.0157,-140,140,1,NO
1717,1172,1539,0.00496,-114,114,1,NO
1718,1175,1580,0.00744,-120,120,1,NO
1719,1176,1178,0.00124,-90,90,1,NO
1720,1177,1580,0.02893,-90,90,1,NO
1721,1384,1179,0.05289,-120,120,1,NO
1722,1522,1179,0.00579,-114,114,1,NO
1723,1365,1180,0.01736,-114,114,1,NO
1724,1181,1190,0.04711,-120,120,1,NO
1725,1182,1448,0.0314,-140,140,1,NO
1726,1182,1449,0.0314,-140,140,1,NO
1727,1463,1182,0.01488,-120,120,1,NO
1728,1194,1183,0.00744,-114,114,1,NO
1729,1183,1315,0.01901,-112,112,1,NO
1730,1183,1460,0.01074,-114,114,1,NO
1731,1183,1488,0.0157,-112,112,1,NO
1732,1236,1184,0.02727,-141,141,1,NO
1733,1367,1185,0.03471,-90,90,1,NO
1734,1489,1185,0.02479,-90,90,1,NO
1735,1188,1186,0.00579,-90,90,1,NO
1736,1187,1189,0.00579,-90,90,1,NO
1737,1188,1256,0.03471,-140,140,1,NO
1738,1380,1189,0.02975,-232,232,1,NO
1739,1473,1190,0.00579,-90,90,1,NO
1740,1474,1190,0.00496,-90,90,1,NO
1741,1209,1192,0.04545,-114,114,1,NO
1742,1192,1282,0.0719,-120,120,1,NO
1743,1192,1288,0.02397,-114,114,1,NO
1744,1192,1578,0.04628,-114,114,1,NO
1745,1576,1193,0.07025,-90,90,1,NO
1746,1534,1194,0.03306,-114,114,1,NO
1747,1195,1278,0.00744,-114,114,1,NO
1748,1353,1196,0.01074,-114,114,1,NO
1749,1199,1197,0.00909,-90,90,1,NO
1750,1200,1198,0.00909,-90,90,1,NO
1751,1200,1355,0.00909,-140,140,1,NO
1752,1517,1200,0.01901,-140,140,1,NO
1753,1202,1201,0.0001,-438,438,1,NO
1754,1373,1201,0.0157,-114,114,1,NO
1755,1527,1201,0.0124,-114,114,1,NO
1756,1202,1338,0.0124,-114,114,1,NO
1757,1523,1202,0.01901,-114,114,1,NO
1758,1325,1203,0.00661,-114,114,1,NO
1759,1203,1345,0.02645,-114,114,1,NO
1760,1524,1203,0.01901,-114,114,1,NO
1761,1204,1279,0.00661,-114,114,1,NO
1762,1536,1204,0.02975,-140,140,1,NO
1763,1205,1380,0.02231,-114,114,1,NO
1764,1599,1206,0.00331,-114,114,1,NO
1765,1208,1209,0.00083,-114,114,1,NO
1766,1479,1209,0.00165,-140,140,1,NO
1767,1210,1345,0.00579,-96,96,1,NO
1768,1211,1346,0.00579,-96,96,1,NO
1769,1213,1212,0.0001,-438,438,1,NO
1770,1280,1212,0.01983,-114,114,1,NO
1771,1212,1582,0.00248,-140,140,1,NO
1772,1281,1213,0.01983,-114,114,1,NO
1773,1336,1213,0.05372,-114,114,1,NO
1774,1213,1593,0.00413,-140,140,1,NO
1775,1594,1213,0.00496,-120,120,1,NO
1776,1214,1504,0.02397,-140,140,1,NO
1777,1249,1215,0.09008,-85,85,1,NO
1778,1348,1217,0.05455,-114,114,1,NO
1779,1444,1217,0.0438,-85,85,1,NO
1780,1219,1218,0.00579,-120,120,1,NO
1781,1219,1505,0.0314,-120,120,1,NO
1782,1222,1221,0.00909,-90,90,1,NO
1783,1250,1223,0.0281,-140,140,1,NO
1784,1224,1226,0.00413,-90,90,1,NO
1785,1225,1227,0.00413,-90,90,1,NO
1786,1261,1226,0.0157,-114,114,1,NO
1787,1226,1383,0.02893,-114,114,1,NO
1788,1227,1260,0.0157,-114,114,1,NO
1789,1228,1368,0.0157,-114,114,1,NO
1790,1498,1230,0.02479,-120,120,1,NO
1791,1499,1231,0.02479,-120,120,1,NO
1792,1233,1312,0.03058,-140,140,1,NO
1793,1363,1233,0.02562,-120,120,1,NO
1794,1233,1382,0.02562,-120,120,1,NO
1795,1526,1233,0.00496,-120,120,1,NO
1796,1599,1233,0.02066,-140,140,1,NO
1797,1347,1234,0.06694,-90,90,1,NO
1798,1564,1234,0.01157,-90,90,1,NO
1799,1239,1238,0.00165,-90,90,1,NO
1800,1239,1535,0.01653,-140,140,1,NO
1801,1565,1239,0.00744,-140,140,1,NO
1802,1518,1241,0.03636,-90,90,1,NO
1803,1243,1242,0.00083,-140,140,1,NO
1804,1251,1243,0.00661,-140,140,1,NO
1805,1244,1311,0.06281,-114,114,1,NO
1806,1244,1326,0.02149,-120,120,1,NO
1807,1244,1330,0.01736,-120,120,1,NO
1808,1546,1244,0.03388,-120,120,1,NO
1809,1291,1245,0.09339,-120,120,1,NO
1810,1327,1245,0.03802,-120,120,1,NO
1811,1245,1425,0.00826,-120,120,1,NO
1812,1246,1248,0.00248,-114,114,1,NO
1813,1247,1375,0.00496,-114,114,1,NO
1814,1248,1375,0.00331,-114,114,1,NO
1815,1390,1248,0.01818,-114,114,1,NO
1816,1427,1249,0.04711,-85,85,1,NO
1817,1251,1250,0.0001,-438,438,1,NO
1818,1250,1271,0.00826,-120,120,1,NO
1819,1290,1250,0.00579,-140,140,1,NO
1820,1310,1250,0.01983,-140,140,1,NO
1821,1250,1403,0.01405,-140,140,1,NO
1822,1251,1487,0.00744,-140,140,1,NO
1823,1514,1252,0.00496,-120,120,1,NO
1824,1514,1253,0.00083,-120,120,1,NO
1825,1253,1544,0.0157,-120,120,1,NO
1826,1256,1254,0.01322,-75,75,1,NO
1827,1257,1255,0.01322,-75,75,1,NO
1828,1508,1257,0.02397,-140,140,1,NO
1829,1259,1336,0.00579,-90,90,1,NO
1830,1259,1563,0.00744,-90,90,1,NO
1831,1260,1261,0.00083,-114,114,1,NO
1832,1340,1261,0.00909,-90,90,1,NO
1833,1337,1262,0.07025,-57,57,1,NO
1834,1528,1262,0.08264,-57,57,1,NO
1835,1264,1265,0.01074,-114,114,1,NO
1836,1313,1265,0.1,-114,114,1,NO
1837,1265,1503,0.17934,-114,114,1,NO
1838,1292,1267,0.03719,-120,120,1,NO
1839,1543,1269,0.03471,-90,90,1,NO
1840,1270,1271,0.00165,-120,120,1,NO
1841,1272,1274,0.00083,-90,90,1,NO
1842,1273,1275,0.00083,-90,90,1,NO
1843,1545,1275,0.00331,-140,140,1,NO
1844,1392,1276,0.02231,-140,140,1,NO
1845,1536,1276,0.01157,-140,140,1,NO
1846,1277,1339,0.01074,-140,140,1,NO
1847,1500,1277,0.00992,-140,140,1,NO
1848,1569,1278,0.01488,-114,114,1,NO
1849,1454,1283,0.02562,-90,90,1,NO
1850,1296,1284,0.01322,-90,90,1,NO
1851,1417,1284,0.04463,-85,85,1,NO
1852,1298,1285,0.0124,-120,120,1,NO
1853,1285,1408,0.00413,-140,140,1,NO
1854,1286,1288,0.00083,-140,140,1,NO
1855,1290,1495,0.0124,-140,140,1,NO
1856,1291,1435,0.00909,-114,114,1,NO
1857,1467,1293,0.06281,-120,120,1,NO
1858,1577,1293,0.06116,-120,120,1,NO
1859,1577,1294,0.06116,-120,120,1,NO
1860,1295,1328,0.00909,-140,140,1,NO
1861,1475,1295,0.02479,-140,140,1,NO
1862,1297,1298,0.01322,-140,140,1,NO
1863,1418,1298,0.03223,-120,120,1,NO
1864,1342,1301,0.10248,-114,114,1,NO
1865,1507,1303,0.02397,-140,140,1,NO
1866,1303,1598,0.0157,-140,140,1,NO
1867,1306,1304,0.00083,-114,114,1,NO
1868,1305,1307,0.00083,-114,114,1,NO
1869,1538,1307,0.01322,-140,140,1,NO
1870,1308,1420,0.10909,-114,114,1,NO
1871,1309,1562,0.09587,-57,57,1,NO
1872,1309,1802,0.03719,-114,114,1,NO
1873,1462,1310,0.00496,-140,140,1,NO
1874,1311,1329,0.06694,-140,140,1,NO
1875,1315,1314,0.00413,-57,57,1,NO
1876,1318,1316,0.00579,-19,19,1,NO
1877,1319,1317,0.00579,-19,19,1,NO
1878,1580,1319,0.07355,-90,90,1,NO
1879,1321,1323,0.00083,-140,140,1,NO
1880,1322,1476,0.0281,-90,90,1,NO
1881,1360,1323,0.00124,-90,90,1,NO
1882,1538,1329,0.0843,-114,114,1,NO
1883,1587,1329,0.01405,-120,120,1,NO
1884,1330,1587,0.00331,-120,120,1,NO
1885,1334,1332,0.00661,-120,120,1,NO
1886,1333,1335,0.00744,-120,120,1,NO
1887,1374,1335,0.01157,-140,140,1,NO
1888,1503,1339,0.01901,-140,140,1,NO
1889,1341,1468,0.0157,-90,90,1,NO
1890,1344,1343,0.0001,-438,438,1,NO
1891,1574,1343,0.07686,-114,114,1,NO
1892,1520,1344,0.06198,-140,140,1,NO
1893,1426,1346,0.08926,-85,85,1,NO
1894,1527,1346,0.01488,-114,114,1,NO
1895,1579,1346,0.04132,-120,120,1,NO
1896,1553,1347,0.03223,-90,90,1,NO
1897,1452,1351,0.00744,-140,140,1,NO
1898,1494,1351,0.06116,-140,140,1,NO
1899,1352,1353,0.00826,-57,57,1,NO
1900,1539,1353,0.00165,-114,114,1,NO
1901,1356,1390,0.01653,-120,120,1,NO
1902,1476,1360,0.0124,-90,90,1,NO
1903,1362,1361,0.00413,-57,57,1,NO
1904,1362,1570,0.0124,-114,114,1,NO
1905,1363,1499,0.02149,-120,120,1,NO
1906,1364,1365,0.00083,-120,120,1,NO
1907,1502,1366,0.01818,-140,140,1,NO
1908,1432,1367,0.17025,-90,90,1,NO
1909,1533,1369,0.05041,-114,114,1,NO
1910,1369,1601,0.09008,-114,114,1,NO
1911,1371,1370,0.00083,-90,90,1,NO
1912,1552,1371,0.01074,-90,90,1,NO
1913,1524,1373,0.05289,-120,120,1,NO
1914,1376,1375,0.0001,-438,438,1,NO
1915,1445,1375,0.01488,-114,114,1,NO
1916,1376,1392,0.00331,-114,114,1,NO
1917,1376,1538,0.05702,-114,114,1,NO
1918,1377,1378,0.00579,-90,90,1,NO
1919,1540,1378,0.01405,-140,140,1,NO
1920,1388,1379,0.00992,-114,114,1,NO
1921,1381,1512,0.00826,-140,140,1,NO
1922,1383,1382,0.0001,-438,438,1,NO
1923,1383,1482,0.0438,-114,114,1,NO
1924,1576,1383,0.11983,-120,120,1,NO
1925,1384,1565,0.03223,-120,120,1,NO
1926,1426,1386,0.03223,-120,120,1,NO
1927,1552,1388,0.07769,-114,114,1,NO
1928,1537,1389,0.03636,-114,114,1,NO
1929,1391,1392,0.00331,-140,140,1,NO
1930,1394,1393,0.0001,-438,438,1,NO
1931,1502,1394,0.13388,-85,85,1,NO
1932,1395,1397,0.00165,-140,140,1,NO
1933,1443,1397,0.05207,-140,140,1,NO
1934,1416,1398,0.00826,-140,140,1,NO
1935,1398,1544,0.01405,-140,140,1,NO
1936,1465,1399,0.02397,-89,89,1,NO
1937,1584,1399,0.02645,-140,140,1,NO
1938,1400,1401,0.00661,-114,114,1,NO
1939,1539,1404,0.00744,-120,120,1,NO
1940,1540,1405,0.00744,-120,120,1,NO
1941,1406,1407,0.00331,-19,19,1,NO
1942,1581,1407,0.20083,-90,90,1,NO
1943,1411,1408,0.01074,-140,140,1,NO
1944,1410,1601,0.0314,-90,90,1,NO
1945,1412,1413,0.00744,-140,140,1,NO
1946,1413,1556,0.04793,-140,140,1,NO
1947,1430,1414,0.04793,-85,85,1,NO
1948,1415,1453,0.03223,-114,114,1,NO
1949,1537,1415,0.0562,-140,140,1,NO
1950,1416,1440,0.05537,-120,120,1,NO
1951,1514,1416,0.02727,-140,140,1,NO
1952,1551,1416,0.01322,-140,140,1,NO
1953,1417,1548,0.05207,-85,85,1,NO
1954,1550,1418,0.01322,-140,140,1,NO
1955,1422,1421,0.0001,-438,438,1,NO
1956,1421,1423,0.03802,-140,140,1,NO
1957,1423,1463,0.02066,-120,120,1,NO
1958,1445,1424,0.01157,-140,140,1,NO
1959,1489,1426,0.23719,-114,114,1,NO
1960,1431,1427,0.00661,-152,152,1,NO
1961,1432,1427,0.00413,-152,152,1,NO
1962,1595,1430,0.02645,-114,114,1,NO
1963,1432,1431,0.0001,-438,438,1,NO
1964,1489,1431,0.23388,-114,114,1,NO
1965,1576,1433,0.00331,-57,57,1,NO
1966,1577,1434,0.00331,-57,57,1,NO
1967,1475,1435,0.03388,-90,90,1,NO
1968,1435,1518,0.02479,-90,90,1,NO
1969,1439,1437,0.0157,-90,90,1,NO
1970,1440,1438,0.0157,-90,90,1,NO
1971,1513,1439,0.04628,-120,120,1,NO
1972,1441,1443,0.00744,-114,114,1,NO
1973,1539,1442,0.00744,-140,140,1,NO
1974,1540,1443,0.02397,-114,114,1,NO
1975,1448,1446,0.00826,-90,90,1,NO
1976,1449,1447,0.00826,-90,90,1,NO
1977,1455,1504,0.01488,-232,232,1,NO
1978,1456,1504,0.01488,-232,232,1,NO
1979,1457,1459,0.00083,-140,140,1,NO
1980,1460,1458,0.00579,-140,140,1,NO
1981,1533,1461,0.06529,-114,114,1,NO
1982,1600,1461,0.01488,-90,90,1,NO
1983,1466,1482,0.01322,-114,114,1,NO
1984,1470,1469,0.0001,-438,438,1,NO
1985,1469,1515,0.11983,-114,114,1,NO
1986,1469,1554,0.01157,-90,90,1,NO
1987,1470,1555,0.01157,-90,90,1,NO
1988,1477,1574,0.05372,-90,90,1,NO
1989,1503,1483,0.02893,-120,120,1,NO
1990,1502,1484,0.03058,-140,140,1,NO
1991,1549,1486,0.00331,-120,120,1,NO
1992,1492,1487,0.01074,-140,140,1,NO
1993,1491,1490,0.0001,-438,438,1,NO
1994,1493,1494,0.00579,-140,140,1,NO
1995,1537,1494,0.03388,-140,140,1,NO
1996,1496,1498,0.00579,-75,75,1,NO
1997,1497,1499,0.00579,-75,75,1,NO
1998,1526,1498,0.02975,-120,120,1,NO
1999,1503,1502,0.0001,-438,438,1,NO
2000,1515,1502,0.03802,-140,140,1,NO
2001,1534,1504,0.03223,-120,120,1,NO
2002,1542,1505,0.0124,-140,140,1,NO
2003,1505,1557,0.0314,-120,120,1,NO
2004,1508,1506,0.01322,-114,114,1,NO
2005,1517,1506,0.00992,-140,140,1,NO
2006,1517,1507,0.03058,-114,114,1,NO
2007,1509,1511,0.00165,-140,140,1,NO
2008,1517,1584,0.02645,-140,140,1,NO
2009,1541,1518,0.04628,-114,114,1,NO
2010,1519,1520,0.00826,-90,90,1,NO
2011,1521,1522,0.00083,-90,90,1,NO
2012,1529,1531,0.00124,-114,114,1,NO
2013,1530,1532,0.00248,-114,114,1,NO
2014,1583,1540,0.0124,-120,120,1,NO
2015,1548,1547,0.00331,-28,28,1,NO
2016,1548,1579,0.05289,-120,120,1,NO
2017,1578,1560,0.02066,-140,140,1,NO
2018,1592,1560,0.00083,-140,140,1,NO
2019,1563,1564,0.00165,-90,90,1,NO
2020,1565,1573,0.01736,-140,140,1,NO
2021,1567,1569,0.00083,-114,114,1,NO
2022,1568,1570,0.00083,-140,140,1,NO
2023,1581,1580,0.0001,-438,438,1,NO
2024,1586,1582,0.00496,-140,140,1,NO
2025,1588,1589,0.00992,-140,140,1,NO
2026,1590,1592,0.01405,-140,140,1,NO
2027,1729,1602,0.03736,-120,120,1,NO
2028,2001,1602,0.01413,-120,120,1,NO
2029,1605,1603,0.02349,-68,68,1,NO
2030,1759,1603,0.08107,-120,120,1,NO
2031,2103,1603,0.00374,-120,120,1,NO
2032,1604,1605,0.00483,-68,68,1,NO
2033,1606,1673,0.01691,-137,137,1,NO
2034,2095,1606,0.02065,-137,137,1,NO
2035,1809,1607,0.07689,-120,120,1,NO
2036,2226,1607,0.10744,-120,120,1,NO
2037,1687,1608,0.04835,-90,90,1,NO
2038,1826,1608,0.02074,-90,90,1,NO
2039,1700,1609,0.11878,-137,137,1,NO
2040,1823,1609,0.13909,-137,137,1,NO
2041,2087,1609,0.05744,-137,137,1,NO
2042,1611,1610,0.0001,-438,438,1,NO
2043,1623,1610,0.01983,-90,90,1,NO
2044,1987,1610,0.04135,-90,90,1,NO
2045,1641,1612,0.0724,-90,90,1,NO
2046,1662,1612,0.00405,-90,90,1,NO
2047,1613,1859,0.01954,-137,137,1,NO
2048,1921,1613,0.00772,-137,137,1,NO
2049,1656,1614,0.03463,-90,90,1,NO
2050,1867,1615,0.0676,-90,90,1,NO
2051,1848,1616,0.02421,-90,90,1,NO
2052,1616,2071,0.03282,-90,90,1,NO
2053,1618,1617,0.0001,-438,438,1,NO
2054,1840,1617,0.12753,-120,120,1,NO
2055,2031,1617,0.02846,-90,90,1,NO
2056,1619,1618,0.02202,-120,120,1,NO
2057,1651,1618,0.09787,-90,90,1,NO
2058,1984,1618,0.04348,-137,137,1,NO
2059,1777,1619,0.03471,-114,114,1,NO
2060,1839,1619,0.14743,-120,120,1,NO
2061,2030,1619,0.01529,-137,137,1,NO
2062,1621,1620,0.0001,-438,438,1,NO
2063,1897,1620,0.00992,-68,68,1,NO
2064,1620,2059,0.01306,-120,120,1,NO
2065,1622,1894,0.01248,-120,120,1,NO
2066,1622,2076,0.01736,-120,120,1,NO
2067,1830,1623,0.05537,-90,90,1,NO
2068,1832,1623,0.0281,-120,120,1,NO
2069,2383,1623,0.10132,-90,90,1,NO
2070,1734,1624,0.05936,-137,137,1,NO
2071,1889,1624,0.04298,-90,90,1,NO
2072,1624,1898,0.03509,-90,90,1,NO
2073,2383,1624,0.10132,-90,90,1,NO
2074,1820,1625,0.07514,-91,91,1,NO
2075,1940,1625,0.05793,-91,91,1,NO
2076,1626,2113,0.03154,-90,90,1,NO
2077,1627,2087,0.09155,-68,68,1,NO
2078,2107,1628,0.02397,-120,120,1,NO
2079,2112,1628,0.00909,-120,120,1,NO
2080,1659,1629,0.05562,-137,137,1,NO
2081,1823,1629,0.06934,-137,137,1,NO
2082,1840,1630,0.0686,-120,120,1,NO
2083,1631,1647,0.09165,-120,120,1,NO
2084,1632,1664,0.00069,-137,137,1,NO
2085,1693,1632,0.01818,-137,137,1,NO
2086,1633,1874,0.04917,-90,90,1,NO
2087,1633,1906,0.0771,-137,137,1,NO
2088,1860,1634,0.05017,-90,90,1,NO
2089,1634,2113,0.04612,-90,90,1,NO
2090,1636,1635,0.0001,-438,438,1,NO
2091,1743,1635,0.06612,-90,90,1,NO
2092,1810,1635,0.04463,-120,120,1,NO
2093,1748,1637,0.04711,-90,90,1,NO
2094,1871,1637,0.05537,-66,66,1,NO
2095,1932,1637,0.04793,-137,137,1,NO
2096,2045,1637,0.00661,-90,90,1,NO
2097,1990,1638,0.04056,-137,137,1,NO
2098,2044,1638,0.00661,-90,90,1,NO
2099,2070,1638,0.02405,-90,90,1,NO
2100,1735,1639,0.07661,-120,120,1,NO
2101,1639,2103,0.07349,-120,120,1,NO
2102,1903,1640,0.03957,-91,91,1,NO
2103,2015,1640,0.10136,-137,137,1,NO
2104,2020,1641,0.07107,-137,137,1,NO
2105,1649,1642,0.05661,-120,120,1,NO
2106,1692,1642,0.04112,-137,137,1,NO
2107,1846,1643,0.13388,-90,90,1,NO
2108,2024,1643,0.09843,-137,137,1,NO
2109,1761,1644,0.07694,-90,90,1,NO
2110,1971,1644,0.0386,-90,90,1,NO
2111,1645,1650,0.10992,-137,137,1,NO
2112,1776,1645,0.06359,-137,137,1,NO
2113,1655,1646,0.01512,-120,120,1,NO
2114,1674,1646,0.00231,-137,137,1,NO
2115,1648,1647,0.0001,-438,438,1,NO
2116,1731,1647,0.01857,-90,90,1,NO
2117,1767,1647,0.04917,-90,90,1,NO
2118,1886,1647,0.02274,-90,90,1,NO
2119,1887,1647,0.02472,-90,90,1,NO
2120,2027,1647,0.00512,-120,120,1,NO
2121,2028,1647,0.00493,-120,120,1,NO
2122,1752,1649,0.04959,-120,120,1,NO
2123,1884,1649,0.11901,-114,114,1,NO
2124,1948,1649,0.22298,-137,137,1,NO
2125,1956,1649,0.0314,-137,137,1,NO
2126,1930,1650,0.01463,-120,120,1,NO
2127,1931,1650,0.06612,-120,120,1,NO
2128,2068,1650,0.07012,-137,137,1,NO
2129,1650,2077,0.02326,-120,120,1,NO
2130,1916,1651,0.04467,-137,137,1,NO
2131,1663,1652,0.05,-90,90,1,NO
2132,1804,1652,0.06744,-90,90,1,NO
2133,1918,1653,0.00537,-137,137,1,NO
2134,2018,1653,0.00595,-137,137,1,NO
2135,1669,1654,0.11367,-91,91,1,NO
2136,1950,1654,0.07545,-91,91,1,NO
2137,1901,1655,0.02198,-137,137,1,NO
2138,1673,1656,0.01785,-91,91,1,NO
2139,1917,1656,0.07467,-91,91,1,NO
2140,1657,2002,0.05157,-137,137,1,NO
2141,2106,1657,0.01797,-90,90,1,NO
2142,1693,1658,0.0676,-137,137,1,NO
2143,1845,1658,0.05504,-76,76,1,NO
2144,1913,1658,0.0186,-90,90,1,NO
2145,1658,2078,0.01025,-76,76,1,NO
2146,1985,1659,0.08264,-137,137,1,NO
2147,1737,1660,0.00529,-137,137,1,NO
2148,1805,1660,0.01,-137,137,1,NO
2149,1667,1661,0.10521,-90,90,1,NO
2150,1804,1661,0.09545,-90,90,1,NO
2151,1788,1662,0.05942,-90,90,1,NO
2152,1826,1662,0.11446,-90,90,1,NO
2153,1992,1663,0.09421,-76,76,1,NO
2154,1665,1664,0.0001,-438,438,1,NO
2155,1664,1775,0.00483,-137,137,1,NO
2156,2020,1664,0.04198,-137,137,1,NO
2157,1667,1666,0.06256,-137,137,1,NO
2158,1983,1666,0.08182,-137,137,1,NO
2159,2038,1667,0.10446,-120,120,1,NO
2160,1668,1743,0.06806,-90,90,1,NO
2161,1797,1668,0.0455,-120,120,1,NO
2162,1670,1669,0.0001,-438,438,1,NO
2163,1700,1669,0.11331,-90,90,1,NO
2164,1758,1669,0.01802,-90,90,1,NO
2165,1671,2060,0.01917,-120,120,1,NO
2166,2059,1672,0.00463,-120,120,1,NO
2167,1851,1673,0.00988,-120,120,1,NO
2168,1986,1673,0.03814,-91,91,1,NO
2169,1854,1674,0.00909,-137,137,1,NO
2170,1893,1674,0.00876,-137,137,1,NO
2171,1918,1674,0.01413,-120,120,1,NO
2172,1684,1675,0.04721,-91,91,1,NO
2173,1675,1917,0.04112,-91,91,1,NO
2174,1864,1676,0.07429,-90,90,1,NO
2175,1945,1676,0.08774,-90,90,1,NO
2176,1907,1677,0.01279,-90,90,1,NO
2177,1926,1678,0.03558,-90,90,1,NO
2178,1757,1679,0.12157,-90,90,1,NO
2179,1998,1679,0.05884,-137,137,1,NO
2180,1681,1680,0.0001,-438,438,1,NO
2181,1921,1680,0.05343,-90,90,1,NO
2182,1960,1680,0.01058,-90,90,1,NO
2183,1997,1680,0.02474,-120,120,1,NO
2184,2012,1680,0.037,-137,137,1,NO
2185,1834,1681,0.02298,-90,90,1,NO
2186,1859,1681,0.02641,-137,137,1,NO
2187,1904,1681,0.03023,-120,120,1,NO
2188,2096,1681,0.03157,-90,90,1,NO
2189,1683,1682,0.02328,-137,137,1,NO
2190,2029,1682,0.04894,-137,137,1,NO
2191,1684,1683,0.0001,-438,438,1,NO
2192,2015,1684,0.14132,-137,137,1,NO
2193,2069,1685,0.07405,-90,90,1,NO
2194,1697,1686,0.03704,-90,90,1,NO
2195,1720,1686,0.00463,-91,91,1,NO
2196,1827,1686,0.04421,-90,90,1,NO
2197,1962,1686,0.09182,-90,90,1,NO
2198,1702,1687,0.00726,-90,90,1,NO
2199,1983,1687,0.08793,-137,137,1,NO
2200,1835,1688,0.11488,-90,90,1,NO
2201,2086,1688,0.06967,-90,90,1,NO
2202,1689,1702,0.0114,-90,90,1,NO
2203,1689,2062,0.01244,-90,90,1,NO
2204,1690,1878,0.09213,-137,137,1,NO
2205,1879,1690,0.05855,-137,137,1,NO
2206,1861,1691,0.08355,-90,90,1,NO
2207,1874,1691,0.03479,-137,137,1,NO
2208,1695,1694,0.0001,-438,438,1,NO
2209,1832,1694,0.04463,-120,120,1,NO
2210,1963,1694,0.08926,-114,114,1,NO
2211,1696,1697,0.00656,-90,90,1,NO
2212,1698,1814,0.12774,-137,137,1,NO
2213,1793,1699,0.17438,-137,137,1,NO
2214,1912,1701,0.03372,-120,120,1,NO
2215,1922,1701,0.01826,-120,120,1,NO
2216,1788,1703,0.04926,-90,90,1,NO
2217,1951,1703,0.05215,-90,90,1,NO
2218,1956,1704,0.08843,-120,120,1,NO
2219,2112,1704,0.10248,-90,90,1,NO
2220,1705,1814,0.1244,-90,90,1,NO
2221,1974,1705,0.01028,-90,90,1,NO
2222,1706,2112,0.00833,-114,114,1,NO
2223,1707,2113,0.00833,-114,114,1,NO
2224,2113,1708,0.01488,-120,120,1,NO
2225,2046,1709,0.12397,-90,90,1,NO
2226,2112,1709,0.01488,-120,120,1,NO
2227,1710,1884,0.0076,-68,68,1,NO
2228,1711,1885,0.0076,-68,68,1,NO
2229,1713,1712,0.0001,-438,438,1,NO
2230,1760,1712,0.00397,-274,274,1,NO
2231,1762,1712,0.00397,-160,160,1,NO
2232,2017,1712,0.00793,-171,171,1,NO
2233,2056,1714,0.00248,-90,90,1,NO
2234,1748,1715,0.01983,-90,90,1,NO
2235,1715,2022,0.01591,-90,90,1,NO
2236,1739,1716,0.05165,-90,90,1,NO
2237,1847,1716,0.0295,-90,90,1,NO
2238,1718,1717,0.0001,-438,438,1,NO
2239,1717,1954,0.05623,-9,9,1,NO
2240,1717,1967,0.01653,-120,120,1,NO
2241,1717,2108,0.05678,-114,114,1,NO
2242,2085,1719,0.03744,-137,137,1,NO
2243,2087,1719,0.03942,-137,137,1,NO
2244,2071,1720,0.10398,-90,90,1,NO
2245,1871,1721,0.04628,-68,68,1,NO
2246,1722,1844,0.01256,-57,57,1,NO
2247,1731,1723,0.01322,-90,90,1,NO
2248,1838,1723,0.05124,-90,90,1,NO
2249,1795,1724,0.01331,-137,137,1,NO
2250,1906,1724,0.01944,-137,137,1,NO
2251,1725,1882,0.0238,-68,68,1,NO
2252,1727,1726,0.01215,-137,137,1,NO
2253,1756,1726,0.04967,-91,91,1,NO
2254,1766,1726,0.05207,-90,90,1,NO
2255,1825,1727,0.04959,-120,120,1,NO
2256,1870,1728,0.05769,-137,137,1,NO
2257,2104,1728,0.05314,-137,137,1,NO
2258,1787,1729,0.06364,-120,120,1,NO
2259,1884,1730,0.07686,-76,76,1,NO
2260,1981,1730,0.08182,-90,90,1,NO
2261,2027,1732,0.0157,-120,120,1,NO
2262,1735,1733,0.01421,-120,120,1,NO
2263,1737,1733,0.04298,-120,120,1,NO
2264,1767,1734,0.0595,-120,120,1,NO
2265,1808,1734,0.03048,-68,68,1,NO
2266,1830,1734,0.02314,-90,90,1,NO
2267,2065,1736,0.01752,-90,90,1,NO
2268,1993,1737,0.05694,-137,137,1,NO
2269,1738,1883,0.01512,-68,68,1,NO
2270,1959,1739,0.08174,-90,90,1,NO
2271,1969,1739,0.03232,-90,90,1,NO
2272,1740,2064,0.03616,-137,137,1,NO
2273,1741,1882,0.04942,-90,90,1,NO
2274,1743,1742,0.0001,-438,438,1,NO
2275,1963,1742,0.03471,-90,90,1,NO
2276,1901,1744,0.04628,-137,137,1,NO
2277,1906,1744,0.05405,-137,137,1,NO
2278,1999,1744,0.04446,-91,91,1,NO
2279,2043,1745,0.05463,-90,90,1,NO
2280,1862,1746,0.06221,-90,90,1,NO
2281,1746,2085,0.10231,-137,137,1,NO
2282,1800,1747,0.04711,-90,90,1,NO
2283,2041,1747,0.00579,-90,90,1,NO
2284,2044,1747,0.0438,-90,90,1,NO
2285,2056,1747,0.01893,-90,90,1,NO
2286,2082,1747,0.0405,-90,90,1,NO
2287,2042,1748,0.00579,-90,90,1,NO
2288,2055,1748,0.01893,-90,90,1,NO
2289,2061,1748,0.16529,-76,76,1,NO
2290,2114,1748,0.08182,-90,90,1,NO
2291,1749,1755,0.01263,-114,114,1,NO
2292,1750,1919,0.03219,-114,114,1,NO
2293,1751,2072,0.00103,-90,90,1,NO
2294,1783,1752,0.02893,-120,120,1,NO
2295,1772,1753,0.02645,-120,120,1,NO
2296,1754,1920,0.01795,-114,114,1,NO
2297,1755,1773,0.05563,-137,137,1,NO
2298,1794,1756,0.05438,-91,91,1,NO
2299,1945,1757,0.0581,-90,90,1,NO
2300,1822,1758,0.06339,-90,90,1,NO
2301,1801,1759,0.01922,-120,120,1,NO
2302,1764,1760,0.46322,-80,80,1,NO
2303,1863,1760,0.03289,-120,120,1,NO
2304,1888,1760,0.03405,-120,120,1,NO
2305,1964,1760,0.04179,-120,120,1,NO
2306,1763,1761,0.45248,-80,80,1,NO
2307,1855,1761,0.03207,-120,120,1,NO
2308,1883,1761,0.01545,-240,240,1,NO
2309,2234,1761,0.0876,-68,68,1,NO
2310,1765,1883,0.02322,-68,68,1,NO
2311,1935,1766,0.05207,-90,90,1,NO
2312,1768,1919,0.00449,-114,114,1,NO
2313,1769,1919,0.00449,-114,114,1,NO
2314,1770,1920,0.00449,-114,114,1,NO
2315,1771,2066,0.00347,-120,120,1,NO
2316,1772,1801,0.07269,-120,120,1,NO
2317,1773,2066,0.01388,-120,120,1,NO
2318,1791,1774,0.02187,-120,120,1,NO
2319,1777,1776,0.0001,-438,438,1,NO
2320,1942,1776,0.01893,-76,76,1,NO
2321,1782,1778,0.01653,-137,137,1,NO
2322,1919,1778,0.00661,-137,137,1,NO
2323,1920,1779,0.00661,-137,137,1,NO
2324,2067,1780,0.00103,-90,90,1,NO
2325,1920,1781,0.01818,-120,120,1,NO
2326,2077,1781,0.04096,-120,120,1,NO
2327,1783,1782,0.0001,-438,438,1,NO
2328,1784,1919,0.00937,-120,120,1,NO
2329,2067,1784,0.01969,-90,90,1,NO
2330,1920,1785,0.00937,-120,120,1,NO
2331,1791,1786,0.03058,-120,120,1,NO
2332,2113,1786,0.02727,-120,120,1,NO
2333,1790,1789,0.0001,-438,438,1,NO
2334,1919,1789,0.02479,-137,137,1,NO
2335,2113,1790,0.04207,-120,120,1,NO
2336,1792,1919,0.03193,-120,120,1,NO
2337,1796,1793,0.02207,-91,91,1,NO
2338,1796,1794,0.00413,-90,90,1,NO
2339,1894,1795,0.00479,-120,120,1,NO
2340,1796,1843,0.10455,-90,90,1,NO
2341,1878,1796,0.09752,-120,120,1,NO
2342,1798,1797,0.0001,-438,438,1,NO
2343,1885,1799,0.16851,-90,90,1,NO
2344,1803,1802,0.0001,-438,438,1,NO
2345,1802,2092,0.04826,-120,120,1,NO
2346,2065,1806,0.00959,-90,90,1,NO
2347,1829,1807,0.07851,-137,137,1,NO
2348,1839,1807,0.07769,-120,120,1,NO
2349,1964,1809,0.03929,-120,120,1,NO
2350,1811,1810,0.0001,-438,438,1,NO
2351,2090,1810,0.06942,-120,120,1,NO
2352,1813,1812,0.0001,-438,438,1,NO
2353,1865,1812,0.00413,-34,34,1,NO
2354,1865,1812,0.00413,-34,34,1,NO
2355,1815,1814,0.0001,-438,438,1,NO
2356,1820,1814,0.01322,-91,91,1,NO
2357,1969,1814,0.05589,-90,90,1,NO
2358,2069,1814,0.07041,-90,90,1,NO
2359,1816,2068,0.02083,-137,137,1,NO
2360,1817,2061,0.04628,-76,76,1,NO
2361,1819,1818,0.0124,-120,120,1,NO
2362,1818,2068,0.0118,-137,137,1,NO
2363,1885,1819,0.02562,-120,120,1,NO
2364,1845,1821,0.07355,-137,137,1,NO
2365,1828,1822,0.05818,-90,90,1,NO
2366,1857,1822,0.08512,-137,137,1,NO
2367,1952,1822,0.12917,-137,137,1,NO
2368,1910,1823,0.03744,-90,90,1,NO
2369,2084,1823,0.04661,-137,137,1,NO
2370,1824,1906,0.02383,-90,90,1,NO
2371,1926,1824,0.01279,-90,90,1,NO
2372,1825,2101,0.09653,-120,120,1,NO
2373,1985,1827,0.1038,-90,90,1,NO
2374,2098,1828,0.0219,-90,90,1,NO
2375,1942,1829,0.04132,-120,120,1,NO
2376,1838,1830,0.02727,-90,90,1,NO
2377,1846,1831,0.09164,-90,90,1,NO
2378,1864,1831,0.03802,-90,90,1,NO
2379,1976,1833,0.06,-90,90,1,NO
2380,2047,1833,0.06934,-90,90,1,NO
2381,1960,1834,0.02174,-90,90,1,NO
2382,1944,1835,0.06554,-90,90,1,NO
2383,1975,1836,0.05893,-90,90,1,NO
2384,2102,1836,0.05471,-90,90,1,NO
2385,1962,1837,0.0738,-90,90,1,NO
2386,2102,1837,0.0586,-90,90,1,NO
2387,2010,1839,0.03512,-120,120,1,NO
2388,2100,1839,0.0446,-120,120,1,NO
2389,2010,1840,0.03512,-120,120,1,NO
2390,2032,1841,0.11802,-10,10,1,NO
2391,1842,2054,0.06818,-10,10,1,NO
2392,2000,1843,0.10504,-90,90,1,NO
2393,2070,1844,0.02124,-90,90,1,NO
2394,1939,1845,0.1405,-90,90,1,NO
2395,1945,1845,0.24545,-137,137,1,NO
2396,1992,1846,0.05322,-76,76,1,NO
2397,2080,1846,0.10222,-90,90,1,NO
2398,1925,1847,0.03973,-90,90,1,NO
2399,1939,1848,0.10264,-90,90,1,NO
2400,1849,2071,0.0715,-90,90,1,NO
2401,1945,1850,0.05736,-120,120,1,NO
2402,1991,1850,0.02744,-120,120,1,NO
2403,1918,1852,0.00455,-91,91,1,NO
2404,1926,1853,0.04998,-90,90,1,NO
2405,1986,1853,0.03818,-91,91,1,NO
2406,1924,1854,0.01099,-137,137,1,NO
2407,2101,1855,0.09488,-120,120,1,NO
2408,1986,1856,0.06893,-91,91,1,NO
2409,2047,1856,0.04289,-137,137,1,NO
2410,1858,1998,0.06595,-137,137,1,NO
2411,1862,1860,0.01889,-90,90,1,NO
2412,2093,1861,0.07851,-137,137,1,NO
2413,2023,1863,0.0943,-120,120,1,NO
2414,1866,1865,0.0001,-438,438,1,NO
2415,1949,1865,0.08099,-91,91,1,NO
2416,1963,1865,0.04132,-114,114,1,NO
2417,2090,1865,0.10165,-120,120,1,NO
2418,1946,1867,0.05512,-137,137,1,NO
2419,1880,1868,0.05868,-120,120,1,NO
2420,2105,1868,0.06942,-90,90,1,NO
2421,1877,1869,0.05818,-91,91,1,NO
2422,1978,1869,0.04653,-137,137,1,NO
2423,1881,1873,0.07182,-137,137,1,NO
2424,1994,1873,0.10545,-34,34,1,NO
2425,2013,1873,0.08496,-137,137,1,NO
2426,1873,2070,0.06463,-90,90,1,NO
2427,1876,1875,0.02917,-90,90,1,NO
2428,1877,1875,0.00669,-90,90,1,NO
2429,1878,1876,0.01802,-90,90,1,NO
2430,1877,1880,0.20967,-137,137,1,NO
2431,2065,1877,0.06711,-90,90,1,NO
2432,1935,1878,0.1138,-90,90,1,NO
2433,1932,1880,0.02397,-137,137,1,NO
2434,1947,1880,0.1,-137,137,1,NO
2435,2050,1880,0.02562,-137,137,1,NO
2436,2000,1881,0.04446,-137,137,1,NO
2437,2033,1881,0.11653,-120,120,1,NO
2438,2035,1881,0.02975,-137,137,1,NO
2439,2079,1881,0.02969,-137,137,1,NO
2440,2016,1882,0.02917,-274,274,1,NO
2441,2273,1882,0.20008,-91,91,1,NO
2442,2333,1882,0.09669,-120,120,1,NO
2443,2064,1883,0.05601,-137,137,1,NO
2444,2244,1883,0.18322,-120,120,1,NO
2445,2278,1883,0.11521,-120,120,1,NO
2446,1884,2061,0.04959,-76,76,1,NO
2447,2110,1884,0.05774,-76,76,1,NO
2448,1934,1885,0.07025,-68,68,1,NO
2449,2111,1885,0.04153,-90,90,1,NO
2450,1961,1886,0.02155,-91,91,1,NO
2451,1943,1888,0.04793,-137,137,1,NO
2452,1890,1889,0.0001,-438,438,1,NO
2453,1987,1889,0.02727,-90,90,1,NO
2454,1892,1891,0.0001,-438,438,1,NO
2455,2021,1891,0.01736,-90,90,1,NO
2456,2041,1892,0.01736,-90,90,1,NO
2457,1923,1893,0.03279,-137,137,1,NO
2458,1900,1895,0.0173,-90,90,1,NO
2459,1927,1895,0.02678,-137,137,1,NO
2460,1896,2060,0.00034,-120,120,1,NO
2461,1897,1988,0.04644,-114,114,1,NO
2462,1899,1898,0.0001,-438,438,1,NO
2463,2014,1898,0.02671,-90,90,1,NO
2464,1903,1900,0.03322,-137,137,1,NO
2465,2073,1900,0.0038,-137,137,1,NO
2466,1901,1924,0.00603,-137,137,1,NO
2467,1902,2002,0.08132,-137,137,1,NO
2468,2073,1902,0.06388,-137,137,1,NO
2469,2075,1902,0.03529,-90,90,1,NO
2470,2104,1903,0.11818,-90,90,1,NO
2471,1907,1906,0.0001,-438,438,1,NO
2472,1906,1928,0.02474,-120,120,1,NO
2473,1959,1906,0.04223,-90,90,1,NO
2474,1914,1907,0.14207,-90,90,1,NO
2475,1907,1929,0.02474,-120,120,1,NO
2476,1908,1920,0.0004,-137,137,1,NO
2477,1909,1919,0.00031,-137,137,1,NO
2478,2097,1910,0.01537,-90,90,1,NO
2479,1996,1911,0.05281,-114,114,1,NO
2480,2112,1911,0.08008,-114,114,1,NO
2481,2096,1912,0.02149,-120,120,1,NO
2482,2086,1913,0.02554,-90,90,1,NO
2483,1915,1914,0.0001,-438,438,1,NO
2484,1975,1914,0.05785,-91,91,1,NO
2485,2038,1914,0.08545,-91,91,1,NO
2486,2100,1916,0.04265,-137,137,1,NO
2487,2066,1920,0.00208,-120,120,1,NO
2488,2072,1920,0.03219,-90,90,1,NO
2489,1922,1921,0.0001,-438,438,1,NO
2490,1995,1921,0.02016,-90,90,1,NO
2491,2012,1922,0.01645,-120,120,1,NO
2492,2080,1922,0.03074,-90,90,1,NO
2493,2076,1923,0.01029,-120,120,1,NO
2494,1933,1925,0.02164,-90,90,1,NO
2495,2073,1927,0.01264,-137,137,1,NO
2496,2018,1929,0.01405,-137,137,1,NO
2497,1930,2074,0.03325,-90,90,1,NO
2498,1977,1931,0.06942,-137,137,1,NO
2499,2095,1933,0.01942,-120,120,1,NO
2500,1988,1934,0.08678,-68,68,1,NO
2501,1936,2044,0.00902,-137,137,1,NO
2502,1937,2045,0.00902,-137,137,1,NO
2503,1938,2091,0.03629,-90,90,1,NO
2504,1941,2105,0.06562,-90,90,1,NO
2505,1993,1943,0.07149,-137,137,1,NO
2506,2049,1944,0.08041,-137,137,1,NO
2507,2015,1946,0.07231,-90,90,1,NO
2508,1948,1947,0.0001,-438,438,1,NO
2509,2025,1949,0.02314,-91,91,1,NO
2510,1951,1950,0.08661,-137,137,1,NO
2511,1953,1952,0.01917,-137,137,1,NO
2512,1953,2093,0.08885,-137,137,1,NO
2513,1956,1955,0.0001,-438,438,1,NO
2514,2033,1955,0.07686,-120,120,1,NO
2515,1958,1957,0.0001,-438,438,1,NO
2516,1957,1987,0.0404,-114,114,1,NO
2517,2060,1957,0.04735,-120,120,1,NO
2518,1973,1963,0.02314,-114,114,1,NO
2519,2048,1965,0.13,-90,90,1,NO
2520,2084,1965,0.05818,-137,137,1,NO
2521,1966,2090,0.09504,-137,137,1,NO
2522,2114,1966,0.04876,-90,90,1,NO
2523,1987,1967,0.02742,-114,114,1,NO
2524,2048,1968,0.1075,-137,137,1,NO
2525,1968,2113,0.11402,-137,137,1,NO
2526,1999,1970,0.0538,-91,91,1,NO
2527,2038,1970,0.06033,-90,90,1,NO
2528,2047,1971,0.07322,-90,90,1,NO
2529,2091,1972,0.09165,-137,137,1,NO
2530,1976,1974,0.0943,-90,90,1,NO
2531,2037,1977,0.08264,-137,137,1,NO
2532,1978,2013,0.06686,-137,137,1,NO
2533,1979,2074,0.00898,-90,90,1,NO
2534,1980,2077,0.00967,-120,120,1,NO
2535,1982,1981,0.0001,-438,438,1,NO
2536,1987,1981,0.04207,-68,68,1,NO
2537,2063,1984,0.03957,-137,137,1,NO
2538,1987,2014,0.02548,-90,90,1,NO
2539,1988,2108,0.02727,-68,68,1,NO
2540,1991,1989,0.01835,-90,90,1,NO
2541,2049,1989,0.01835,-90,90,1,NO
2542,1990,2079,0.01505,-137,137,1,NO
2543,2078,1995,0.03048,-76,76,1,NO
2544,2085,1996,0.08446,-137,137,1,NO
2545,2023,2001,0.06215,-120,120,1,NO
2546,2011,2003,0.00909,-137,137,1,NO
2547,2006,2004,0.00992,-137,137,1,NO
2548,2007,2005,0.01157,-137,137,1,NO
2549,2008,2006,0.0314,-137,137,1,NO
2550,2010,2006,0.00992,-137,137,1,NO
2551,2009,2007,0.0405,-140,140,1,NO
2552,2010,2007,0.01074,-137,137,1,NO
2553,2011,2010,0.0001,-438,438,1,NO
2554,2019,2018,0.0001,-438,438,1,NO
2555,2040,2021,0.0236,-137,137,1,NO
2556,2056,2021,0.0157,-90,90,1,NO
2557,2058,2021,0.02727,-137,137,1,NO
2558,2035,2022,0.0281,-137,137,1,NO
2559,2037,2022,0.03636,-120,120,1,NO
2560,2026,2025,0.0001,-438,438,1,NO
2561,2029,2064,0.09072,-137,137,1,NO
2562,2075,2032,0.12215,-90,90,1,NO
2563,2050,2034,0.00413,-137,137,1,NO
2564,2058,2034,0.0281,-137,137,1,NO
2565,2037,2036,0.0001,-438,438,1,NO
2566,2036,2039,0.02395,-137,137,1,NO
2567,2055,2037,0.0338,-90,90,1,NO
2568,2106,2038,0.10375,-90,90,1,NO
2569,2053,2042,0.02231,-90,90,1,NO
2570,2052,2045,0.03554,-90,90,1,NO
2571,2069,2046,0.00364,-90,90,1,NO
2572,2051,2079,0.01683,-137,137,1,NO
2573,2057,2052,0.00182,-118,118,1,NO
2574,2248,2054,0.09917,-137,137,1,NO
2575,2059,2091,0.05992,-120,120,1,NO
2576,2067,2107,0.0516,-90,90,1,NO
2577,2074,2072,0.00829,-90,90,1,NO
2578,2081,2076,0.00014,-120,120,1,NO
2579,2094,2078,0.00669,-76,76,1,NO
2580,2115,2080,0.00024,-90,90,1,NO
2581,2089,2088,0.0001,-438,438,1,NO
2582,2092,2088,0.07182,-114,114,1,NO
2583,2091,2090,0.0001,-438,438,1,NO
2584,2099,2097,0.01736,-90,90,1,NO
2585,2099,2098,0.01893,-90,90,1,NO
2586,2109,2108,0.0001,-438,438,1,NO
2587,2166,2116,0.0157,-120,120,1,NO
2588,2116,2167,0.01091,-137,137,1,NO
2589,2216,2117,0.12149,-68,68,1,NO
2590,2117,2235,0.06942,-68,68,1,NO
2591,2118,2131,0.02116,-137,137,1,NO
2592,2118,2134,0.04463,-125,125,1,NO
2593,2123,2119,0.00752,-137,137,1,NO
2594,2119,2220,0.00752,-120,120,1,NO
2595,2119,2311,0.04182,-137,137,1,NO
2596,2368,2119,0.00496,-137,137,1,NO
2597,2368,2119,0.00496,-137,137,1,NO
2598,2369,2119,0.00719,-57,57,1,NO
2599,2245,2120,0.12628,-95,95,1,NO
2600,2120,2365,0.06917,-137,137,1,NO
2601,2122,2121,0.0001,-438,438,1,NO
2602,2121,2158,0.06215,-81,81,1,NO
2603,2199,2121,0.0495,-68,68,1,NO
2604,2121,2380,0.17719,-70,70,1,NO
2605,2122,2315,0.09174,-99,99,1,NO
2606,2306,2123,0.01298,-137,137,1,NO
2607,2124,2129,0.01777,-61,61,1,NO
2608,2250,2124,0.12066,-114,114,1,NO
2609,2124,2308,0.07893,-68,68,1,NO
2610,2229,2125,0.0679,-122,122,1,NO
2611,2125,2377,0.06954,-120,120,1,NO
2612,2126,2132,0.00992,-137,137,1,NO
2613,2194,2126,0.01083,-137,137,1,NO
2614,2127,2284,0.0314,-47,47,1,NO
2615,2290,2127,0.06529,-68,68,1,NO
2616,2128,2365,0.00917,-122,122,1,NO
2617,2129,2193,0.07231,-75,75,1,NO
2618,2130,2137,0.12066,-140,140,1,NO
2619,2131,2306,0.00628,-137,137,1,NO
2620,2132,2196,0.01058,-120,120,1,NO
2621,2134,2133,0.0001,-438,438,1,NO
2622,2269,2133,0.0281,-87,87,1,NO
2623,2194,2134,0.0562,-81,81,1,NO
2624,2337,2134,0.06876,-137,137,1,NO
2625,2164,2135,0.06471,-90,90,1,NO
2626,2135,2268,0.06215,-90,90,1,NO
2627,2251,2136,0.05603,-83,83,1,NO
2628,2136,2282,0.04397,-78,78,1,NO
2629,2137,2142,0.0076,-68,68,1,NO
2630,2146,2137,0.05992,-47,47,1,NO
2631,2137,2348,0.09157,-68,68,1,NO
2632,2139,2138,0.0001,-438,438,1,NO
2633,2138,2169,0.09752,-85,85,1,NO
2634,2173,2138,0.01736,-137,137,1,NO
2635,2138,2377,0.11818,-95,95,1,NO
2636,2255,2139,0.02314,-123,123,1,NO
2637,2139,2304,0.01074,-137,137,1,NO
2638,2140,2339,0.05777,-68,68,1,NO
2639,2349,2140,0.05289,-140,140,1,NO
2640,2349,2140,0.05289,-140,140,1,NO
2641,2345,2141,0.06942,-137,137,1,NO
2642,2141,2357,0.0895,-95,95,1,NO
2643,2142,2316,0.11306,-68,68,1,NO
2644,2143,2187,0.09256,-57,57,1,NO
2645,2294,2143,0.0595,-125,125,1,NO
2646,2145,2144,0.0386,-30,30,1,NO
2647,2145,2328,0.12455,-38,38,1,NO
2648,2189,2146,0.04702,-68,68,1,NO
2649,2169,2147,0.01529,-114,114,1,NO
2650,2147,2233,0.01529,-114,114,1,NO
2651,2148,2374,0.00388,-76,76,1,NO
2652,2313,2149,0.05899,-122,122,1,NO
2653,2229,2150,0.07107,-90,90,1,NO
2654,2150,2322,0.07107,-78,78,1,NO
2655,2164,2151,0.07132,-90,90,1,NO
2656,2151,2323,0.07132,-38,38,1,NO
2657,2152,2260,0.07496,-68,68,1,NO
2658,2290,2152,0.07165,-68,68,1,NO
2659,2374,2153,0.06413,-68,68,1,NO
2660,2154,2200,0.03554,-120,120,1,NO
2661,2154,2303,0.02174,-120,120,1,NO
2662,2360,2155,0.01702,-90,90,1,NO
2663,2155,2362,0.01017,-68,68,1,NO
2664,2156,2157,0.1643,-68,68,1,NO
2665,2366,2156,0.06887,-68,68,1,NO
2666,2158,2157,0.0001,-438,438,1,NO
2667,2214,2157,0.03008,-119,119,1,NO
2668,2351,2157,0.08942,-137,137,1,NO
2669,2213,2158,0.02975,-137,137,1,NO
2670,2160,2159,0.0281,-133,133,1,NO
2671,2159,2165,0.1595,-85,85,1,NO
2672,2159,2251,0.05868,-90,90,1,NO
2673,2284,2159,0.0314,-47,47,1,NO
2674,2375,2159,0.00529,-137,137,1,NO
2675,2279,2160,0.06612,-95,95,1,NO
2676,2298,2161,0.09587,-137,137,1,NO
2677,2161,2375,0.01058,-137,137,1,NO
2678,2162,2195,0.01893,-32,32,1,NO
2679,2163,2196,0.01893,-32,32,1,NO
2680,2233,2165,0.00413,-127,127,1,NO
2681,2165,2263,0.02231,-122,122,1,NO
2682,2296,2165,0.00413,-137,137,1,NO
2683,2328,2165,0.18017,-99,99,1,NO
2684,2166,2168,0.06727,-137,137,1,NO
2685,2171,2166,0.01983,-120,120,1,NO
2686,2282,2166,0.02149,-78,78,1,NO
2687,2297,2166,0.00413,-137,137,1,NO
2688,2338,2166,0.1081,-137,137,1,NO
2689,2167,2169,0.02595,-68,68,1,NO
2690,2286,2167,0.01686,-137,137,1,NO
2691,2167,2287,0.01488,-137,137,1,NO
2692,2167,2371,0.01488,-120,120,1,NO
2693,2263,2168,0.00421,-137,137,1,NO
2694,2168,2275,0.0157,-102,102,1,NO
2695,2168,2370,0.01488,-120,120,1,NO
2696,2299,2169,0.09008,-114,114,1,NO
2697,2307,2169,0.00413,-127,127,1,NO
2698,2205,2170,0.06959,-72,72,1,NO
2699,2206,2170,0.03471,-120,120,1,NO
2700,2241,2170,0.1119,-76,76,1,NO
2701,2275,2170,0.03636,-102,102,1,NO
2702,2170,2327,0.0438,-114,114,1,NO
2703,2367,2170,0.04714,-114,114,1,NO
2704,2330,2171,0.04603,-120,120,1,NO
2705,2173,2172,0.0001,-438,438,1,NO
2706,2180,2172,0.00413,-127,127,1,NO
2707,2172,2341,0.00347,-137,137,1,NO
2708,2172,2356,0.03471,-137,137,1,NO
2709,2173,2179,0.01273,-95,95,1,NO
2710,2173,2332,0.00413,-127,127,1,NO
2711,2174,2257,0.05083,-133,133,1,NO
2712,2267,2174,0.04347,-68,68,1,NO
2713,2185,2175,0.00496,-137,137,1,NO
2714,2175,2186,0.01818,-137,137,1,NO
2715,2176,2247,0.05702,-68,68,1,NO
2716,2177,2232,0.11901,-68,68,1,NO
2717,2352,2177,0.0681,-68,68,1,NO
2718,2178,2199,0.07157,-68,68,1,NO
2719,2209,2178,0.05793,-68,68,1,NO
2720,2179,2299,0.00934,-120,120,1,NO
2721,2332,2180,0.00413,-127,127,1,NO
2722,2181,2339,0.00744,-114,114,1,NO
2723,2182,2340,0.00744,-114,114,1,NO
2724,2183,2235,0.06116,-68,68,1,NO
2725,2184,2286,0.02893,-137,137,1,NO
2726,2296,2184,0.01736,-137,137,1,NO
2727,2325,2185,0.00826,-120,120,1,NO
2728,2188,2186,0.0001,-438,438,1,NO
2729,2193,2186,0.09884,-125,125,1,NO
2730,2309,2186,0.0238,-114,114,1,NO
2731,2221,2187,0.13025,-106,106,1,NO
2732,2225,2187,0.0686,-99,99,1,NO
2733,2352,2187,0.11207,-68,68,1,NO
2734,2221,2188,0.12959,-114,114,1,NO
2735,2324,2188,0.02455,-114,114,1,NO
2736,2285,2190,0.11669,-68,68,1,NO
2737,2190,2382,0.08264,-68,68,1,NO
2738,2228,2191,0.01727,-68,68,1,NO
2739,2250,2191,0.08182,-90,90,1,NO
2740,2191,2276,0.03322,-106,106,1,NO
2741,2191,2335,0.07992,-137,137,1,NO
2742,2192,2237,0.0238,-120,120,1,NO
2743,2274,2192,0.02653,-108,108,1,NO
2744,2196,2195,0.0001,-438,438,1,NO
2745,2212,2195,0.06281,-99,99,1,NO
2746,2336,2195,0.12165,-80,80,1,NO
2747,2368,2195,0.0238,-89,89,1,NO
2748,2204,2196,0.07231,-68,68,1,NO
2749,2220,2196,0.01058,-95,95,1,NO
2750,2302,2196,0.00306,-45,45,1,NO
2751,2274,2197,0.02074,-114,114,1,NO
2752,2197,2333,0.09669,-120,120,1,NO
2753,2198,2258,0.09752,-140,140,1,NO
2754,2198,2272,0.05554,-68,68,1,NO
2755,2200,2361,0.14545,-76,76,1,NO
2756,2202,2201,0.0001,-438,438,1,NO
2757,2202,2376,0.07851,-68,68,1,NO
2758,2203,2205,0.09355,-72,72,1,NO
2759,2320,2203,0.10306,-76,76,1,NO
2760,2328,2203,0.17008,-137,137,1,NO
2761,2210,2204,0.01166,-137,137,1,NO
2762,2356,2206,0.02893,-120,120,1,NO
2763,2207,2209,0.01413,-90,90,1,NO
2764,2208,2255,0.00926,-137,137,1,NO
2765,2341,2208,0.00694,-137,137,1,NO
2766,2209,2351,0.0619,-137,137,1,NO
2767,2316,2210,0.12121,-57,57,1,NO
2768,2211,2214,0.00421,-99,99,1,NO
2769,2224,2211,0.02397,-125,125,1,NO
2770,2295,2212,0.03306,-114,114,1,NO
2771,2224,2213,0.05124,-137,137,1,NO
2772,2215,2217,0.01372,-114,114,1,NO
2773,2278,2215,0.08736,-114,114,1,NO
2774,2218,2216,0.06281,-68,68,1,NO
2775,2237,2217,0.01983,-120,120,1,NO
2776,2245,2218,0.07587,-34,34,1,NO
2777,2301,2218,0.0507,-83,83,1,NO
2778,2219,2251,0.06529,-21,21,1,NO
2779,2223,2221,0.01331,-95,95,1,NO
2780,2221,2238,0.13041,-137,137,1,NO
2781,2222,2227,0.05702,-95,95,1,NO
2782,2222,2352,0.06843,-122,122,1,NO
2783,2240,2223,0.06628,-125,125,1,NO
2784,2224,2318,0.06529,-68,68,1,NO
2785,2276,2225,0.10744,-106,106,1,NO
2786,2362,2226,0.10281,-99,99,1,NO
2787,2227,2339,0.02686,-95,95,1,NO
2788,2267,2228,0.09347,-68,68,1,NO
2789,2230,2229,0.01372,-137,137,1,NO
2790,2355,2230,0.06099,-137,137,1,NO
2791,2231,2236,0.05245,-120,120,1,NO
2792,2334,2231,0.03176,-120,120,1,NO
2793,2292,2232,0.10487,-68,68,1,NO
2794,2232,2362,0.07876,-90,90,1,NO
2795,2233,2259,0.00413,-127,127,1,NO
2796,2233,2259,0.00413,-127,127,1,NO
2797,2234,2361,0.04017,-77,77,1,NO
2798,2235,2257,0.12893,-68,68,1,NO
2799,2236,2359,0.09397,-120,120,1,NO
2800,2247,2237,0.02628,-68,68,1,NO
2801,2273,2237,0.0338,-90,90,1,NO
2802,2238,2298,0.01653,-137,137,1,NO
2803,2268,2239,0.09983,-45,45,1,NO
2804,2239,2380,0.07826,-45,45,1,NO
2805,2335,2240,0.09223,-137,137,1,NO
2806,2338,2241,0.0224,-122,122,1,NO
2807,2246,2242,0.06876,-68,68,1,NO
2808,2242,2280,0.06876,-137,137,1,NO
2809,2309,2243,0.01653,-114,114,1,NO
2810,2324,2243,0.01074,-114,114,1,NO
2811,2310,2244,0.09438,-76,76,1,NO
2812,2346,2244,0.05372,-78,78,1,NO
2813,2246,2258,0.11107,-114,114,1,NO
2814,2248,2269,0.08,-137,137,1,NO
2815,2249,2262,0.09116,-68,68,1,NO
2816,2252,2311,0.07901,-120,120,1,NO
2817,2253,2274,0.05702,-120,120,1,NO
2818,2323,2254,0.08107,-68,68,1,NO
2819,2254,2380,0.11074,-68,68,1,NO
2820,2256,2283,0.00744,-120,120,1,NO
2821,2287,2256,0.00992,-137,137,1,NO
2822,2258,2257,0.0001,-438,438,1,NO
2823,2257,2260,0.04298,-114,114,1,NO
2824,2262,2257,0.1157,-140,140,1,NO
2825,2258,2261,0.04298,-114,114,1,NO
2826,2261,2260,0.0001,-438,438,1,NO
2827,2271,2260,0.03769,-68,68,1,NO
2828,2331,2260,0.18273,-45,45,1,NO
2829,2266,2261,0.01372,-114,114,1,NO
2830,2272,2261,0.01752,-80,80,1,NO
2831,2365,2261,0.03769,-137,137,1,NO
2832,2270,2264,0.01372,-68,68,1,NO
2833,2264,2271,0.01736,-68,68,1,NO
2834,2355,2265,0.1281,-137,137,1,NO
2835,2265,2378,0.00496,-137,137,1,NO
2836,2272,2270,0.01372,-114,114,1,NO
2837,2274,2273,0.0001,-438,438,1,NO
2838,2310,2273,0.03066,-102,102,1,NO
2839,2376,2273,0.10413,-62,62,1,NO
2840,2277,2366,0.00066,-68,68,1,NO
2841,2280,2279,0.0001,-438,438,1,NO
2842,2281,2334,0.02149,-120,120,1,NO
2843,2338,2281,0.02149,-120,120,1,NO
2844,2283,2326,0.01074,-114,114,1,NO
2845,2285,2314,0.08612,-57,57,1,NO
2846,2288,2344,0.01074,-90,90,1,NO
2847,2288,2345,0.05455,-137,137,1,NO
2848,2310,2289,0.08994,-114,114,1,NO
2849,2291,2305,0.10995,-68,68,1,NO
2850,2308,2292,0.0514,-68,68,1,NO
2851,2327,2293,0.02479,-137,137,1,NO
2852,2293,2330,0.02372,-137,137,1,NO
2853,2336,2294,0.00727,-125,125,1,NO
2854,2379,2295,0.09339,-114,114,1,NO
2855,2304,2300,0.02066,-137,137,1,NO
2856,2300,2353,0.07322,-90,90,1,NO
2857,2354,2300,0.03636,-137,137,1,NO
2858,2303,2343,0.00702,-114,114,1,NO
2859,2305,2316,0.05279,-68,68,1,NO
2860,2312,2313,0.01264,-122,122,1,NO
2861,2319,2313,0.09339,-68,68,1,NO
2862,2313,2381,0.13182,-68,68,1,NO
2863,2329,2317,0.02314,-90,90,1,NO
2864,2317,2350,0.04711,-68,68,1,NO
2865,2318,2321,0.06529,-68,68,1,NO
2866,2374,2319,0.14628,-68,68,1,NO
2867,2321,2323,0.08512,-51,51,1,NO
2868,2322,2323,0.03306,-68,68,1,NO
2869,2323,2329,0.00826,-78,78,1,NO
2870,2323,2380,0.1919,-68,68,1,NO
2871,2359,2324,0.05223,-120,120,1,NO
2872,2324,2379,0.10942,-68,68,1,NO
2873,2326,2367,0.0165,-114,114,1,NO
2874,2340,2339,0.0001,-438,438,1,NO
2875,2342,2339,0.01355,-131,131,1,NO
2876,2343,2339,0.00992,-114,114,1,NO
2877,2342,2343,0.01793,-137,137,1,NO
2878,2344,2342,0.05736,-137,137,1,NO
2879,2347,2342,0.00744,-114,114,1,NO
2880,2347,2342,0.03488,-76,76,1,NO
2881,2348,2379,0.11405,-57,57,1,NO
2882,2350,2366,0.05427,-68,68,1,NO
2883,2353,2378,0.07438,-137,137,1,NO
2884,2354,2377,0.05686,-137,137,1,NO
2885,2358,2357,0.0001,-438,438,1,NO
2886,2357,2363,0.04132,-90,90,1,NO
2887,2357,2372,0.00744,-114,114,1,NO
2888,2357,2372,0.00744,-114,114,1,NO
2889,2358,2361,0.06,-137,137,1,NO
2890,2363,2360,0.01653,-90,90,1,NO
2891,2362,2361,0.0001,-438,438,1,NO
2892,2364,2367,0.00066,-114,114,1,NO
2893,2373,2372,0.0001,-438,438,1,NO
2894,2378,2377,0.0001,-438,438,1,NO
2895,2381,2380,0.0001,-438,438,1,NO
2896,2382,2381,0.03802,-114,114,1,NO
