BusNo,BusName,T1,T2,T3,T4,T5,T6,T7,T8,T9,T10,T11,T12,T13,T14,T15,T16,T17,T18,T19,T20,T21,T22,T23,T24,T25,T26,T27,T28,T29,T30,T31,T32,T33,T34,T35,T36,T37,T38,T39,T40,T41,T42,T43,T44,T45,T46,T47,T48,T49,T50,T51,T52,T53,T54,T55,T56,T57,T58,T59,T60,T61,T62,T63,T64,T65,T66,T67,T68,T69,T70,T71,T72,T73,T74,T75,T76,T77,T78,T79,T80,T81,T82,T83,T84,T85,T86,T87,T88,T89,T90,T91,T92,T93,T94,T95,T96
29,B1,-30.25,-30.25,-30.25,-30.25,-30.25,-30.25,-30.25,-30.25,-30.25,-30.25,-26.7105981,0,-26.1859639,0,0,0,0,0,0,-30.25,-30.25,0,0,-30.25,-30.25,-30.25,-30.25,-30.25,-30.25,-30.25,-30.25,-30.25,-30.25,-30.25,-30.25,-30.25,-30.25,-30.25,-30.25,-30.25,-30.25,-30.25,-30.25,-30.25,-30.25,-30.25,-24.9104842,-22,0,0,0,-30.25,0,-22.4911604,0,-30.25,0,-30.25,-30.25,0,-30.25,-30.25,-30.25,-30.25,-30.25,-30.25,-30.25,-30.25,-30.25,-30.25,-30.25,-30.25,-30.25,-30.25,-30.25,-30.25,-30.25,-30.25,-30.25,-30.25,-30.25,-30.25,-30.25,-30.25,0,-26.9075901,-30.25,-30.25,-30.25,-30.25,-30.25,-30.25,-30.25,-30.25,-30.25,-30.25
30,B2,-30.25,-30.25,-30.25,-30.25,-30.25,-30.25,-30.25,-30.25,-30.25,-30.25,-30.25,0,0,-30.25,0,-22,0,0,0,0,0,-22,-23.4451054,-30.25,-30.25,-30.25,-30.25,-30.25,-30.25,-30.25,-30.25,-30.25,-30.25,-30.25,-30.25,-30.25,-30.25,-30.25,-30.25,-30.25,-30.25,-30.25,-30.25,-30.25,-30.25,-30.25,-30.25,-22,-24.9068555,-24.9524073,0,-30.25,-28.7977746,-30.25,-27.9832936,-22.0602464,-22,-30.25,-30.25,-30.25,-30.25,-30.25,-30.25,-30.25,-30.25,-30.25,-30.25,-30.25,-30.25,-30.25,-30.25,-30.25,-30.25,-30.25,-30.25,-30.25,-30.25,-30.25,-30.25,-30.25,-30.25,-30.25,-30.25,0,0,0,-22.2921584,-30.25,-30.25,-30.25,-30.25,-30.25,-30.25,-30.25,-30.25,-30.25
31,B3,-30.25,-30.25,-30.25,-30.25,-30.25,-30.25,-30.25,-30.25,-30.25,-30.25,-30.25,0,0,0,0,0,0,0,0,0,-23.8693818,0,0,-30.25,-30.25,-30.25,-30.25,-30.25,-30.25,-30.25,-30.25,-30.25,-30.25,-30.25,-30.25,-30.25,-30.25,-30.25,-30.25,-30.25,-30.25,-30.25,-30.25,-30.25,-30.25,-27.9210313,-30.25,-29.5240368,0,0,0,-30.25,0,-22,0,-30.25,-26.6011375,-25.0848737,-30.25,-30.25,-30.25,-30.25,-30.25,-30.25,-30.25,-30.25,-30.25,-30.25,-30.25,-30.25,-30.25,-30.25,-30.25,-30.25,-30.25,-30.25,-30.25,-30.25,-30.25,-30.25,-30.25,-30.25,-30.25,-30.25,-30.25,0,-30.25,-30.25,-30.25,-30.25,-30.25,-30.25,-30.25,-30.25,-30.25,-30.25
32,B4,-30.25,-30.25,-30.25,-30.25,-30.25,-30.25,-30.25,-30.25,-30.25,-30.25,0,-23.869132,-22,0,0,0,0,0,0,0,0,0,-30.25,-30.25,-30.25,-30.25,-30.25,-30.25,-30.25,-30.25,-30.25,-30.25,-30.25,-30.25,-30.25,-30.25,-30.25,-30.25,-30.25,-30.25,-30.25,-30.25,-30.25,-30.25,-30.25,-30.25,-30.25,-30.25,0,0,0,0,0,0,-22,0,-30.25,0,-30.25,-30.25,-30.25,-30.25,-30.25,-30.25,-30.25,-30.25,-30.25,-30.25,-30.25,-30.25,-30.25,-30.25,-30.25,-30.25,-30.25,-30.25,-30.25,-30.25,-30.25,-30.25,-30.25,-27.9216623,-30.25,-25.8376426,0,0,0,-30.25,-30.25,-30.25,-30.25,-30.25,-30.25,-30.25,-30.25,-30.25
33,B5,-30,-30,-30,-30,-30,-30,-30,-30,-30,-30,-30,-30,-30,0,-20.8840734,0,0,0,0,0,0,-18.3886264,-30,-30,-30,-30,-30,-30,-30,-30,-30,-30,-30,-30,-30,-30,-30,-30,-30,-30,-30,-30,-30,-30,-30,-30,-30,-30,-30,-30,-30,-30,-30,-30,-14,-30,-30,-30,-30,-30,-30,-30,-30,-30,-30,-30,-30,-30,-30,-30,-30,-30,-30,-30,-30,-30,-30,-30,-30,-30,-30,-30,-30,-30,-23.9030557,-30,-30,-30,-30,-30,-30,-30,-30,-30,-30,-30
34,B6,-30,-30,-30,-30,-30,-30,-30,-30,-30,-30,-30,-30,0,0,0,0,0,0,0,0,0,-30,-30,-30,-30,-30,-30,-30,-30,-30,-30,-30,-30,-30,-30,-30,-30,-30,-30,-30,-30,-30,-30,-30,-30,-30,-30,-30,-30,0,-30,0,-30,0,-30,0,-30,0,-30,-30,-30,-30,-30,-30,-30,-30,-30,-30,-30,-30,-30,-30,-30,-30,-30,-30,-30,-30,-30,-30,-30,-30,-30,0,0,0,0,-30,-30,-30,-30,-30,-30,-30,-30,-30
87,B7,-11.4,-11.4,-11.4,-11.4,-11.4,-11.4,-11.4,-7.5159211,-7.6545614,-6.886272,0,-11.4,0,-11.4,-11.4,0,-11.4,-6.342739,-11.4,-11.4,0,-11.4,-11.4,-11.4,-11.4,-11.4,-11.4,-11.4,-11.4,-10.1845548,-11.4,-5.5391888,-11.4,-11.0545614,-11.4,-11.4,-11.4,-11.4,-11.4,-11.4,-11.4,-11.4,-11.4,-11.4,-11.4,-4,-4,0,-4,0,-11.4,-4,0,0,-11.4,-11.4,-11.4,0,-11.4,-7.2591018,-11.4,-11.4,-11.4,-11.4,-11.4,-11.4,-11.4,-11.4,-11.4,-11.4,-11.4,-11.4,-11.4,-11.4,-11.4,-11.4,-11.4,-11.4,-11.4,-11.4,-11.4,-11.4,-11.4,-11.4,-11.4,-11.4,-11.4,-11.4,-11.4,-11.4,-11.4,-11.4,-11.4,-11.4,-11.4,-11.4
88,B8,-11.4,-11.4,-11.4,-11.4,-9.7475891,-4,-11.4,-11.4,-11.4,-11.4,0,-11.4,-11.4,-11.4,-11.4,-11.4,-11.4,0,-11.4,0,0,0,0,0,-4,-11.4,-11.4,-11.4,-11.4,-11.4,-11.4,-11.4,-11.4,-11.4,-9.0628493,-11.4,-11.4,-11.4,-11.4,-11.4,-11.4,-11.4,-11.4,-11.4,-11.4,-11.4,-4,0,-4,-11.4,-11.4,-8.9161349,-4,0,-11.4,-11.4,-11.4,0,-11.4,0,-11.4,-11.4,-11.4,-11.4,-11.4,-11.4,-11.4,-11.4,-11.4,-11.4,-11.4,-11.4,-11.4,-11.4,-11.4,-11.4,-11.4,-11.4,-11.4,-11.4,-11.4,-11.4,-11.4,-11.4,-11.4,-11.4,-11.4,-11.4,-11.4,-11.4,-11.4,-11.4,-11.4,-11.4,-11.4,-11.4
89,B9,-11.4,-11.4,-11.4,-11.4,-11.4,-11.4,-11.4,-11.4,-11.4,-11.4,-11.4,-11.4,-11.4,0,-11.4,-11.4,0,0,-11.4,-11.4,-11.4,-11.4,0,-11.4,-11.4,-11.4,-11.4,-11.4,-11.4,0,-4.2426296,0,-11.4,-4,-11.4,-11.4,-11.4,-11.4,-11.4,-11.4,-11.4,-11.4,-11.4,-11.4,-11.4,-11.4,-11.4,-11.4,-11.4,0,-11.4,-11.4,0,0,-11.4,-11.4,-11.4,0,-11.4,0,-11.4,-11.4,-11.4,-11.4,-11.4,-11.4,-11.4,-11.4,-11.4,-11.4,-11.4,-11.4,-11.4,-11.4,-11.4,-11.4,-11.4,-11.4,-11.4,-11.4,-11.4,-11.4,-11.4,-11.4,-11.4,-11.4,-11.4,-11.4,-11.4,-11.4,-11.4,-11.4,-11.4,-11.4,-11.4,-11.4
90,B10,-11.4,-11.4,-11.4,-11.4,-11.4,-5.1348646,-11.4,-11.4,0,0,0,-11.4,-11.4,-11.4,-11.4,-11.4,0,0,-11.4,-11.4,-11.4,-11.4,-11.4,-7.6545614,-8.38279,-11.4,-11.4,-11.4,-4.8873279,0,0,0,-7.2545614,-4,0,-11.4,-11.4,-11.4,-11.4,-11.4,-11.4,-11.4,-11.4,-11.4,-11.4,-11.4,-11.4,-11.4,0,-11.4,-11.4,-11.4,0,-10.7183493,-11.4,-11.4,-11.4,0,-11.4,0,-11.4,-11.4,-11.4,-11.4,-11.4,-11.4,-11.4,-11.4,-11.4,-11.4,-11.4,-11.4,-11.4,-11.4,-11.4,-11.4,-11.4,-11.4,-11.4,-11.4,-11.4,-11.4,-11.4,-11.4,-11.4,-11.4,-11.4,-11.4,-11.4,-11.4,-11.4,-11.4,-11.4,-11.4,-11.4,-11.4
91,B11,-11,-11,-11,-11,-11,-6,-11,-11,-11,0,0,-9.6100135,-11,0,-11,-11,0,0,-11,0,0,-11,-11,-11,-11,-11,-11,-11,-11,0,0,0,0,-11,-11,-11,-11,-11,-11,-11,-11,-11,-11,-11,-11,0,-11,-11,0,-11,-11,-11,0,-11,-11,-11,-11,0,-11,-11,-11,-11,-11,-11,-11,-11,-11,-11,-11,-11,-11,-11,-11,-11,-11,-11,-11,-11,-11,-11,-11,-11,-11,-11,-11,-11,-11,-11,-11,-11,-11,-11,-11,-11,-11,-11
96,B12,-3.2,-3.2,-3.2,-3.2,-3.2,-3.2,-3.2,-3.2,-3.2,-3.2,-3.2,-3.2,-3.2,-3.2,-3.2,-3.2,-3.2,-3.2,-3.2,-3.2,-3.2,-3.2,-3.2,-3.2,-3.2,-3.2,-3.2,-3.2,-3.2,-3.2,-3.2,-3.2,-3.2,-3.2,-3.2,-3.2,-3.2,-3.2,-3.2,-3.2,-3.2,-3.2,-3.2,-3.2,-3.2,-3.2,-3.2,-3.2,-3.2,-3.2,-3.2,-3.2,-3.2,-3.2,-3.2,-3.2,-3.2,-3.2,-3.2,-3.2,-3.2,-3.2,-3.2,-3.2,-3.2,-3.2,-3.2,-3.2,-3.2,-3.2,-3.2,-3.2,-3.2,-3.2,-3.2,-3.2,-3.2,-3.2,-3.2,-3.2,-3.2,-3.2,-3.2,-3.2,-3.2,-3.2,-3.2,-3.2,-3.2,-3.2,-3.2,-3.2,-3.2,-3.2,-3.2,-3.2
97,B13,-3.2,-3.2,-3.2,-3.2,-3.2,-3.2,-3.2,-3.2,-3.2,-3.2,-3.2,-3.2,-3.2,-3.2,-3.2,-3.2,-3.2,-3.2,-3.2,-3.2,-3.2,-3.2,-3.2,-3.2,-3.2,-3.2,-3.2,-3.2,-3.2,-3.2,-3.2,-3.2,-3.2,-3.2,-3.2,-3.2,-3.2,-3.2,-3.2,-3.2,-3.2,-3.2,-3.2,-3.2,-3.2,-3.2,-3.2,-3.2,-3.2,-3.2,-3.2,-3.2,-3.2,-3.2,-3.2,-3.2,-3.2,-3.2,-3.2,-3.2,-3.2,-3.2,-3.2,-3.2,-3.2,-3.2,-3.2,-3.2,-3.2,-3.2,-3.2,-3.2,-3.2,-3.2,-3.2,-3.2,-3.2,-3.2,-3.2,-3.2,-3.2,-3.2,-3.2,-3.2,-3.2,-3.2,-3.2,-3.2,-3.2,-3.2,-3.2,-3.2,-3.2,-3.2,-3.2,-3.2
98,B14,-3.2,-3.2,-3.2,-3.2,-3.2,-3.2,-3.2,-3.2,-3.2,-3.2,-3.2,-3.2,-3.2,-3.2,-3.2,-3.2,-3.2,-3.2,-3.2,-3.2,-3.2,-3.2,-3.2,-3.2,-3.2,-3.2,-3.2,-3.2,-3.2,-3.2,-3.2,-3.2,-3.2,-3.2,-3.2,-3.2,-3.2,-3.2,-3.2,-3.2,-3.2,-3.2,-3.2,-3.2,-3.2,-3.2,-3.2,-3.2,-3.2,-3.2,-3.2,-3.2,-3.2,-3.2,-3.2,-3.2,-3.2,-3.2,-3.2,-3.2,-3.2,-3.2,-3.2,-3.2,-3.2,-3.2,-3.2,-3.2,-3.2,-3.2,-3.2,-3.2,-3.2,-3.2,-3.2,-3.2,-3.2,-3.2,-3.2,-3.2,-3.2,-3.2,-3.2,-3.2,-3.2,-3.2,-3.2,-3.2,-3.2,-3.2,-3.2,-3.2,-3.2,-3.2,-3.2,-3.2
99,B15,-3.2,-3.2,-3.2,-3.2,-3.2,-3.2,-3.2,-3.2,-3.2,-3.2,-3.2,-3.2,-3.2,-3.2,-3.2,-3.2,-3.2,-3.2,-3.2,-3.2,-3.2,-3.2,-3.2,-3.2,-3.2,-3.2,-3.2,-3.2,-3.2,-3.2,-3.2,-3.2,-3.2,-3.2,-3.2,-3.2,-3.2,-3.2,-3.2,-3.2,-3.2,-3.2,-3.2,-3.2,-3.2,-3.2,-3.2,-3.2,-3.2,-3.2,-3.2,-3.2,-3.2,-3.2,-3.2,-3.2,-3.2,-3.2,-3.2,-3.2,-3.2,-3.2,-3.2,-3.2,-3.2,-3.2,-3.2,-3.2,-3.2,-3.2,-3.2,-3.2,-3.2,-3.2,-3.2,-3.2,-3.2,-3.2,-3.2,-3.2,-3.2,-3.2,-3.2,-3.2,-3.2,-3.2,-3.2,-3.2,-3.2,-3.2,-3.2,-3.2,-3.2,-3.2,-3.2,-3.2
100,B16,-3.2,-3.2,-3.2,-3.2,-3.2,-3.2,-3.2,-3.2,-3.2,-3.2,-3.2,-3.2,-3.2,-3.2,-3.2,-3.2,-3.2,-3.2,-3.2,-3.2,-3.2,-3.2,-3.2,-3.2,-3.2,-3.2,-3.2,-3.2,-3.2,-3.2,-3.2,-3.2,-3.2,-3.2,-3.2,-3.2,-3.2,-3.2,-3.2,-3.2,-3.2,-3.2,-3.2,-3.2,-3.2,-3.2,-3.2,-3.2,-3.2,-3.2,-3.2,-3.2,-3.2,-3.2,-3.2,-3.2,-3.2,-3.2,-3.2,-3.2,-3.2,-3.2,-3.2,-3.2,-3.2,-3.2,-3.2,-3.2,-3.2,-3.2,-3.2,-3.2,-3.2,-3.2,-3.2,-3.2,-3.2,-3.2,-3.2,-3.2,-3.2,-3.2,-3.2,-3.2,-3.2,-3.2,-3.2,-3.2,-3.2,-3.2,-3.2,-3.2,-3.2,-3.2,-3.2,-3.2
103,B17,-15,-15,-15,-15,-15,-15,-15,-15,-15,-15,-15,-15,-15,-15,-15,-15,-15,-15,-15,-15,-15,-15,-15,-15,-15,-15,-15,-15,-15,-15,-15,-15,-15,-15,-15,-15,-15,-15,-15,-15,-15,-15,-15,-15,-15,-15,-15,-15,-15,-15,-15,-15,-15,-15,-15,-15,-15,-15,-15,-15,-15,-15,-15,-15,-15,-15,-15,-15,-15,-15,-15,-15,-15,-15,-15,-15,-15,-15,-15,-15,-15,-15,-14.3690122,-15,-15,-15,-15,-15,-15,-15,-15,-15,-15,-15,-15,-15
104,B18,-15,-15,-15,-15,-15,-15,-15,-15,-15,-15,-15,-15,-15,-15,-15,-15,-15,-15,-15,-15,-15,-15,-15,-15,-15,-15,-15,-15,-15,-15,-15,-15,-15,-15,-15,-15,-15,-15,-15,-15,-15,-15,-15,-15,-15,-15,-15,-15,-15,-15,-15,-15,-15,-15,-15,-15,-15,-15,-15,-15,-15,-15,-15,-15,-15,-15,-15,-15,-15,-15,-15,-15,-15,-15,-15,-15,-15,-15,-15,-15,-15,-15,-15,-15,-15,-15,-15,-15,-15,-15,-15,-15,-15,-15,-15,-15
105,B19,-15,-15,-15,-15,-15,-15,-15,-15,-15,-15,-15,-15,-15,-15,-15,-15,-15,-15,-15,-15,-15,-15,-15,-15,-15,-15,-15,-15,-15,-15,-15,-15,-15,-15,-15,-15,-15,-15,-15,-15,-15,-15,-15,-15,-15,-15,-15,-15,-15,-15,-15,-15,-15,-15,-15,-15,-15,-15,-15,-15,-15,-15,-15,-15,-15,-15,-15,-15,-15,-15,-15,-15,-15,-15,-15,-15,-15,-15,-15,-15,-15,-15,-6.2,-10.5963673,-15,-15,-15,-15,-15,-15,-15,-15,-15,-15,-15,-15
106,B20,-15,-15,-15,-15,-15,-15,-15,-15,-15,-15,-15,-15,-15,-15,-15,-15,-15,-15,-15,-15,-15,-15,-15,-15,-15,-15,-15,-15,-15,-15,-15,-15,-15,-15,-15,-15,-15,-15,-15,-15,-15,-15,-15,-15,-15,-15,-15,-15,-15,-15,-15,-15,-15,-15,-15,-15,-15,-15,-15,-15,-15,-15,-15,-15,-15,-15,-15,-15,-15,-15,-15,-15,-15,-15,-15,-15,-15,-15,-15,-15,-15,-15,-15,-15,-15,-15,-15,-15,-15,-15,-15,-15,-15,-15,-15,-15
108,B21,-13.5,-13.5,-13.5,-13.5,-13.5,-13.5,-13.5,-13.5,-13.5,-13.5,-13.5,-13.5,-13.5,-13.5,-13.5,-13.5,-1.4999999,-13.5,-13.5,-8.2908092,-13.5,-13.5,-13.5,-13.5,-13.5,-13.5,-13.5,-13.5,-13.5,-13.5,-13.5,-13.5,-13.5,-13.5,-13.5,-13.5,-13.5,-13.5,-13.5,-13.5,-13.5,-13.5,-13.5,-13.5,-13.5,-13.5,-13.5,-13.5,-13.5,-13.5,-10.5075677,-13.5,-13.5,-13.5,-13.5,-13.5,-13.5,-13.5,-13.5,-13.5,-13.5,-13.5,-13.5,-13.5,-13.5,-13.5,-13.5,-13.5,-13.5,-13.5,-13.5,-13.5,-13.5,-13.5,-13.5,-13.5,-13.5,-13.5,-13.5,-13.5,-13.5,-13.5,-13.5,-13.5,-13.5,-13.5,-13.5,-13.5,-13.5,-13.5,-13.5,-13.5,-13.5,-13.5,-13.5,-13.5
116,B22,-6.5,-6.5,-6.5,-6.5,-6.5,-6.5,-6.5,-6.5,-6.5,-6.5,-6.5,-6.5,-6.5,-6.5,-6.5,-6.5,-6.5,-6.5,-6.5,-6.5,-6.5,-6.5,-6.5,-6.5,-6.5,-6.5,-6.5,-6.5,-6.5,-6.5,-6.5,-6.5,-6.5,-6.5,-6.5,-6.5,-6.5,-6.5,-6.5,-6.5,-6.5,-6.5,-6.5,-6.5,-6.5,-6.5,-6.5,-6.5,-6.5,-6.5,-6.5,-6.5,-6.5,-6.5,-6.5,-6.5,-6.5,-6.5,-6.5,-6.5,-6.5,-6.5,-6.5,-6.5,-6.5,-6.5,-6.5,-6.5,-6.5,-6.5,-6.5,-6.5,-6.5,-6.5,-6.5,-6.5,-6.5,-6.5,-6.5,-6.5,-6.5,-6.5,-6.5,-6.5,-6.5,-6.5,-6.5,-6.5,-6.5,-6.5,-6.5,-6.5,-6.5,-6.5,-6.5,-6.5
117,B23,-5.72,-5.72,-5.72,-5.72,-5.72,-5.72,-5.72,-5.72,-5.72,-5.72,-5.72,-5.72,-5.72,-5.72,-5.72,-5.72,-5.72,-5.72,-5.72,-5.72,-5.72,-5.72,-5.72,-5.72,-5.72,-5.72,-5.72,-5.72,-5.72,-5.72,-5.72,-5.72,-5.72,-5.72,-5.72,-5.72,-5.72,-5.72,-5.72,-5.72,-5.72,-5.72,-5.72,-5.72,-5.72,-5.72,-5.72,-5.72,-5.72,-5.72,-5.72,-5.72,-5.72,-5.72,-5.72,-5.72,-5.72,-5.72,-5.72,-5.72,-5.72,-5.72,-5.72,-5.72,-5.72,-5.72,-5.72,-5.72,-5.72,-5.72,-5.72,-5.72,-5.72,-5.72,-5.72,-5.72,-5.72,-5.72,-5.72,-5.72,-5.72,-5.72,-5.72,-5.72,-5.72,-5.72,-5.72,-5.72,-5.72,-5.72,-5.72,-5.72,-5.72,-5.72,-5.72,-5.72
118,B24,-6.25,-6.25,-6.25,-6.25,-6.25,-6.25,-6.25,-6.25,-6.25,-6.25,-6.25,-6.25,-6.25,-6.25,-6.25,-6.25,-6.25,-6.25,-6.25,-6.25,-6.25,-6.25,-6.25,-6.25,-6.25,-6.25,-6.25,-6.25,-6.25,-6.25,-6.25,-6.25,-6.25,-6.25,-6.25,-6.25,-6.25,-6.25,-6.25,-6.25,-6.25,-6.25,-6.25,-6.25,-6.25,-6.25,-6.25,-6.25,-6.25,-6.25,-6.25,-6.25,-6.25,-6.25,-6.25,-6.25,-6.25,-6.25,-6.25,-6.25,-6.25,-6.25,-6.25,-6.25,-6.25,-6.25,-6.25,-6.25,-6.25,-6.25,-6.25,-6.25,-6.25,-6.25,-6.25,-6.25,-6.25,-6.25,-6.25,-6.25,-6.25,-6.25,-6.25,-6.25,-6.25,-6.25,-6.25,-6.25,-6.25,-6.25,-6.25,-6.25,-6.25,-6.25,-6.25,-6.25
119,B25,-6,-6,-6,-6,-6,-6,-6,-6,-6,-6,-6,-6,-6,-6,-6,-6,-6,-6,-6,-6,-6,-6,-6,-6,-6,-6,-6,-6,-6,-6,-6,-6,-6,-6,-6,-6,-6,-6,-6,-6,-6,-6,-6,-6,-6,-6,-6,-6,-6,-6,-6,-6,-6,-6,-6,-6,-6,-6,-6,-6,-6,-6,-6,-6,-6,-6,-6,-6,-6,-6,-6,-6,-6,-6,-6,-6,-6,-6,-6,-6,-6,-6,-6,-6,-6,-6,-6,-6,-6,-6,-6,-6,-6,-6,-6,-6
127,B26,-13.5,-13.5,-13.5,-13.5,-13.5,-13.5,-13.5,-13.5,-13.5,-13.5,-13.5,-13.5,0,-13.5,0,-13.5,-11.4584588,-13.5,-13.5,-13.5,-13.5,-13.5,-13.5,-13.5,-13.5,-13.5,-13.5,-13.5,-13.5,-13.5,-13.5,-13.5,-13.5,-13.5,-13.5,-13.5,-13.5,-13.5,-13.5,-13.5,-13.5,-13.5,-13.5,-13.5,-13.5,0,0,0,0,0,-13.5,0,0,0,-13.5,0,-13.5,-13.5,-13.5,-13.5,-13.5,-13.5,-13.5,-13.5,-13.5,-13.5,-13.5,-13.5,-13.5,-13.5,-13.5,-13.5,-13.5,-13.5,-13.5,-13.5,-13.5,-13.5,-13.5,-13.5,-13.5,-13.5,-13.5,-13.5,-13.5,-13.5,-13.5,-13.5,-13.5,-13.5,-13.5,-13.5,-13.5,-13.5,-13.5,-13.5
128,B27,-13.5,-13.5,-13.5,-13.5,-13.5,-13.5,-13.5,-13.5,-13.5,-13.5,-13.5,-12.296737,-13.5,-13.5,-13.5,-13.5,-13.5,-13.5,-13.5,-13.5,-13.5,-13.5,-13.5,-13.5,-13.5,-13.5,-13.5,-13.5,-13.5,-13.5,-13.5,-13.5,-13.5,-13.5,-13.5,-13.5,-13.5,-13.5,-13.5,-13.5,-13.5,-13.5,-13.5,-13.5,-13.5,-13.5,-13.5,-13.5,-13.5,0,-13.5,0,0,-13.5,-13.5,-13.5,0,0,-13.5,-13.5,-13.5,-13.5,-13.5,-13.5,-13.5,-13.5,-13.5,-13.5,-13.5,-13.5,-13.5,-13.5,-13.5,-13.5,-13.5,-13.5,-13.5,-13.5,-13.5,-13.5,-13.5,-13.5,-13.5,-13.5,-13.5,-13.5,-13.5,-13.5,-13.5,-13.5,-13.5,-13.5,-13.5,-13.5,-13.5,-13.5
129,B28,-13.5,-13.5,-13.5,-13.5,-13.5,-13.5,-13.5,-13.5,-13.5,-13.5,-13.5,-13.5,-13.5,-13.5,-13.5,-13.5,-13.5,-13.5,-13.5,-13.5,-13.5,-13.5,-13.5,-13.5,-13.5,-13.5,-13.5,-13.5,-13.5,-13.5,-13.5,-13.5,-13.5,-13.5,-13.5,-13.5,-13.5,-13.5,-13.5,-13.5,-13.5,-13.5,-13.5,-13.5,-13.5,-13.5,-13.5,-13.5,-13.5,0,0,0,0,0,0,0,0,0,-13.5,-13.5,-13.5,-13.5,-13.5,-13.5,-13.5,-13.5,-13.5,-13.5,-13.5,-13.5,-13.5,-13.5,-13.5,-13.5,-13.5,-13.5,-13.5,-13.5,-13.5,-13.5,-13.5,-13.5,-13.5,-13.5,-13.5,-13.5,-13.5,-13.5,-13.5,-13.5,-13.5,-13.5,-13.5,-13.5,-13.5,-13.5
130,B29,-13.5,-13.5,-13.5,-13.5,-13.5,-13.5,-13.5,-13.5,-13.5,-13.5,-13.5,-13.5,-13.5,-13.5,-13.5,-13.5,-13.5,-13.5,-13.5,-13.5,-13.5,-13.5,-13.5,-13.5,-13.5,-13.5,-13.5,-13.5,-13.5,-13.5,-13.5,-13.5,-13.5,-13.5,-13.5,-13.5,-13.5,-13.5,-13.5,-13.5,-13.5,-13.5,-13.5,-13.5,-13.5,-13.5,0,-13.5,0,0,0,0,0,0,-13.5,0,-13.5,0,-13.5,-13.5,-13.5,-13.5,-13.5,-13.5,-13.5,-13.5,-13.5,-13.5,-13.5,-13.5,-13.5,-13.5,-13.5,-13.5,-13.5,-13.5,-13.5,-13.5,-13.5,-13.5,-13.5,-13.5,-13.5,-13.5,-13.5,-13.5,-13.5,-13.5,-13.5,-13.5,-13.5,-13.5,-13.5,-13.5,-13.5,-13.5
137,B30,-0.4,-0.4,-0.4,-0.4,-0.4,-0.4,-0.4,-0.4,-0.4,-0.4,-0.4,-0.4,-0.4,-0.4,-0.4,-0.4,-0.4,-0.4,-0.4,-0.4,-0.4,-0.4,-0.4,-0.4,-0.4,-0.4,-0.4,-0.4,-0.4,-0.4,-0.4,-0.4,-0.4,-0.4,-0.4,-0.4,-0.4,-0.4,-0.4,-0.4,-0.4,-0.4,-0.4,-0.4,-0.4,-0.4,-0.4,-0.4,-0.4,-0.4,-0.4,-0.4,-0.4,-0.4,-0.4,-0.4,-0.4,-0.4,-0.4,-0.4,-0.4,-0.4,-0.4,-0.4,-0.4,-0.4,-0.4,-0.4,-0.4,-0.4,-0.4,-0.4,-0.4,-0.4,-0.4,-0.4,-0.4,-0.4,-0.4,-0.4,-0.4,-0.4,-0.4,-0.4,-0.4,-0.4,-0.4,-0.4,-0.4,-0.4,-0.4,-0.4,-0.4,-0.4,-0.4,-0.4
138,B31,-4.2,-4.2,-4.2,-4.2,-4.2,-4.2,-4.2,-4.2,-4.2,-4.2,-4.2,-4.2,-4.2,-4.2,-4.2,-4.2,-4.2,-4.2,-4.2,-4.2,-4.2,-4.2,-4.2,-4.2,-4.2,-4.2,-4.2,-4.2,-4.2,-4.2,-4.2,-4.2,-4.2,-4.2,-4.2,-4.2,-4.2,-4.2,-4.2,-4.2,-4.2,-4.2,-4.2,-4.2,-4.2,-4.2,-4.2,-4.2,-4.2,-4.2,-4.2,-4.2,-4.2,-4.2,-4.2,-4.2,-4.2,-4.2,-4.2,-4.2,-4.2,-4.2,-4.2,-4.2,-4.2,-4.2,-4.2,-4.2,-4.2,-4.2,-4.2,-4.2,-4.2,-4.2,-4.2,-4.2,-4.2,-4.2,-4.2,-4.2,-4.2,-4.2,-4.2,-4.2,-4.2,-4.2,-4.2,-4.2,-4.2,-4.2,-4.2,-4.2,-4.2,-4.2,-4.2,-4.2
139,B32,-4.2,-4.2,-4.2,-4.2,-4.2,-4.2,-4.2,-4.2,-4.2,-4.2,-4.2,-4.2,-4.2,-4.2,-4.2,-4.2,-4.2,-4.2,-4.2,-4.2,-4.2,-4.2,-4.2,-4.2,-4.2,-4.2,-4.2,-4.2,-4.2,-4.2,-4.2,-4.2,-4.2,-4.2,-4.2,-4.2,-4.2,-4.2,-4.2,-4.2,-4.2,-4.2,-4.2,-4.2,-4.2,-4.2,-4.2,-4.2,-4.2,-4.2,-4.2,-4.2,-4.2,-4.2,-4.2,-4.2,-4.2,-4.2,-4.2,-4.2,-4.2,-4.2,-4.2,-4.2,-4.2,-4.2,-4.2,-4.2,-4.2,-4.2,-4.2,-4.2,-4.2,-4.2,-4.2,-4.2,-4.2,-4.2,-4.2,-4.2,-4.2,-4.2,-4.2,-4.2,-4.2,-4.2,-4.2,-4.2,-4.2,-4.2,-4.2,-4.2,-4.2,-4.2,-4.2,-4.2
140,B33,-4.2,-4.2,-4.2,-4.2,-4.2,-4.2,-4.2,-4.2,-4.2,-4.2,-4.2,-4.2,-4.2,-4.2,-4.2,-4.2,-4.2,-4.2,-4.2,-4.2,-4.2,-4.2,-4.2,-4.2,-4.2,-4.2,-4.2,-4.2,-4.2,-4.2,-4.2,-4.2,-4.2,-4.2,-4.2,-4.2,-4.2,-4.2,-4.2,-4.2,-4.2,-4.2,-4.2,-4.2,-4.2,-4.2,-4.2,-4.2,-4.2,-4.2,-4.2,-4.2,-4.2,-4.2,-4.2,-4.2,-4.2,-4.2,-4.2,-4.2,-4.2,-4.2,-4.2,-4.2,-4.2,-4.2,-4.2,-4.2,-4.2,-4.2,-4.2,-4.2,-4.2,-4.2,-4.2,-4.2,-4.2,-4.2,-4.2,-4.2,-4.2,-4.2,-4.2,-4.2,-4.2,-4.2,-4.2,-4.2,-4.2,-4.2,-4.2,-4.2,-4.2,-4.2,-4.2,-4.2
141,B34,-4.2,-4.2,-4.2,-4.2,-4.2,-4.2,-4.2,-4.2,-4.2,-4.2,-4.2,-4.2,-4.2,-4.2,-4.2,-4.2,-4.2,-4.2,-4.2,-4.2,-4.2,-4.2,-4.2,-4.2,-4.2,-4.2,-4.2,-4.2,-4.2,-4.2,-4.2,-4.2,-4.2,-4.2,-4.2,-4.2,-4.2,-4.2,-4.2,-4.2,-4.2,-4.2,-4.2,-4.2,-4.2,-4.2,-4.2,-4.2,-4.2,-4.2,-4.2,-4.2,-4.2,-4.2,-4.2,-4.2,-4.2,-4.2,-4.2,-4.2,-4.2,-4.2,-4.2,-4.2,-4.2,-4.2,-4.2,-4.2,-4.2,-4.2,-4.2,-4.2,-4.2,-4.2,-4.2,-4.2,-4.2,-4.2,-4.2,-4.2,-4.2,-4.2,-4.2,-4.2,-4.2,-4.2,-4.2,-4.2,-4.2,-4.2,-4.2,-4.2,-4.2,-4.2,-4.2,-4.2
142,B35,-3.45,-3.45,-3.45,-3.45,-3.45,-3.45,-3.45,-3.45,-3.45,-3.45,-3.45,-3.45,-3.45,-3.45,-3.45,-3.45,-3.45,-3.45,-3.45,-3.45,-3.45,-3.45,-3.45,-3.45,-3.45,-3.45,-3.45,-3.45,-3.45,-3.45,-3.45,-3.45,-3.45,-3.45,-3.45,-3.45,-3.45,-3.45,-3.45,-3.45,-3.45,-3.45,-3.45,-3.45,-3.45,-3.45,-3.45,-3.45,-3.45,-3.45,-3.45,-3.45,-3.45,-3.45,-3.45,-3.45,-3.45,-3.45,-3.45,-3.45,-3.45,-3.45,-3.45,-3.45,-3.45,-3.45,-3.45,-3.45,-3.45,-3.45,-3.45,-3.45,-3.45,-3.45,-3.45,-3.45,-3.45,-3.45,-3.45,-3.45,-3.45,-3.45,-3.45,-3.45,-3.45,-3.45,-3.45,-3.45,-3.45,-3.45,-3.45,-3.45,-3.45,-3.45,-3.45,-3.45
143,B36,-3.4,-3.4,-3.4,-3.4,-3.4,-3.4,-3.4,-3.4,-3.4,-3.4,-3.4,-3.4,-3.4,-3.4,-3.4,-3.4,-3.4,-3.4,-3.4,-3.4,-3.4,-3.4,-3.4,-3.4,-3.4,-3.4,-3.4,-3.4,-3.4,-3.4,-3.4,-3.4,-3.4,-3.4,-3.4,-3.4,-3.4,-3.4,-3.4,-3.4,-3.4,-3.4,-3.4,-3.4,-3.4,-3.4,-3.4,-3.4,-3.4,-3.4,-3.4,-3.4,-3.4,-3.4,-3.4,-3.4,-3.4,-3.4,-3.4,-3.4,-3.4,-3.4,-3.4,-3.4,-3.4,-3.4,-3.4,-3.4,-3.4,-3.4,-3.4,-3.4,-3.4,-3.4,-3.4,-3.4,-3.4,-3.4,-3.4,-3.4,-3.4,-3.4,-3.4,-3.4,-3.4,-3.4,-3.4,-3.4,-3.4,-3.4,-3.4,-3.4,-3.4,-3.4,-3.4,-3.4
144,B37,-3.4,-3.4,-3.4,-3.4,-3.4,-3.4,-3.4,-3.4,-3.4,-3.4,-3.4,-3.4,-3.4,-3.4,-3.4,-3.4,-3.4,-3.4,-3.4,-3.4,-3.4,-3.4,-3.4,-3.4,-3.4,-3.4,-3.4,-3.4,-3.4,-3.4,-3.4,-3.4,-3.4,-3.4,-3.4,-3.4,-3.4,-3.4,-3.4,-3.4,-3.4,-3.4,-3.4,-3.4,-3.4,-3.4,-3.4,-3.4,-3.4,-3.4,-3.4,-3.4,-3.4,-3.4,-3.4,-3.4,-3.4,-3.4,-3.4,-3.4,-3.4,-3.4,-3.4,-3.4,-3.4,-3.4,-3.4,-3.4,-3.4,-3.4,-3.4,-3.4,-3.4,-3.4,-3.4,-3.4,-3.4,-3.4,-3.4,-3.4,-3.4,-3.4,-3.4,-3.4,-3.4,-3.4,-3.4,-3.4,-3.4,-3.4,-3.4,-3.4,-3.4,-3.4,-3.4,-3.4
145,B38,-3.4,-3.4,-3.4,-3.4,-3.4,-3.4,-3.4,-3.4,-3.4,-3.4,-3.4,-3.4,-3.4,-3.4,-3.4,-3.4,-3.4,-3.4,-3.4,-3.4,-3.4,-3.4,-3.4,-3.4,-3.4,-3.4,-3.4,-3.4,-3.4,-3.4,-3.4,-3.4,-3.4,-3.4,-3.4,-3.4,-3.4,-3.4,-3.4,-3.4,-3.4,-3.4,-3.4,-3.4,-3.4,-3.4,-3.4,-3.4,-3.4,-3.4,-3.4,-3.4,-3.4,-3.4,-3.4,-3.4,-3.4,-3.4,-3.4,-3.4,-3.4,-3.4,-3.4,-3.4,-3.4,-3.4,-3.4,-3.4,-3.4,-3.4,-3.4,-3.4,-3.4,-3.4,-3.4,-3.4,-3.4,-3.4,-3.4,-3.4,-3.4,-3.4,-3.4,-3.4,-3.4,-3.4,-3.4,-3.4,-3.4,-3.4,-3.4,-3.4,-3.4,-3.4,-3.4,-3.4
146,B39,-3.4,-3.4,-3.4,-3.4,-3.4,-3.4,-3.4,-3.4,-3.4,-3.4,-3.4,-3.4,-3.4,-3.4,-3.4,-3.4,-3.4,-3.4,-3.4,-3.4,-3.4,-3.4,-3.4,-3.4,-3.4,-3.4,-3.4,-3.4,-3.4,-3.4,-3.4,-3.4,-3.4,-3.4,-3.4,-3.4,-3.4,-3.4,-3.4,-3.4,-3.4,-3.4,-3.4,-3.4,-3.4,-3.4,-3.4,-3.4,-3.4,-3.4,-3.4,-3.4,-3.4,-3.4,-3.4,-3.4,-3.4,-3.4,-3.4,-3.4,-3.4,-3.4,-3.4,-3.4,-3.4,-3.4,-3.4,-3.4,-3.4,-3.4,-3.4,-3.4,-3.4,-3.4,-3.4,-3.4,-3.4,-3.4,-3.4,-3.4,-3.4,-3.4,-3.4,-3.4,-3.4,-3.4,-3.4,-3.4,-3.4,-3.4,-3.4,-3.4,-3.4,-3.4,-3.4,-3.4
147,B40,-4,-4,-4,-4,-4,-4,-4,-4,-4,-4,-4,-4,-4,-4,-4,-4,-4,-4,-4,-4,-4,-4,-4,-4,-4,-4,-4,-4,-4,-4,-4,-4,-4,-4,-4,-4,-4,-4,-4,-4,-4,-4,-4,-4,-4,-4,-4,-4,-4,-4,-4,-4,-4,-4,-4,-4,-4,-4,-4,-4,-4,-4,-4,-4,-4,-4,-4,-4,-4,-4,-4,-4,-4,-4,-4,-4,-4,-4,-4,-4,-4,-4,-4,-4,-4,-4,-4,-4,-4,-4,-4,-4,-4,-4,-4,-4
148,B41,-4.1,-4.1,-4.1,-4.1,-4.1,-4.1,-4.1,-4.1,-4.1,-4.1,-4.1,-4.1,-4.1,-4.1,-4.1,-4.1,-4.1,-4.1,-4.1,-4.1,-4.1,-4.1,-4.1,-4.1,-4.1,-4.1,-4.1,-4.1,-4.1,-4.1,-4.1,-4.1,-4.1,-4.1,-4.1,-4.1,-4.1,-4.1,-4.1,-4.1,-4.1,-4.1,-4.1,-4.1,-4.1,-4.1,-4.1,-4.1,-4.1,-4.1,-4.1,-4.1,-4.1,-4.1,-4.1,-4.1,-4.1,-4.1,-4.1,-4.1,-4.1,-4.1,-4.1,-4.1,-4.1,-4.1,-4.1,-4.1,-4.1,-4.1,-4.1,-4.1,-4.1,-4.1,-4.1,-4.1,-4.1,-4.1,-4.1,-4.1,-4.1,-4.1,-4.1,-4.1,-4.1,-4.1,-4.1,-4.1,-4.1,-4.1,-4.1,-4.1,-4.1,-4.1,-4.1,-4.1
151,B42,-5.7,-5.7,-5.7,-5.7,-5.7,-5.7,-5.7,-5.7,-5.7,-5.7,-5.7,-5.7,-5.7,-5.7,-5.7,-5.7,-5.7,-5.7,-5.7,-5.7,-5.7,-5.7,-5.7,-5.7,-5.7,-5.7,-5.7,-5.7,-5.7,-5.7,-5.7,-5.7,-5.7,-5.7,-5.7,-5.7,-5.7,-5.7,-5.7,-5.7,-5.7,-5.7,-5.7,-5.7,-5.7,-5.7,-5.7,-5.7,-5.7,-5.7,-5.7,-5.7,-5.7,-5.7,-5.7,-5.7,-5.7,-5.7,-5.7,-5.7,-5.7,-5.7,-5.7,-5.7,-5.7,-5.7,-5.7,-5.7,-5.7,-5.7,-5.7,-5.7,-5.7,-5.7,-5.7,-5.7,-5.7,-5.7,-5.7,-5.7,-5.7,-5.7,-5.7,-5.7,-5.7,-5.7,-5.7,-5.7,-5.7,-5.7,-5.7,-5.7,-5.7,-5.7,-5.7,-5.7
152,B43,-5.7,-5.7,-5.7,-5.7,-5.7,-5.7,-5.7,-5.7,-5.7,-5.7,-5.7,-5.7,-5.7,-5.7,-5.7,-5.7,-5.7,-5.7,-5.7,-5.7,-5.7,-5.7,-5.7,-5.7,-5.7,-5.7,-5.7,-5.7,-5.7,-5.7,-5.7,-5.7,-5.7,-5.7,-5.7,-5.7,-5.7,-5.7,-5.7,-5.7,-5.7,-5.7,-5.7,-5.7,-5.7,-5.7,-5.7,-5.7,-5.7,-5.7,-5.7,-5.7,-5.7,-5.7,-5.7,-5.7,-5.7,-5.7,-5.7,-5.7,-5.7,-5.7,-5.7,-5.7,-5.7,-5.7,-5.7,-5.7,-5.7,-5.7,-5.7,-5.7,-5.7,-5.7,-5.7,-5.7,-5.7,-5.7,-5.7,-5.7,-5.7,-5.7,-5.7,-5.7,-5.7,-5.7,-5.7,-5.7,-5.7,-5.7,-5.7,-5.7,-5.7,-5.7,-5.7,-5.7
153,B44,-5.7,-5.7,-5.7,-5.7,-5.7,-5.7,-5.7,-5.7,-5.7,-5.7,-5.7,-5.7,-5.7,-5.7,-5.7,-5.7,-5.7,-5.7,-5.7,-5.7,-5.7,-5.7,-5.7,-5.7,-5.7,-5.7,-5.7,-5.7,-5.7,-5.7,-5.7,-5.7,-5.7,-5.7,-5.7,-5.7,-5.7,-5.7,-5.7,-5.7,-5.7,-5.7,-5.7,-5.7,-5.7,-5.7,-5.7,-5.7,-5.7,-5.7,-5.7,-5.7,-5.7,-5.7,-5.7,-5.7,-5.7,-5.7,-5.7,-5.7,-5.7,-5.7,-5.7,-5.7,-5.7,-5.7,-5.7,-5.7,-5.7,-5.7,-5.7,-5.7,-5.7,-5.7,-5.7,-5.7,-5.7,-5.7,-5.7,-5.7,-5.7,-5.7,-5.7,-5.7,-5.7,-5.7,-5.7,-5.7,-5.7,-5.7,-5.7,-5.7,-5.7,-5.7,-5.7,-5.7
154,B45,-5.7,-5.7,-5.7,-5.7,-5.7,-5.7,-5.7,-5.7,-5.7,-5.7,-5.7,-5.7,-5.7,-5.7,-5.7,-5.7,-5.7,-5.7,-5.7,-5.7,-5.7,-5.7,-5.7,-5.7,-5.7,-5.7,-5.7,-5.7,-5.7,-5.7,-5.7,-5.7,-5.7,-5.7,-5.7,-5.7,-5.7,-5.7,-5.7,-5.7,-5.7,-5.7,-5.7,-5.7,-5.7,-5.7,-5.7,-5.7,-5.7,-5.7,-5.7,-5.7,-5.7,-5.7,-5.7,-5.7,-5.7,-5.7,-5.7,-5.7,-5.7,-5.7,-5.7,-5.7,-5.7,-5.7,-5.7,-5.7,-5.7,-5.7,-5.7,-5.7,-5.7,-5.7,-5.7,-5.7,-5.7,-5.7,-5.7,-5.7,-5.7,-5.7,-5.7,-5.7,-5.7,-5.7,-5.7,-5.7,-5.7,-5.7,-5.7,-5.7,-5.7,-5.7,-5.7,-5.7
155,B46,-5.7,-5.7,-5.7,-5.7,-5.7,-5.7,-5.7,-5.7,-5.7,-5.7,-5.7,-5.7,-5.7,-5.7,-5.7,-5.7,-5.7,-5.7,-5.7,-5.7,-5.7,-5.7,-5.7,-5.7,-5.7,-5.7,-5.7,-5.7,-5.7,-5.7,-5.7,-5.7,-5.7,-5.7,-5.7,-5.7,-5.7,-5.7,-5.7,-5.7,-5.7,-5.7,-5.7,-5.7,-5.7,-5.7,-5.7,-5.7,-5.7,-5.7,-5.7,-5.7,-5.7,-5.7,-5.7,-5.7,-5.7,-5.7,-5.7,-5.7,-5.7,-5.7,-5.7,-5.7,-5.7,-5.7,-5.7,-5.7,-5.7,-5.7,-5.7,-5.7,-5.7,-5.7,-5.7,-5.7,-5.7,-5.7,-5.7,-5.7,-5.7,-5.7,-5.7,-5.7,-5.7,-5.7,-5.7,-5.7,-5.7,-5.7,-5.7,-5.7,-5.7,-5.7,-5.7,-5.7
156,B47,-5.7,-5.7,-5.7,-5.7,-5.7,-5.7,-5.7,-5.7,-5.7,-5.7,-5.7,-5.7,-5.7,-5.7,-5.7,-5.7,-5.7,-5.7,-5.7,-5.7,-5.7,-5.7,-5.7,-5.7,-5.7,-5.7,-5.7,-5.7,-5.7,-5.7,-5.7,-5.7,-5.7,-5.7,-5.7,-5.7,-5.7,-5.7,-5.7,-5.7,-5.7,-5.7,-5.7,-5.7,-5.7,-5.7,-5.7,-5.7,-5.7,-5.7,-5.7,-5.7,-5.7,-5.7,-5.7,-5.7,-5.7,-5.7,-5.7,-5.7,-5.7,-5.7,-5.7,-5.7,-5.7,-5.7,-5.7,-5.7,-5.7,-5.7,-5.7,-5.7,-5.7,-5.7,-5.7,-5.7,-5.7,-5.7,-5.7,-5.7,-5.7,-5.7,-5.7,-5.7,-5.7,-5.7,-5.7,-5.7,-5.7,-5.7,-5.7,-5.7,-5.7,-5.7,-5.7,-5.7
157,B48,-5.7,-5.7,-5.7,-5.7,-5.7,-5.7,-5.7,-5.7,-5.7,-5.7,-5.7,-5.7,-5.7,-5.7,-5.7,-5.7,-5.7,-5.7,-5.7,-5.7,-5.7,-5.7,-5.7,-5.7,-5.7,-5.7,-5.7,-5.7,-5.7,-5.7,-5.7,-5.7,-5.7,-5.7,-5.7,-5.7,-5.7,-5.7,-5.7,-5.7,-5.7,-5.7,-5.7,-5.7,-5.7,-5.7,-5.7,-5.7,-5.7,-5.7,-5.7,-5.7,-5.7,-5.7,-5.7,-5.7,-5.7,-5.7,-5.7,-5.7,-5.7,-5.7,-5.7,-5.7,-5.7,-5.7,-5.7,-5.7,-5.7,-5.7,-5.7,-5.7,-5.7,-5.7,-5.7,-5.7,-5.7,-5.7,-5.7,-5.7,-5.7,-5.7,-5.7,-5.7,-5.7,-5.7,-5.7,-5.7,-5.7,-5.7,-5.7,-5.7,-5.7,-5.7,-5.7,-5.7
158,B49,-5.7,-5.7,-5.7,-5.7,-5.7,-5.7,-5.7,-5.7,-5.7,-5.7,-5.7,-5.7,-5.7,-5.7,-5.7,-5.7,-5.7,-5.7,-5.7,-5.7,-5.7,-5.7,-5.7,-5.7,-5.7,-5.7,-5.7,-5.7,-5.7,-5.7,-5.7,-5.7,-5.7,-5.7,-5.7,-5.7,-5.7,-5.7,-5.7,-5.7,-5.7,-5.7,-5.7,-5.7,-5.7,-5.7,-5.7,-5.7,-5.7,-5.7,-5.7,-5.7,-5.7,-5.7,-5.7,-5.7,-5.7,-5.7,-5.7,-5.7,-5.7,-5.7,-5.7,-5.7,-5.7,-5.7,-5.7,-5.7,-5.7,-5.7,-5.7,-5.7,-5.7,-5.7,-5.7,-5.7,-5.7,-5.7,-5.7,-5.7,-5.7,-5.7,-5.7,-5.7,-5.7,-5.7,-5.7,-5.7,-5.7,-5.7,-5.7,-5.7,-5.7,-5.7,-5.7,-5.7
159,B50,-2.4,-2.4,-2.4,-2.4,-2.4,-2.4,-2.4,-2.4,-2.4,-2.4,-2.4,-2.4,-2.4,-2.4,-2.4,-2.4,-2.4,-2.4,-2.4,-2.4,-2.4,-2.4,-2.4,-2.4,-2.4,-2.4,-2.4,-2.4,-2.4,-2.4,-2.4,-2.4,-2.4,-2.4,-2.4,-2.4,-2.4,-2.4,-2.4,-2.4,-2.4,-2.4,-2.4,-2.4,-2.4,-2.4,-2.4,-2.4,-2.4,-2.4,-2.4,-2.4,-2.4,-2.4,-2.4,-2.4,-2.4,-2.4,-2.4,-2.4,-2.4,-2.4,-2.4,-2.4,-2.4,-2.4,-2.4,-2.4,-2.4,-2.4,-2.4,-2.4,-2.4,-2.4,-2.4,-2.4,-2.4,-2.4,-2.4,-2.4,-2.4,-2.4,-2.4,-2.4,-2.4,-2.4,-2.4,-2.4,-2.4,-2.4,-2.4,-2.4,-2.4,-2.4,-2.4,-2.4
161,B51,-20,-20,-20,-20,-20,-20,-20,-20,-20,-20,-20,-20,-20,-20,-20,-20,-20,-20,-20,-20,-20,-20,-20,-20,-20,-20,-20,-20,-20,-20,-20,-20,-20,-20,-20,-20,-20,-20,-20,-20,-20,-20,-20,-20,-20,-20,-20,-20,-20,-20,-20,-20,-20,-20,-20,-20,-20,-20,-20,-20,-20,-20,-20,-20,-20,-20,-20,-20,-20,-20,-20,-20,-20,-20,-20,-20,-20,-20,-20,-20,-20,-20,-20,-20,-20,-20,-20,-20,-20,-20,-20,-20,-20,-20,-20,-20
162,B52,-20,-20,-20,-20,-20,-20,-20,-20,-20,-20,-20,-20,-20,-20,-20,-20,-20,-20,-20,-20,-20,-20,-20,-20,-20,-20,-20,-20,-20,-20,-20,-20,-20,-20,-20,-20,-20,-20,-20,-20,-20,-20,-20,-20,-20,-20,-20,-20,-20,-20,-20,-20,-20,-20,-20,-20,-20,-20,-20,-20,-20,-20,-20,-20,-20,-20,-20,-20,-20,-20,-20,-20,-20,-20,-20,-20,-20,-20,-20,-20,-20,-20,-20,-20,-20,-20,-20,-20,-20,-20,-20,-20,-20,-20,-20,-20
163,B53,-20,-20,-20,-20,-20,-20,-20,-20,-20,-20,-20,-20,-20,-20,-20,-20,-20,-20,-20,-20,-20,-20,-20,-20,-20,-20,-20,-20,-20,-20,-20,-20,-20,-20,-20,-20,-20,-20,-20,-20,-20,-20,-20,-20,-20,-20,-20,-20,-20,-20,-20,-20,-20,-20,-20,-20,-20,-20,-20,-20,-20,-20,-20,-20,-20,-20,-20,-20,-20,-20,-20,-20,-20,-20,-20,-20,-20,-20,-20,-20,-20,-20,-20,-20,-20,-20,-20,-20,-20,-20,-20,-20,-20,-20,-20,-20
165,B54,-2,-2,-2,-2,-2,-2,-2,-2,-2,-2,-2,-2,-2,-2,-2,-2,-2,-2,-2,-2,-2,-2,-2,-2,-2,-2,-2,-2,-2,-2,-2,-2,-2,-2,-2,-2,-2,-2,-2,-2,-2,-2,-2,-2,-2,-2,-2,-2,-2,-2,-2,-2,-2,-2,-2,-2,-2,-2,-2,-2,-2,-2,-2,-2,-2,-2,-2,-2,-2,-2,-2,-2,-2,-2,-2,-2,-2,-2,-2,-2,-2,-2,0,0,0,-2,-2,-2,-2,-2,-2,-2,-2,-2,-2,-2
166,B55,-2,-2,-2,-2,-2,-2,-2,-2,-2,-2,-2,-2,-2,-2,-2,-2,-2,-2,-2,-2,-2,-2,-2,-2,-2,-2,-2,-2,-2,-2,-2,-2,-2,-2,-2,-2,-2,-2,-2,-2,-2,-2,-2,-2,-2,-2,-2,-2,-2,-2,-2,-2,-2,-2,-2,-2,-2,-2,-2,-2,-2,-2,-2,-2,-2,-2,-2,-2,-2,-2,-2,-2,-2,-2,-2,-2,-2,-2,-2,-2,-2,-2,0,0,0,-2,-2,-2,-2,-2,-2,-2,-2,-2,-2,-2
167,B56,-2,-2,-2,-2,-2,-2,-2,-2,-2,-2,-2,-2,-2,-2,-2,-2,-2,-2,-2,-2,-2,-2,-2,-2,-2,-2,-2,-2,-2,-2,-2,-2,-2,-2,-2,-2,-2,-2,-2,-2,-2,-2,-2,-2,-2,-2,-2,-2,-2,-2,-2,-2,-2,-2,-2,-2,-2,-2,-2,-2,-2,-2,-2,-2,-2,-2,-2,-2,-2,-2,-2,-2,-2,-2,-2,-2,-2,-2,-2,-2,-2,-2,0,0,0,-2,-2,-2,-2,-2,-2,-2,-2,-2,-2,-2
170,B57,-3.8,-3.8,-3.8,-3.8,-3.8,-3.8,-3.8,-3.8,-3.8,-3.8,-3.8,-3.8,-3.8,-3.8,-3.8,-3.8,-3.8,-3.8,-3.8,-3.8,-3.8,-3.8,-3.8,-3.8,-3.8,-3.8,-3.8,-3.8,-3.8,-3.8,-3.8,-3.8,-3.8,-3.8,-3.8,-3.8,-3.8,-3.8,-3.8,-3.8,-3.8,-3.8,-3.8,-3.8,-3.8,-3.8,-3.8,-3.8,-3.8,-3.8,-3.8,-3.8,-3.8,-3.8,-3.8,-3.8,-3.8,-3.8,-3.8,-3.8,-3.8,-3.8,-3.8,-3.8,-3.8,-3.8,-3.8,-3.8,-3.8,-3.8,-3.8,-3.8,-3.8,-3.8,-3.8,-3.8,-3.8,-3.8,-3.8,-3.8,-3.8,-3.8,-3.8,-3.8,-3.8,-3.8,-3.8,-3.8,-3.8,-3.8,-3.8,-3.8,-3.8,-3.8,-3.8,-3.8
171,B58,-3.8,-3.8,-3.8,-3.8,-3.8,-3.8,-3.8,-3.8,-3.8,-3.8,-3.8,-3.8,-3.8,-3.8,-3.8,-3.8,-3.8,-3.8,-3.8,-3.8,-3.8,-3.8,-3.8,-3.8,-3.8,-3.8,-3.8,-3.8,-3.8,-3.8,-3.8,-3.8,-3.8,-3.8,-3.8,-3.8,-3.8,-3.8,-3.8,-3.8,-3.8,-3.8,-3.8,-3.8,-3.8,-3.8,-3.8,-3.8,-3.8,-3.8,-3.8,-3.8,-3.8,-3.8,-3.8,-3.8,-3.8,-3.8,-3.8,-3.8,-3.8,-3.8,-3.8,-3.8,-3.8,-3.8,-3.8,-3.8,-3.8,-3.8,-3.8,-3.8,-3.8,-3.8,-3.8,-3.8,-3.8,-3.8,-3.8,-3.8,-3.8,-3.8,-3.8,-3.8,-3.8,-3.8,-3.8,-3.8,-3.8,-3.8,-3.8,-3.8,-3.8,-3.8,-3.8,-3.8
172,B59,-3.8,-3.8,-3.8,-3.8,-3.8,-3.8,-3.8,-3.8,-3.8,-3.8,-3.8,-3.8,-3.8,-3.8,-3.8,-3.8,-3.8,-3.8,-3.8,-3.8,-3.8,-3.8,-3.8,-3.8,-3.8,-3.8,-3.8,-3.8,-3.8,-3.8,-3.8,-3.8,-3.8,-3.8,-3.8,-3.8,-3.8,-3.8,-3.8,-3.8,-3.8,-3.8,-3.8,-3.8,-3.8,-3.8,-3.8,-3.8,-3.8,-3.8,-3.8,-3.8,-3.8,-3.8,-3.8,-3.8,-3.8,-3.8,-3.8,-3.8,-3.8,-3.8,-3.8,-3.8,-3.8,-3.8,-3.8,-3.8,-3.8,-3.8,-3.8,-3.8,-3.8,-3.8,-3.8,-3.8,-3.8,-3.8,-3.8,-3.8,-3.8,-3.8,-3.8,-3.8,-3.8,-3.8,-3.8,-3.8,-3.8,-3.8,-3.8,-3.8,-3.8,-3.8,-3.8,-3.8
173,B60,-3.8,-3.8,-3.8,-3.8,-3.8,-3.8,-3.8,-3.8,-3.8,-3.8,-3.8,-3.8,-3.8,-3.8,-3.8,-3.8,-3.8,-3.8,-3.8,-3.8,-3.8,-3.8,-3.8,-3.8,-3.8,-3.8,-3.8,-3.8,-3.8,-3.8,-3.8,-3.8,-3.8,-3.8,-3.8,-3.8,-3.8,-3.8,-3.8,-3.8,-3.8,-3.8,-3.8,-3.8,-3.8,-3.8,-3.8,-3.8,-3.8,-3.8,-3.8,-3.8,-3.8,-3.8,-3.8,-3.8,-3.8,-3.8,-3.8,-3.8,-3.8,-3.8,-3.8,-3.8,-3.8,-3.8,-3.8,-3.8,-3.8,-3.8,-3.8,-3.8,-3.8,-3.8,-3.8,-3.8,-3.8,-3.8,-3.8,-3.8,-3.8,-3.8,-3.8,-3.8,-3.8,-3.8,-3.8,-3.8,-3.8,-3.8,-3.8,-3.8,-3.8,-3.8,-3.8,-3.8
174,B61,-3.8,-3.8,-3.8,-3.8,-3.8,-3.8,-3.8,-3.8,-3.8,-3.8,-3.8,-3.8,-3.8,-3.8,-3.8,-3.8,-3.8,-3.8,-3.8,-3.8,-3.8,-3.8,-3.8,-3.8,-3.8,-3.8,-3.8,-3.8,-3.8,-3.8,-3.8,-3.8,-3.8,-3.8,-3.8,-3.8,-3.8,-3.8,-3.8,-3.8,-3.8,-3.8,-3.8,-3.8,-3.8,-3.8,-3.8,-3.8,-3.8,-3.8,-3.8,-3.8,-3.8,-3.8,-3.8,-3.8,-3.8,-3.8,-3.8,-3.8,-3.8,-3.8,-3.8,-3.8,-3.8,-3.8,-3.8,-3.8,-3.8,-3.8,-3.8,-3.8,-3.8,-3.8,-3.8,-3.8,-3.8,-3.8,-3.8,-3.8,-3.8,-3.8,-3.8,-3.8,-3.8,-3.8,-3.8,-3.8,-3.8,-3.8,-3.8,-3.8,-3.8,-3.8,-3.8,-3.8
175,B62,-3.6,-3.6,-3.6,-3.6,-3.6,-3.6,-3.6,-3.6,-3.6,-3.6,-3.6,-3.6,-3.6,-3.6,-3.6,-3.6,-3.6,-3.6,-3.6,-3.6,-3.6,-3.6,-3.6,-3.6,-3.6,-3.6,-3.6,-3.6,-3.6,-3.6,-3.6,-3.6,-3.6,-3.6,-3.6,-3.6,-3.6,-3.6,-3.6,-3.6,-3.6,-3.6,-3.6,-3.6,-3.6,-3.6,-3.6,-3.6,-3.6,-3.6,-3.6,-3.6,-3.6,-3.6,-3.6,-3.6,-3.6,-3.6,-3.6,-3.6,-3.6,-3.6,-3.6,-3.6,-3.6,-3.6,-3.6,-3.6,-3.6,-3.6,-3.6,-3.6,-3.6,-3.6,-3.6,-3.6,-3.6,-3.6,-3.6,-3.6,-3.6,-3.6,-3.6,-3.6,-3.6,-3.6,-3.6,-3.6,-3.6,-3.6,-3.6,-3.6,-3.6,-3.6,-3.6,-3.6
180,B63,-1.95,-1.95,-1.95,-1.95,-1.95,-1.95,-1.95,-1.95,-1.95,-1.95,-1.95,-1.95,-1.95,-1.95,-1.95,-1.95,-1.95,-1.95,-1.95,-1.95,-1.95,-1.95,-1.95,-1.95,-1.95,-1.95,-1.95,-1.95,-1.95,-1.95,-1.95,-1.95,-1.95,-1.95,-1.95,-1.95,-1.95,-1.95,-1.95,-1.95,-1.95,-1.95,-1.95,-1.95,-1.95,-1.95,-1.95,-1.95,-1.95,-1.95,-1.95,-1.95,-1.95,-1.95,-1.95,-1.95,-1.95,-1.95,-1.95,-1.95,-1.95,-1.95,-1.95,-1.95,-1.95,-1.95,-1.95,-1.95,-1.95,-1.95,-1.95,-1.95,-1.95,-1.95,-1.95,-1.95,-1.95,-1.95,-1.95,-1.95,-1.95,-1.95,-1.95,-1.95,-1.95,-1.95,-1.95,-1.95,-1.95,-1.95,-1.95,-1.95,-1.95,-1.95,-1.95,-1.95
181,B64,-1.95,-1.95,-1.95,-1.95,-1.95,-1.95,-1.95,-1.95,-1.95,-1.95,-1.95,-1.95,-1.95,-1.95,-1.95,-1.95,-1.95,-1.95,-1.95,-1.95,-1.95,-1.95,-1.95,-1.95,-1.95,-1.95,-1.95,-1.95,-1.95,-1.95,-1.95,-1.95,-1.95,-1.95,-1.95,-1.95,-1.95,-1.95,-1.95,-1.95,-1.95,-1.95,-1.95,-1.95,-1.95,-1.95,-1.95,-1.95,-1.95,-1.95,-1.95,-1.95,-1.95,-1.95,-1.95,-1.95,-1.95,-1.95,-1.95,-1.95,-1.95,-1.95,-1.95,-1.95,-1.95,-1.95,-1.95,-1.95,-1.95,-1.95,-1.95,-1.95,-1.95,-1.95,-1.95,-1.95,-1.95,-1.95,-1.95,-1.95,-1.95,-1.95,-1.95,-1.95,-1.95,-1.95,-1.95,-1.95,-1.95,-1.95,-1.95,-1.95,-1.95,-1.95,-1.95,-1.95
182,B65,-1.91,-1.91,-1.91,-1.91,-1.91,-1.91,-1.91,-1.91,-1.91,-1.91,-1.91,-1.91,-1.91,-1.91,-1.91,-1.91,-1.91,-1.91,-1.91,-1.91,-1.91,-1.91,-1.91,-1.91,-1.91,-1.91,-1.91,-1.91,-1.91,-1.91,-1.91,-1.91,-1.91,-1.91,-1.91,-1.91,-1.91,-1.91,-1.91,-1.91,-1.91,-1.91,-1.91,-1.91,-1.91,-1.91,-1.91,-1.91,-1.91,-1.91,-1.91,-1.91,-1.91,-1.91,-1.91,-1.91,-1.91,-1.91,-1.91,-1.91,-1.91,-1.91,-1.91,-1.91,-1.91,-1.91,-1.91,-1.91,-1.91,-1.91,-1.91,-1.91,-1.91,-1.91,-1.91,-1.91,-1.91,-1.91,-1.91,-1.91,-1.91,-1.91,-1.91,-1.91,-1.91,-1.91,-1.91,-1.91,-1.91,-1.91,-1.91,-1.91,-1.91,-1.91,-1.91,-1.91
183,B66,-2.1,-2.1,-2.1,-2.1,-2.1,-2.1,-2.1,-2.1,-2.1,-2.1,-2.1,-2.1,-2.1,-2.1,-2.1,-2.1,-2.1,-2.1,-2.1,-2.1,-2.1,-2.1,-2.1,-2.1,-2.1,-2.1,-2.1,-2.1,-2.1,-2.1,-2.1,-2.1,-2.1,-2.1,-2.1,-2.1,-2.1,-2.1,-2.1,-2.1,-2.1,-2.1,-2.1,-2.1,-2.1,-2.1,-2.1,-2.1,-2.1,-2.1,-2.1,-2.1,-2.1,-2.1,-2.1,-2.1,-2.1,-2.1,-2.1,-2.1,-2.1,-2.1,-2.1,-2.1,-2.1,-2.1,-2.1,-2.1,-2.1,-2.1,-2.1,-2.1,-2.1,-2.1,-2.1,-2.1,-2.1,-2.1,-2.1,-2.1,-2.1,-2.1,-2.1,-2.1,-2.1,-2.1,-2.1,-2.1,-2.1,-2.1,-2.1,-2.1,-2.1,-2.1,-2.1,-2.1
189,B67,-2.75,-2.75,-2.75,-2.75,-2.75,-2.75,-2.75,-2.75,-2.75,-2.75,-2.75,-2.75,-2.75,-2.75,-2.75,-2.75,-2.75,-2.75,-2.75,-2.75,-2.75,-2.75,-2.75,-2.75,-2.75,-2.75,-2.75,-2.75,-2.75,-2.75,-2.75,-2.75,-2.75,-2.75,-2.75,-2.75,-2.75,-2.75,-2.75,-2.75,-2.75,-2.75,-2.75,-2.75,-2.75,-2.75,-2.75,-2.75,-2.75,-2.75,-2.75,-2.75,-2.75,-2.75,-2.75,-2.75,-2.75,-2.75,-2.75,-2.75,-2.75,-2.75,-2.75,-2.75,-2.75,-2.75,-2.75,-2.75,-2.75,-2.75,-2.75,-2.75,-2.75,-2.75,-2.75,-2.75,-2.75,-2.75,-2.75,-2.75,-2.75,-2.75,-0.5175858,-2.75,-2.75,-2.75,-2.75,-2.75,-2.75,-2.75,-2.75,-2.75,-2.75,-2.75,-2.75,-2.75
190,B68,-2.75,-2.75,-2.75,-2.75,-2.75,-2.75,-2.75,-2.75,-2.75,-2.75,-2.75,-2.75,-2.75,-2.75,-2.75,-2.75,-2.75,-2.75,-2.75,-2.75,-2.75,-2.75,-2.75,-2.75,-2.75,-2.75,-2.75,-2.75,-2.75,-2.75,-2.75,-2.75,-2.75,-2.75,-2.75,-2.75,-2.75,-2.75,-2.75,-2.75,-2.75,-2.75,-2.75,-2.75,-2.75,-2.75,-2.75,-2.75,-2.75,-2.75,-2.75,-2.75,-2.75,-2.75,-2.75,-2.75,-2.75,-2.75,-2.75,-2.75,-2.75,-2.75,-2.75,-2.75,-2.75,-2.75,-2.75,-2.75,-2.75,-2.75,-2.75,-2.75,-2.75,-2.75,-2.75,-2.75,-2.75,-2.75,-2.75,-2.75,-2.75,-2.75,0,-2.75,-2.75,-2.75,-2.75,-2.75,-2.75,-2.75,-2.75,-2.75,-2.75,-2.75,-2.75,-2.75
191,B69,-2,-2,-2,-2,-2,-2,-2,-2,-2,-2,-2,-2,-2,-2,-2,-2,-2,-2,-2,-2,-2,-2,-2,-2,-2,-2,-2,-2,-2,-2,-2,-2,-2,-2,-2,-2,-2,-2,-2,-2,-2,-2,-2,-2,-2,-2,-2,-2,-2,-2,-2,-2,-2,-2,-2,-2,-2,-2,-2,-2,-2,-2,-2,-2,-2,-2,-2,-2,-2,-2,-2,-2,-2,-2,-2,-2,-2,-2,-2,-2,-2,-2,-2,-2,-2,-2,-2,-2,-2,-2,-2,-2,-2,-2,-2,-2
196,B70,-1.2,-1.2,-1.2,-1.2,-1.2,-1.2,-1.2,-1.2,-1.2,-1.2,-1.2,-1.2,-1.2,-1.2,-1.2,-1.2,-1.2,-1.2,-1.2,-1.2,-1.2,-1.2,-1.2,-1.2,-1.2,-1.2,-1.2,-1.2,-1.2,-1.2,-1.2,-1.2,-1.2,-1.2,-1.2,-1.2,-1.2,-1.2,-1.2,-1.2,-1.2,-1.2,-1.2,-1.2,-1.2,-1.2,-1.2,-1.2,-1.2,-1.2,-1.2,-1.2,-1.2,-1.2,-1.2,-1.2,-1.2,-1.2,-1.2,-1.2,-1.2,-1.2,-1.2,-1.2,-1.2,-1.2,-1.2,-1.2,-1.2,-1.2,-1.2,-1.2,-1.2,-1.2,-1.2,-1.2,-1.2,-1.2,-1.2,-1.2,-1.2,-1.2,0,-1.2,-1.2,-1.2,-1.2,-1.2,-1.2,-1.2,-1.2,-1.2,-1.2,-1.2,-1.2,-1.2
197,B71,-1.25,-1.25,-1.25,-1.25,-1.25,-1.25,-1.25,-1.25,-1.25,-1.25,-1.25,-1.25,-1.25,-1.25,-1.25,-1.25,-1.25,-1.25,-1.25,-1.25,-1.25,-1.25,-1.25,-1.25,-1.25,-1.25,-1.25,-1.25,-1.25,-1.25,-1.25,-1.25,-1.25,-1.25,-1.25,-1.25,-1.25,-1.25,-1.25,-1.25,-1.25,-1.25,-1.25,-1.25,-1.25,-1.25,-1.25,-1.25,-1.25,-1.25,-1.25,-1.25,-1.25,-1.25,-1.25,-1.25,-1.25,-1.25,-1.25,-1.25,-1.25,-1.25,-1.25,-1.25,-1.25,-1.25,-1.25,-1.25,-1.25,-1.25,-1.25,-1.25,-1.25,-1.25,-1.25,-1.25,-1.25,-1.25,-1.25,-1.25,-1.25,-1.25,0,-1.25,-1.25,-1.25,-1.25,-1.25,-1.25,-1.25,-1.25,-1.25,-1.25,-1.25,-1.25,-1.25
202,B72,-3.65,-3.65,-3.65,-3.65,-3.65,-3.65,-3.65,-3.65,-3.65,-3.65,-3.65,-3.65,-3.65,-3.65,-3.65,-3.65,-3.65,-3.65,-3.65,-3.65,-3.65,-3.65,-3.65,-3.65,-3.65,-3.65,-3.65,-3.65,-3.65,-3.65,-3.65,-3.65,-3.65,-3.65,-3.65,-3.65,-3.65,-3.65,-3.65,-3.65,-3.65,-3.65,-3.65,-3.65,-3.65,-3.65,-3.65,-3.65,-3.65,-3.65,-3.65,-3.65,-3.65,-3.65,-3.65,-3.65,-3.65,-3.65,-3.65,-3.65,-3.65,-3.65,-3.65,-3.65,-3.65,-3.65,-3.65,-3.65,-3.65,-3.65,-3.65,-3.65,-3.65,-3.65,-3.65,-3.65,-3.65,-3.65,-3.65,-3.65,-3.65,0,0,0,0,0,0,-1.5831244,-3.65,-3.65,-3.65,-3.65,-3.65,-3.65,-3.65,-3.65
208,B73,-3,-3,-3,-3,-3,-3,-3,-3,-3,-3,0,-3,-3,-3,-3,-3,0,-3,-3,-3,-3,-3,-3,-3,-3,-3,-3,-3,-3,-3,-3,-3,-3,-3,-3,-3,-3,-3,-3,-3,-3,-3,-3,-3,-3,-3,-3,-3,-3,-3,-3,-3,-3,-3,-3,-3,-3,-3,-3,-3,-3,-3,-3,-3,-3,-3,-3,-3,-3,-3,-3,-3,-3,-3,-3,-3,-3,-3,-3,-3,-3,-3,-3,-3,-3,-3,-3,-3,-3,-3,-3,-3,-3,-3,-3,-3
209,B74,-3,-3,-3,-3,-3,-3,-3,-3,-3,-3,-0.0195648,-3,-3,-3,-3,-3,0,-3,-3,-3,-3,-3,-3,-3,-3,-3,-3,-3,-3,-3,-3,-3,-3,-3,-3,-3,-3,-3,-3,-3,-3,-3,-3,-3,-3,-3,-3,-3,-3,-3,-3,-3,-3,-3,-3,-3,-3,-3,-3,-3,-3,-3,-3,-3,-3,-3,-3,-3,-3,-3,-3,-3,-3,-3,-3,-3,-3,-3,-3,-3,-3,-3,-3,-3,-3,-3,-3,-3,-3,-3,-3,-3,-3,-3,-3,-3
2182,B75,-20,-20,-20,-20,-20,-20,-20,-20,-20,-20,-20,-20,-20,-20,-20,-20,-20,-20,-20,-20,-20,-20,-20,-20,-20,-20,-20,-20,-20,-20,-20,-20,-20,-20,-20,-20,-20,-20,-20,-20,-20,-20,-20,-20,-20,-20,-20,-20,-20,-20,-20,-20,-20,-20,-20,-20,-20,-20,-20,-20,-20,-20,-20,-20,-20,-20,-20,-20,-20,-20,-20,-20,-20,-20,-20,-20,-20,-20,-20,-20,-20,-20,-20,-20,-20,-20,-20,-20,-20,-20,-20,-20,-20,-20,-20,-20
2183,B76,-20,-20,-20,-20,-20,-20,-20,-20,-20,-20,-20,-20,-20,-20,-20,-20,-20,-20,-20,-20,-20,-20,-20,-20,-20,-20,-20,-20,-20,-20,-20,-20,-20,-20,-20,-20,-20,-20,-20,-20,-20,-20,-20,-20,-20,-20,-20,-20,-20,-20,-20,-20,-20,-20,-20,-20,-20,-20,-20,-20,-20,-20,-20,-20,-20,-20,-20,-20,-20,-20,-20,-20,-20,-20,-20,-20,-20,-20,-20,-20,-20,-20,-20,-20,-20,-20,-20,-20,-20,-20,-20,-20,-20,-20,-20,-20
2184,B77,-20,-20,-20,-20,-20,-20,-20,-20,-20,-20,-20,-20,-20,-20,-20,-20,-20,-20,-20,-20,-20,-20,-20,-20,-20,-20,-20,-20,-20,-20,-20,-20,-20,-20,-20,-20,-20,-20,-20,-20,-20,-20,-20,-20,-20,-20,-20,-20,-20,-20,-20,-20,-20,-20,-20,-20,-20,-20,-20,-20,-20,-20,-20,-20,-20,-20,-20,-20,-20,-20,-20,-20,-20,-20,-20,-20,-20,-20,-20,-20,-20,-20,-20,-20,-20,-20,-20,-20,-20,-20,-20,-20,-20,-20,-20,-20
2255,B78,-20,-20,-20,-20,-20,-20,-20,-20,-20,-20,-20,-20,-20,-20,-20,-20,-20,-20,-20,-20,-20,-20,-20,-20,-20,-20,-20,-20,-20,-20,-20,-20,-20,-20,-20,-20,-20,-20,-20,-20,-20,-20,-20,-20,-20,-20,-20,-20,-20,-20,-20,-20,-20,-20,-20,-20,-20,-20,-20,-20,-20,-20,-20,-20,-20,-20,-20,-20,-20,-20,-20,-20,-20,-20,-20,-20,-20,-20,-20,-20,-20,-20,-20,-20,-20,-20,-20,-20,-20,-20,-20,-20,-20,-20,-20,-20
2256,B79,-20,-20,-20,-20,-20,-20,-20,-20,-20,-20,-20,-20,-20,-20,-20,-20,-20,-20,-20,-20,-20,-20,-20,-20,-20,-20,-20,-20,-20,-20,-20,-20,-20,-20,-20,-20,-20,-20,-20,-20,-20,-20,-20,-20,-20,-20,-20,-20,-20,-20,-20,-20,-20,-20,-20,-20,-20,-20,-20,-20,-20,-20,-20,-20,-20,-20,-20,-20,-20,-20,-20,-20,-20,-20,-20,-20,-20,-20,-20,-20,-20,-20,-20,-20,-20,-20,-20,-20,-20,-20,-20,-20,-20,-20,-20,-20
16,B80,-108.6,-108.6,-108.6,-108.6,-108.6,-108.6,-108.6,-108.6,-108.6,-108.6,-108.6,-108.6,-108.6,-108.6,-108.6,-108.6,-108.6,-108.6,-108.6,-108.6,-108.6,-108.6,-108.6,-108.6,-108.6,-108.6,-108.6,-108.6,-108.6,-108.6,-108.6,-108.6,-108.6,-108.6,-108.6,-108.6,-108.6,-108.6,-108.6,-108.6,-108.6,-108.6,-108.6,-108.6,-108.6,-108.6,-108.6,-108.6,-108.6,-108.6,-108.6,-108.6,-108.6,-108.6,-108.6,-108.6,-108.6,-108.6,-108.6,-108.6,-108.6,-108.6,-108.6,-108.6,-108.6,-108.6,-108.6,-108.6,-108.6,-108.6,-108.6,-108.6,-108.6,-108.6,-108.6,-108.6,-108.6,-108.6,-108.6,-108.6,-108.6,-108.6,-108.6,-108.6,-108.6,-108.6,-108.6,-108.6,-108.6,-108.6,-108.6,-108.6,-108.6,-108.6,-108.6,-108.6
17,B81,-108.6,-108.6,-108.6,-108.6,-108.6,-108.6,-108.6,-108.6,-108.6,-108.6,-108.6,-108.6,-108.6,-108.6,-108.6,-108.6,-108.6,-108.6,-108.6,-108.6,-108.6,-108.6,-108.6,-108.6,-108.6,-108.6,-108.6,-108.6,-108.6,-108.6,-108.6,-108.6,-108.6,-108.6,-108.6,-108.6,-108.6,-108.6,-108.6,-108.6,-108.6,-108.6,-108.6,-108.6,-108.6,-108.6,-108.6,-108.6,-108.6,-108.6,-108.6,-108.6,-108.6,-108.6,-108.6,-108.6,-108.6,-108.6,-108.6,-108.6,-108.6,-108.6,-108.6,-108.6,-108.6,-108.6,-108.6,-108.6,-108.6,-108.6,-108.6,-108.6,-108.6,-108.6,-108.6,-108.6,-108.6,-108.6,-108.6,-108.6,-108.6,-108.6,-108.6,-108.6,-108.6,-108.6,-108.6,-108.6,-108.6,-108.6,-108.6,-108.6,-108.6,-108.6,-108.6,-108.6
2134,B82,-118,-118,-118,-118,-118,-118,-118,-118,-118,-118,-118,-118,-118,-118,-118,-118,-118,-118,-118,-118,-118,-118,-118,-118,-118,-118,-118,-118,-118,-118,-118,-118,-118,-118,-118,-118,-118,-118,-118,-118,-118,-118,-118,-118,-118,-118,-118,-118,-118,-118,-118,-118,-118,-118,-118,-118,-118,-118,-118,-118,-118,-118,-118,-118,-118,-118,-118,-118,-118,-118,-118,-118,-118,-118,-118,-118,-118,-118,-118,-118,-118,-118,-118,-118,-118,-118,-118,-118,-118,-118,-118,-118,-118,-118,-118,-118
2268,B83,-118,-118,-118,-118,-118,-118,-118,-118,-118,-118,-118,-118,-118,-118,-118,-118,-118,-118,-118,-118,-118,-118,-118,-118,-118,-118,-118,-118,-118,-118,-118,-118,-118,-118,-118,-118,-118,-118,-118,-118,-118,-118,-118,-118,-118,-118,-118,-118,-118,-118,-118,-118,-118,-118,-118,-118,-118,-118,-118,-118,-118,-118,-118,-118,-118,-118,-118,-118,-118,-118,-118,-118,-118,-118,-118,-118,-118,-118,-118,-118,-118,-118,-118,-118,-118,-118,-118,-118,-118,-118,-118,-118,-118,-118,-118,-118
210,B84,-7.4434435,-7.0660174,-7.0834435,-6.1475478,-6.7677913,-6.0717913,-4.305913,-4.0229217,-4.701287,-5.4838957,-5.9323826,-5.080487,-4.9498435,-5.608487,-5.0167304,-4.7642087,-4.8050087,-4.4625391,-3.5685913,-3.1526609,-3.1048696,-3.0885913,-2.4712696,-2.4297391,-2.6610783,-3.144313,-4.5970435,-5.2411826,-5.7333913,-7.5290087,-7.6334609,-7.5666783,-7.8214957,-8.6266435,-8.6656696,-7.6273043,-6.9353739,-7.3608,-6.989113,-5.4186783,-5.9436522,-6.297913,-6.4534957,-5.7338087,-7.0242783,-7.1282087,-5.880313,-5.4992348,-4.7680696,-4.6043478,-4.986887,-5.7028174,-5.8672696,-6.1829217,-4.7366609,-3.4882435,-4.1788174,-4.0166609,-5.6059826,-5.8573565,-5.2205217,-5.9950957,-5.083513,-4.4470957,-6.5977043,-7.8096,-6.7033043,-6.1557913,-6.2758957,-6.7138435,-6.2359304,-5.8385739,-6.1091478,-6.9439304,-6.6773217,-9.4837565,-11.9410435,-10.7654609,-9.204,-9.017113,-7.3763478,-9.8573217,-10.505113,-13.0576696,-15.1786435,-15.5514783,-14.2029913,-13.3409739,-11.4250435,-10.9098783,-10.192487,-10.2221217,-9.597913,-9.566713,-10.0000696,-9.5506435
213,B85,-0.6326927,-0.6006115,-0.6020927,-0.5225416,-0.5752623,-0.5161023,-0.3660026,-0.3419483,-0.3996094,-0.4661311,-0.5042525,-0.4318414,-0.4207367,-0.4767214,-0.4264221,-0.4049577,-0.4084257,-0.3793158,-0.3033303,-0.2679762,-0.2639139,-0.2625303,-0.2100579,-0.2065278,-0.2261917,-0.2672666,-0.3907487,-0.4455005,-0.4873383,-0.6399657,-0.6488442,-0.6431677,-0.6648271,-0.7332647,-0.7365819,-0.6483209,-0.5895068,-0.625668,-0.5940746,-0.4605877,-0.5052104,-0.5353226,-0.5485471,-0.4873737,-0.5970637,-0.6058977,-0.4998266,-0.467435,-0.4052859,-0.3913696,-0.4238854,-0.4847395,-0.4987179,-0.5255483,-0.4026162,-0.2965007,-0.3551995,-0.3414162,-0.4765085,-0.4978753,-0.4437443,-0.5095831,-0.4320986,-0.3780031,-0.5608049,-0.663816,-0.5697809,-0.5232423,-0.5334511,-0.5706767,-0.5300541,-0.4962788,-0.5192776,-0.5902341,-0.5675723,-0.8061193,-1.0149887,-0.9150642,-0.78234,-0.7664546,-0.6269896,-0.8378723,-0.8929346,-1.1099019,-1.2901847,-1.3218757,-1.2072543,-1.1339828,-0.9711287,-0.9273397,-0.8663614,-0.8688803,-0.8158226,-0.8131706,-0.8500059,-0.8118047
214,B86,-0.6326927,-0.6006115,-0.6020927,-0.5225416,-0.5752623,-0.5161023,-0.3660026,-0.3419483,-0.3996094,-0.4661311,-0.5042525,-0.4318414,-0.4207367,-0.4767214,-0.4264221,-0.4049577,-0.4084257,-0.3793158,-0.3033303,-0.2679762,-0.2639139,-0.2625303,-0.2100579,-0.2065278,-0.2261917,-0.2672666,-0.3907487,-0.4455005,-0.4873383,-0.6399657,-0.6488442,-0.6431677,-0.6648271,-0.7332647,-0.7365819,-0.6483209,-0.5895068,-0.625668,-0.5940746,-0.4605877,-0.5052104,-0.5353226,-0.5485471,-0.4873737,-0.5970637,-0.6058977,-0.4998266,-0.467435,-0.4052859,-0.3913696,-0.4238854,-0.4847395,-0.4987179,-0.5255483,-0.4026162,-0.2965007,-0.3551995,-0.3414162,-0.4765085,-0.4978753,-0.4437443,-0.5095831,-0.4320986,-0.3780031,-0.5608049,-0.663816,-0.5697809,-0.5232423,-0.5334511,-0.5706767,-0.5300541,-0.4962788,-0.5192776,-0.5902341,-0.5675723,-0.8061193,-1.0149887,-0.9150642,-0.78234,-0.7664546,-0.6269896,-0.8378723,-0.8929346,-1.1099019,-1.2901847,-1.3218757,-1.2072543,-1.1339828,-0.9711287,-0.9273397,-0.8663614,-0.8688803,-0.8158226,-0.8131706,-0.8500059,-0.8118047
215,B87,-0.7443443,-0.7066017,-0.7083443,-0.6147548,-0.6767791,-0.6071791,-0.4305913,-0.4022922,-0.4701287,-0.5483896,-0.5932383,-0.5080487,-0.4949843,-0.5608487,-0.501673,-0.4764209,-0.4805009,-0.4462539,-0.3568591,-0.3152661,-0.310487,-0.3088591,-0.247127,-0.2429739,-0.2661078,-0.3144313,-0.4597043,-0.5241183,-0.5733391,-0.7529009,-0.7633461,-0.7566678,-0.7821496,-0.8626643,-0.866567,-0.7627304,-0.6935374,-0.73608,-0.6989113,-0.5418678,-0.5943652,-0.6297913,-0.6453496,-0.5733809,-0.7024278,-0.7128209,-0.5880313,-0.5499235,-0.476807,-0.4604348,-0.4986887,-0.5702817,-0.586727,-0.6182922,-0.4736661,-0.3488243,-0.4178817,-0.4016661,-0.5605983,-0.5857357,-0.5220522,-0.5995096,-0.5083513,-0.4447096,-0.6597704,-0.78096,-0.6703304,-0.6155791,-0.6275896,-0.6713843,-0.623593,-0.5838574,-0.6109148,-0.694393,-0.6677322,-0.9483757,-1.1941043,-1.0765461,-0.9204,-0.9017113,-0.7376348,-0.9857322,-1.0505113,-1.305767,-1.5178643,-1.5551478,-1.4202991,-1.3340974,-1.1425043,-1.0909878,-1.0192487,-1.0222122,-0.9597913,-0.9566713,-1.000007,-0.9550643
220,B88,-1.2405739,-1.1776696,-1.1805739,-1.0245913,-1.1279652,-1.0119652,-0.7176522,-0.670487,-0.7835478,-0.9139826,-0.9887304,-0.8467478,-0.8249739,-0.9347478,-0.8361217,-0.7940348,-0.8008348,-0.7437565,-0.5947652,-0.5254435,-0.5174783,-0.5147652,-0.4118783,-0.4049565,-0.443513,-0.5240522,-0.7661739,-0.8735304,-0.9555652,-1.2548348,-1.2722435,-1.261113,-1.3035826,-1.4377739,-1.4442783,-1.2712174,-1.1558957,-1.2268,-1.1648522,-0.903113,-0.9906087,-1.0496522,-1.0755826,-0.9556348,-1.170713,-1.1880348,-0.9800522,-0.9165391,-0.7946783,-0.7673913,-0.8311478,-0.9504696,-0.9778783,-1.030487,-0.7894435,-0.5813739,-0.6964696,-0.6694435,-0.9343304,-0.9762261,-0.870087,-0.9991826,-0.8472522,-0.7411826,-1.0996174,-1.3016,-1.1172174,-1.0259652,-1.0459826,-1.1189739,-1.0393217,-0.9730957,-1.0181913,-1.1573217,-1.112887,-1.5806261,-1.9901739,-1.7942435,-1.534,-1.5028522,-1.2293913,-1.642887,-1.7508522,-2.1762783,-2.5297739,-2.591913,-2.3671652,-2.2234957,-1.9041739,-1.818313,-1.6987478,-1.703687,-1.5996522,-1.5944522,-1.6666783,-1.5917739
221,B89,-0.620287,-0.5888348,-0.590287,-0.5122957,-0.5639826,-0.5059826,-0.3588261,-0.3352435,-0.3917739,-0.4569913,-0.4943652,-0.4233739,-0.412487,-0.4673739,-0.4180609,-0.3970174,-0.4004174,-0.3718783,-0.2973826,-0.2627217,-0.2587391,-0.2573826,-0.2059391,-0.2024783,-0.2217565,-0.2620261,-0.383087,-0.4367652,-0.4777826,-0.6274174,-0.6361217,-0.6305565,-0.6517913,-0.718887,-0.7221391,-0.6356087,-0.5779478,-0.6134,-0.5824261,-0.4515565,-0.4953043,-0.5248261,-0.5377913,-0.4778174,-0.5853565,-0.5940174,-0.4900261,-0.4582696,-0.3973391,-0.3836957,-0.4155739,-0.4752348,-0.4889391,-0.5152435,-0.3947217,-0.290687,-0.3482348,-0.3347217,-0.4671652,-0.488113,-0.4350435,-0.4995913,-0.4236261,-0.3705913,-0.5498087,-0.6508,-0.5586087,-0.5129826,-0.5229913,-0.559487,-0.5196609,-0.4865478,-0.5090957,-0.5786609,-0.5564435,-0.790313,-0.995087,-0.8971217,-0.767,-0.7514261,-0.6146957,-0.8214435,-0.8754261,-1.0881391,-1.264887,-1.2959565,-1.1835826,-1.1117478,-0.952087,-0.9091565,-0.8493739,-0.8518435,-0.7998261,-0.7972261,-0.8333391,-0.795887
225,B90,-1.3646313,-1.2954365,-1.2986313,-1.1270504,-1.2407617,-1.1131617,-0.7894174,-0.7375357,-0.8619026,-1.0053809,-1.0876035,-0.9314226,-0.9074713,-1.0282226,-0.9197339,-0.8734383,-0.8809183,-0.8181322,-0.6542417,-0.5779878,-0.5692261,-0.5662417,-0.4530661,-0.4454522,-0.4878643,-0.5764574,-0.8427913,-0.9608835,-1.0511217,-1.3803183,-1.3994678,-1.3872243,-1.4339409,-1.5815513,-1.5887061,-1.3983391,-1.2714852,-1.34948,-1.2813374,-0.9934243,-1.0896696,-1.1546174,-1.1831409,-1.0511983,-1.2877843,-1.3068383,-1.0780574,-1.008193,-0.8741461,-0.8441304,-0.9142626,-1.0455165,-1.0756661,-1.1335357,-0.8683878,-0.6395113,-0.7661165,-0.7363878,-1.0277635,-1.0738487,-0.9570957,-1.0991009,-0.9319774,-0.8153009,-1.2095791,-1.43176,-1.2289391,-1.1285617,-1.1505809,-1.2308713,-1.1432539,-1.0704052,-1.1200104,-1.2730539,-1.2241757,-1.7386887,-2.1891913,-1.9736678,-1.6874,-1.6531374,-1.3523304,-1.8071757,-1.9259374,-2.3939061,-2.7827513,-2.8511043,-2.6038817,-2.4458452,-2.0945913,-2.0001443,-1.8686226,-1.8740557,-1.7596174,-1.7538974,-1.8333461,-1.7509513
228,B91,-1.4886887,-1.4132035,-1.4166887,-1.2295096,-1.3535583,-1.2143583,-0.8611826,-0.8045843,-0.9402574,-1.0967791,-1.1864765,-1.0160974,-0.9899687,-1.1216974,-1.0033461,-0.9528417,-0.9610017,-0.8925078,-0.7137183,-0.6305322,-0.6209739,-0.6177183,-0.4942539,-0.4859478,-0.5322157,-0.6288626,-0.9194087,-1.0482365,-1.1466783,-1.5058017,-1.5266922,-1.5133357,-1.5642991,-1.7253287,-1.7331339,-1.5254609,-1.3870748,-1.47216,-1.3978226,-1.0837357,-1.1887304,-1.2595826,-1.2906991,-1.1467617,-1.4048557,-1.4256417,-1.1760626,-1.099847,-0.9536139,-0.9208696,-0.9973774,-1.1405635,-1.1734539,-1.2365843,-0.9473322,-0.6976487,-0.8357635,-0.8033322,-1.1211965,-1.1714713,-1.0441043,-1.1990191,-1.0167026,-0.8894191,-1.3195409,-1.56192,-1.3406609,-1.2311583,-1.2551791,-1.3427687,-1.2471861,-1.1677148,-1.2218296,-1.3887861,-1.3354643,-1.8967513,-2.3882087,-2.1530922,-1.8408,-1.8034226,-1.4752696,-1.9714643,-2.1010226,-2.6115339,-3.0357287,-3.1102957,-2.8405983,-2.6681948,-2.2850087,-2.1819757,-2.0384974,-2.0444243,-1.9195826,-1.9133426,-2.0000139,-1.9101287
231,B92,-1.2405739,-1.1776696,-1.1805739,-1.0245913,-1.1279652,-1.0119652,-0.7176522,-0.670487,-0.7835478,-0.9139826,-0.9887304,-0.8467478,-0.8249739,-0.9347478,-0.8361217,-0.7940348,-0.8008348,-0.7437565,-0.5947652,-0.5254435,-0.5174783,-0.5147652,-0.4118783,-0.4049565,-0.443513,-0.5240522,-0.7661739,-0.8735304,-0.9555652,-1.2548348,-1.2722435,-1.261113,-1.3035826,-1.4377739,-1.4442783,-1.2712174,-1.1558957,-1.2268,-1.1648522,-0.903113,-0.9906087,-1.0496522,-1.0755826,-0.9556348,-1.170713,-1.1880348,-0.9800522,-0.9165391,-0.7946783,-0.7673913,-0.8311478,-0.9504696,-0.9778783,-1.030487,-0.7894435,-0.5813739,-0.6964696,-0.6694435,-0.9343304,-0.9762261,-0.870087,-0.9991826,-0.8472522,-0.7411826,-1.0996174,-1.3016,-1.1172174,-1.0259652,-1.0459826,-1.1189739,-1.0393217,-0.9730957,-1.0181913,-1.1573217,-1.112887,-1.5806261,-1.9901739,-1.7942435,-1.534,-1.5028522,-1.2293913,-1.642887,-1.7508522,-2.1762783,-2.5297739,-2.591913,-2.3671652,-2.2234957,-1.9041739,-1.818313,-1.6987478,-1.703687,-1.5996522,-1.5944522,-1.6666783,-1.5917739
235,B93,-1.8608609,-1.7665043,-1.7708609,-1.536887,-1.6919478,-1.5179478,-1.0764783,-1.0057304,-1.1753217,-1.3709739,-1.4830957,-1.2701217,-1.2374609,-1.4021217,-1.2541826,-1.1910522,-1.2012522,-1.1156348,-0.8921478,-0.7881652,-0.7762174,-0.7721478,-0.6178174,-0.6074348,-0.6652696,-0.7860783,-1.1492609,-1.3102957,-1.4333478,-1.8822522,-1.9083652,-1.8916696,-1.9553739,-2.1566609,-2.1664174,-1.9068261,-1.7338435,-1.8402,-1.7472783,-1.3546696,-1.485913,-1.5744783,-1.6133739,-1.4334522,-1.7560696,-1.7820522,-1.4700783,-1.3748087,-1.1920174,-1.151087,-1.2467217,-1.4257043,-1.4668174,-1.5457304,-1.1841652,-0.8720609,-1.0447043,-1.0041652,-1.4014957,-1.4643391,-1.3051304,-1.4987739,-1.2708783,-1.1117739,-1.6494261,-1.9524,-1.6758261,-1.5389478,-1.5689739,-1.6784609,-1.5589826,-1.4596435,-1.527287,-1.7359826,-1.6693304,-2.3709391,-2.9852609,-2.6913652,-2.301,-2.2542783,-1.844087,-2.4643304,-2.6262783,-3.2644174,-3.7946609,-3.8878696,-3.5507478,-3.3352435,-2.8562609,-2.7274696,-2.5481217,-2.5555304,-2.3994783,-2.3916783,-2.5000174,-2.3876609
236,B94,-0.9924591,-0.9421357,-0.9444591,-0.819673,-0.9023722,-0.8095722,-0.5741217,-0.5363896,-0.6268383,-0.7311861,-0.7909843,-0.6773983,-0.6599791,-0.7477983,-0.6688974,-0.6352278,-0.6406678,-0.5950052,-0.4758122,-0.4203548,-0.4139826,-0.4118122,-0.3295026,-0.3239652,-0.3548104,-0.4192417,-0.6129391,-0.6988243,-0.7644522,-1.0038678,-1.0177948,-1.0088904,-1.0428661,-1.1502191,-1.1554226,-1.0169739,-0.9247165,-0.98144,-0.9318817,-0.7224904,-0.792487,-0.8397217,-0.8604661,-0.7645078,-0.9365704,-0.9504278,-0.7840417,-0.7332313,-0.6357426,-0.613913,-0.6649183,-0.7603757,-0.7823026,-0.8243896,-0.6315548,-0.4650991,-0.5571757,-0.5355548,-0.7474643,-0.7809809,-0.6960696,-0.7993461,-0.6778017,-0.5929461,-0.8796939,-1.04128,-0.8937739,-0.8207722,-0.8367861,-0.8951791,-0.8314574,-0.7784765,-0.814553,-0.9258574,-0.8903096,-1.2645009,-1.5921391,-1.4353948,-1.2272,-1.2022817,-0.983513,-1.3143096,-1.4006817,-1.7410226,-2.0238191,-2.0735304,-1.8937322,-1.7787965,-1.5233391,-1.4546504,-1.3589983,-1.3629496,-1.2797217,-1.2755617,-1.3333426,-1.2734191
239,B95,-0.620287,-0.5888348,-0.590287,-0.5122957,-0.5639826,-0.5059826,-0.3588261,-0.3352435,-0.3917739,-0.4569913,-0.4943652,-0.4233739,-0.412487,-0.4673739,-0.4180609,-0.3970174,-0.4004174,-0.3718783,-0.2973826,-0.2627217,-0.2587391,-0.2573826,-0.2059391,-0.2024783,-0.2217565,-0.2620261,-0.383087,-0.4367652,-0.4777826,-0.6274174,-0.6361217,-0.6305565,-0.6517913,-0.718887,-0.7221391,-0.6356087,-0.5779478,-0.6134,-0.5824261,-0.4515565,-0.4953043,-0.5248261,-0.5377913,-0.4778174,-0.5853565,-0.5940174,-0.4900261,-0.4582696,-0.3973391,-0.3836957,-0.4155739,-0.4752348,-0.4889391,-0.5152435,-0.3947217,-0.290687,-0.3482348,-0.3347217,-0.4671652,-0.488113,-0.4350435,-0.4995913,-0.4236261,-0.3705913,-0.5498087,-0.6508,-0.5586087,-0.5129826,-0.5229913,-0.559487,-0.5196609,-0.4865478,-0.5090957,-0.5786609,-0.5564435,-0.790313,-0.995087,-0.8971217,-0.767,-0.7514261,-0.6146957,-0.8214435,-0.8754261,-1.0881391,-1.264887,-1.2959565,-1.1835826,-1.1117478,-0.952087,-0.9091565,-0.8493739,-0.8518435,-0.7998261,-0.7972261,-0.8333391,-0.795887
244,B96,-2.4811478,-2.3553391,-2.3611478,-2.0491826,-2.2559304,-2.0239304,-1.4353043,-1.3409739,-1.5670957,-1.8279652,-1.9774609,-1.6934957,-1.6499478,-1.8694957,-1.6722435,-1.5880696,-1.6016696,-1.487513,-1.1895304,-1.050887,-1.0349565,-1.0295304,-0.8237565,-0.809913,-0.8870261,-1.0481043,-1.5323478,-1.7470609,-1.9111304,-2.5096696,-2.544487,-2.5222261,-2.6071652,-2.8755478,-2.8885565,-2.5424348,-2.3117913,-2.4536,-2.3297043,-1.8062261,-1.9812174,-2.0993043,-2.1511652,-1.9112696,-2.3414261,-2.3760696,-1.9601043,-1.8330783,-1.5893565,-1.5347826,-1.6622957,-1.9009391,-1.9557565,-2.0609739,-1.578887,-1.1627478,-1.3929391,-1.338887,-1.8686609,-1.9524522,-1.7401739,-1.9983652,-1.6945043,-1.4823652,-2.1992348,-2.6032,-2.2344348,-2.0519304,-2.0919652,-2.2379478,-2.0786435,-1.9461913,-2.0363826,-2.3146435,-2.2257739,-3.1612522,-3.9803478,-3.588487,-3.068,-3.0057043,-2.4587826,-3.2857739,-3.5017043,-4.3525565,-5.0595478,-5.1838261,-4.7343304,-4.4469913,-3.8083478,-3.6366261,-3.3974957,-3.4073739,-3.1993043,-3.1889043,-3.3333565,-3.1835478
247,B97,-1.2405739,-1.1776696,-1.1805739,-1.0245913,-1.1279652,-1.0119652,-0.7176522,-0.670487,-0.7835478,-0.9139826,-0.9887304,-0.8467478,-0.8249739,-0.9347478,-0.8361217,-0.7940348,-0.8008348,-0.7437565,-0.5947652,-0.5254435,-0.5174783,-0.5147652,-0.4118783,-0.4049565,-0.443513,-0.5240522,-0.7661739,-0.8735304,-0.9555652,-1.2548348,-1.2722435,-1.261113,-1.3035826,-1.4377739,-1.4442783,-1.2712174,-1.1558957,-1.2268,-1.1648522,-0.903113,-0.9906087,-1.0496522,-1.0755826,-0.9556348,-1.170713,-1.1880348,-0.9800522,-0.9165391,-0.7946783,-0.7673913,-0.8311478,-0.9504696,-0.9778783,-1.030487,-0.7894435,-0.5813739,-0.6964696,-0.6694435,-0.9343304,-0.9762261,-0.870087,-0.9991826,-0.8472522,-0.7411826,-1.0996174,-1.3016,-1.1172174,-1.0259652,-1.0459826,-1.1189739,-1.0393217,-0.9730957,-1.0181913,-1.1573217,-1.112887,-1.5806261,-1.9901739,-1.7942435,-1.534,-1.5028522,-1.2293913,-1.642887,-1.7508522,-2.1762783,-2.5297739,-2.591913,-2.3671652,-2.2234957,-1.9041739,-1.818313,-1.6987478,-1.703687,-1.5996522,-1.5944522,-1.6666783,-1.5917739
250,B98,-0.7443443,-0.7066017,-0.7083443,-0.6147548,-0.6767791,-0.6071791,-0.4305913,-0.4022922,-0.4701287,-0.5483896,-0.5932383,-0.5080487,-0.4949843,-0.5608487,-0.501673,-0.4764209,-0.4805009,-0.4462539,-0.3568591,-0.3152661,-0.310487,-0.3088591,-0.247127,-0.2429739,-0.2661078,-0.3144313,-0.4597043,-0.5241183,-0.5733391,-0.7529009,-0.7633461,-0.7566678,-0.7821496,-0.8626643,-0.866567,-0.7627304,-0.6935374,-0.73608,-0.6989113,-0.5418678,-0.5943652,-0.6297913,-0.6453496,-0.5733809,-0.7024278,-0.7128209,-0.5880313,-0.5499235,-0.476807,-0.4604348,-0.4986887,-0.5702817,-0.586727,-0.6182922,-0.4736661,-0.3488243,-0.4178817,-0.4016661,-0.5605983,-0.5857357,-0.5220522,-0.5995096,-0.5083513,-0.4447096,-0.6597704,-0.78096,-0.6703304,-0.6155791,-0.6275896,-0.6713843,-0.623593,-0.5838574,-0.6109148,-0.694393,-0.6677322,-0.9483757,-1.1941043,-1.0765461,-0.9204,-0.9017113,-0.7376348,-0.9857322,-1.0505113,-1.305767,-1.5178643,-1.5551478,-1.4202991,-1.3340974,-1.1425043,-1.0909878,-1.0192487,-1.0222122,-0.9597913,-0.9566713,-1.000007,-0.9550643
253,B99,-0.7443443,-0.7066017,-0.7083443,-0.6147548,-0.6767791,-0.6071791,-0.4305913,-0.4022922,-0.4701287,-0.5483896,-0.5932383,-0.5080487,-0.4949843,-0.5608487,-0.501673,-0.4764209,-0.4805009,-0.4462539,-0.3568591,-0.3152661,-0.310487,-0.3088591,-0.247127,-0.2429739,-0.2661078,-0.3144313,-0.4597043,-0.5241183,-0.5733391,-0.7529009,-0.7633461,-0.7566678,-0.7821496,-0.8626643,-0.866567,-0.7627304,-0.6935374,-0.73608,-0.6989113,-0.5418678,-0.5943652,-0.6297913,-0.6453496,-0.5733809,-0.7024278,-0.7128209,-0.5880313,-0.5499235,-0.476807,-0.4604348,-0.4986887,-0.5702817,-0.586727,-0.6182922,-0.4736661,-0.3488243,-0.4178817,-0.4016661,-0.5605983,-0.5857357,-0.5220522,-0.5995096,-0.5083513,-0.4447096,-0.6597704,-0.78096,-0.6703304,-0.6155791,-0.6275896,-0.6713843,-0.623593,-0.5838574,-0.6109148,-0.694393,-0.6677322,-0.9483757,-1.1941043,-1.0765461,-0.9204,-0.9017113,-0.7376348,-0.9857322,-1.0505113,-1.305767,-1.5178643,-1.5551478,-1.4202991,-1.3340974,-1.1425043,-1.0909878,-1.0192487,-1.0222122,-0.9597913,-0.9566713,-1.000007,-0.9550643
256,B100,-0.620287,-0.5888348,-0.590287,-0.5122957,-0.5639826,-0.5059826,-0.3588261,-0.3352435,-0.3917739,-0.4569913,-0.4943652,-0.4233739,-0.412487,-0.4673739,-0.4180609,-0.3970174,-0.4004174,-0.3718783,-0.2973826,-0.2627217,-0.2587391,-0.2573826,-0.2059391,-0.2024783,-0.2217565,-0.2620261,-0.383087,-0.4367652,-0.4777826,-0.6274174,-0.6361217,-0.6305565,-0.6517913,-0.718887,-0.7221391,-0.6356087,-0.5779478,-0.6134,-0.5824261,-0.4515565,-0.4953043,-0.5248261,-0.5377913,-0.4778174,-0.5853565,-0.5940174,-0.4900261,-0.4582696,-0.3973391,-0.3836957,-0.4155739,-0.4752348,-0.4889391,-0.5152435,-0.3947217,-0.290687,-0.3482348,-0.3347217,-0.4671652,-0.488113,-0.4350435,-0.4995913,-0.4236261,-0.3705913,-0.5498087,-0.6508,-0.5586087,-0.5129826,-0.5229913,-0.559487,-0.5196609,-0.4865478,-0.5090957,-0.5786609,-0.5564435,-0.790313,-0.995087,-0.8971217,-0.767,-0.7514261,-0.6146957,-0.8214435,-0.8754261,-1.0881391,-1.264887,-1.2959565,-1.1835826,-1.1117478,-0.952087,-0.9091565,-0.8493739,-0.8518435,-0.7998261,-0.7972261,-0.8333391,-0.795887
259,B101,-1.1041108,-1.0481259,-1.0507108,-0.9118863,-1.003889,-0.900649,-0.6387104,-0.5967334,-0.6973576,-0.8134445,-0.8799701,-0.7536056,-0.7342268,-0.8319256,-0.7441483,-0.706691,-0.712743,-0.6619433,-0.529341,-0.4676447,-0.4605557,-0.458141,-0.3665717,-0.3604113,-0.3947266,-0.4664064,-0.6818948,-0.7774421,-0.850453,-1.116803,-1.1322967,-1.1223906,-1.1601885,-1.2796188,-1.2854077,-1.1313835,-1.0287471,-1.091852,-1.0367184,-0.8037706,-0.8816417,-0.9341904,-0.9572685,-0.850515,-1.0419346,-1.057351,-0.8722464,-0.8157198,-0.7072637,-0.6829783,-0.7397216,-0.8459179,-0.8703117,-0.9171334,-0.7026047,-0.5174228,-0.6198579,-0.5958047,-0.8315541,-0.8688412,-0.7743774,-0.8892725,-0.7540544,-0.6596525,-0.9786595,-1.158424,-0.9943235,-0.913109,-0.9309245,-0.9958868,-0.9249963,-0.8660551,-0.9061903,-1.0300163,-0.9904694,-1.4067572,-1.7712548,-1.5968767,-1.36526,-1.3375384,-1.0941583,-1.4621694,-1.5582584,-1.9368877,-2.2514988,-2.3068026,-2.106777,-1.9789111,-1.6947148,-1.6182986,-1.5118856,-1.5162814,-1.4236904,-1.4190624,-1.4833437,-1.4166788
262,B102,-0.8684017,-0.8243687,-0.8264017,-0.7172139,-0.7895757,-0.7083757,-0.5023565,-0.4693409,-0.5484835,-0.6397878,-0.6921113,-0.5927235,-0.5774817,-0.6543235,-0.5852852,-0.5558243,-0.5605843,-0.5206296,-0.4163357,-0.3678104,-0.3622348,-0.3603357,-0.2883148,-0.2834696,-0.3104591,-0.3668365,-0.5363217,-0.6114713,-0.6688957,-0.8783843,-0.8905704,-0.8827791,-0.9125078,-1.0064417,-1.0109948,-0.8898522,-0.809127,-0.85876,-0.8153965,-0.6321791,-0.6934261,-0.7347565,-0.7529078,-0.6689443,-0.8194991,-0.8316243,-0.6860365,-0.6415774,-0.5562748,-0.5371739,-0.5818035,-0.6653287,-0.6845148,-0.7213409,-0.5526104,-0.4069617,-0.4875287,-0.4686104,-0.6540313,-0.6833583,-0.6090609,-0.6994278,-0.5930765,-0.5188278,-0.7697322,-0.91112,-0.7820522,-0.7181757,-0.7321878,-0.7832817,-0.7275252,-0.681167,-0.7127339,-0.8101252,-0.7790209,-1.1064383,-1.3931217,-1.2559704,-1.0738,-1.0519965,-0.8605739,-1.1500209,-1.2255965,-1.5233948,-1.7708417,-1.8143391,-1.6570157,-1.556447,-1.3329217,-1.2728191,-1.1891235,-1.1925809,-1.1197565,-1.1161165,-1.1666748,-1.1142417
265,B103,-1.2157624,-1.1541162,-1.1569624,-1.0040995,-1.1054059,-0.9917259,-0.7032991,-0.6570772,-0.7678769,-0.895703,-0.9689558,-0.8298129,-0.8084744,-0.9160529,-0.8193993,-0.7781541,-0.7848181,-0.7288814,-0.5828699,-0.5149346,-0.5071287,-0.5044699,-0.4036407,-0.3968574,-0.4346428,-0.5135711,-0.7508504,-0.8560598,-0.9364539,-1.2297381,-1.2467986,-1.2358908,-1.277511,-1.4090184,-1.4153927,-1.245793,-1.1327777,-1.202264,-1.1415551,-0.8850508,-0.9707965,-1.0286591,-1.054071,-0.9365221,-1.1472988,-1.1642741,-0.9604511,-0.8982083,-0.7787847,-0.7520435,-0.8145249,-0.9314602,-0.9583207,-1.0098772,-0.7736546,-0.5697464,-0.6825402,-0.6560546,-0.9156438,-0.9567016,-0.8526852,-0.979199,-0.8303071,-0.726359,-1.077625,-1.275568,-1.094873,-1.0054459,-1.025063,-1.0965944,-1.0185353,-0.9536337,-0.9978275,-1.1341753,-1.0906292,-1.5490136,-1.9503704,-1.7583586,-1.50332,-1.4727951,-1.2048035,-1.6100292,-1.7158351,-2.1327527,-2.4791784,-2.5400748,-2.3198219,-2.1790257,-1.8660904,-1.7819468,-1.6647729,-1.6696132,-1.5676591,-1.5625631,-1.6333447,-1.5599384
268,B104,0,0,0,0,0,0,0,0,0,0,0,0,0,0,0,0,0,0,0,0,0,0,0,0,0,0,0,-0.02144,-0.12504,-0.16612,-0.18932,-0.23756,-0.23936,-0.50012,-0.61084,-0.27328,-0.60908,-1.0556,-0.94484,-0.9002,-0.52512,-0.4876,-1.12348,-1.25564,-1.52176,-1.77004,-1.75756,-1.62536,-1.84864,-1.91472,-1.48248,-1.21812,-1.68252,-1.35568,-1.51464,-1.929,-1.76648,-2.45412,-0.7198,-1.99332,-0.9538,-0.57692,-0.48404,-0.48584,-0.24828,-0.32684,-0.34828,-0.31616,-0.27508,-0.26076,-0.11608,-0.21256,-0.14468,-0.04288,0,0,0,0,0,0,0,0,0,0,0,0,0,0,0,0,0,0,0,0,0,0
271,B105,-1.2405739,-1.1776696,-1.1805739,-1.0245913,-1.1279652,-1.0119652,-0.7176522,-0.670487,-0.7835478,-0.9139826,-0.9887304,-0.8467478,-0.8249739,-0.9347478,-0.8361217,-0.7940348,-0.8008348,-0.7437565,-0.5947652,-0.5254435,-0.5174783,-0.5147652,-0.4118783,-0.4049565,-0.443513,-0.5240522,-0.7661739,-0.8735304,-0.9555652,-1.2548348,-1.2722435,-1.261113,-1.3035826,-1.4377739,-1.4442783,-1.2712174,-1.1558957,-1.2268,-1.1648522,-0.903113,-0.9906087,-1.0496522,-1.0755826,-0.9556348,-1.170713,-1.1880348,-0.9800522,-0.9165391,-0.7946783,-0.7673913,-0.8311478,-0.9504696,-0.9778783,-1.030487,-0.7894435,-0.5813739,-0.6964696,-0.6694435,-0.9343304,-0.9762261,-0.870087,-0.9991826,-0.8472522,-0.7411826,-1.0996174,-1.3016,-1.1172174,-1.0259652,-1.0459826,-1.1189739,-1.0393217,-0.9730957,-1.0181913,-1.1573217,-1.112887,-1.5806261,-1.9901739,-1.7942435,-1.534,-1.5028522,-1.2293913,-1.642887,-1.7508522,-2.1762783,-2.5297739,-2.591913,-2.3671652,-2.2234957,-1.9041739,-1.818313,-1.6987478,-1.703687,-1.5996522,-1.5944522,-1.6666783,-1.5917739
274,B106,0,0,0,0,0,0,0,0,0,0,0,0,0,0,0,0,0,0,0,0,0,0,0,0,0,0,0,-0.0135411,-0.0789726,-0.1049179,-0.1195705,-0.1500379,-0.1511747,-0.3158653,-0.3857937,-0.1725979,-0.3846821,-0.6666947,-0.5967411,-0.5685474,-0.3316547,-0.3079579,-0.7095663,-0.7930358,-0.9611116,-1.11792,-1.1100379,-1.0265432,-1.1675621,-1.2092968,-0.9363032,-0.7693389,-1.0626442,-0.8562189,-0.9566147,-1.2183158,-1.1156716,-1.5499705,-0.4546105,-1.2589389,-0.6024,-0.3643705,-0.3057095,-0.3068463,-0.1568084,-0.2064253,-0.2199663,-0.19968,-0.1737347,-0.1646905,-0.0733137,-0.1342484,-0.0913768,-0.0270821,0,0,0,0,0,0,0,0,0,0,0,0,0,0,0,0,0,0,0,0,0,0
277,B107,0,0,0,0,0,0,0,0,0,0,0,0,0,0,0,0,0,0,0,0,0,0,0,0,0,0,0,-0.0270821,-0.1579453,-0.2098358,-0.2391411,-0.3000758,-0.3023495,-0.6317305,-0.7715874,-0.3451958,-0.7693642,-1.3333895,-1.1934821,-1.1370947,-0.6633095,-0.6159158,-1.4191326,-1.5860716,-1.9222232,-2.23584,-2.2200758,-2.0530863,-2.3351242,-2.4185937,-1.8726063,-1.5386779,-2.1252884,-1.7124379,-1.9132295,-2.4366316,-2.2313432,-3.0999411,-0.9092211,-2.5178779,-1.2048,-0.7287411,-0.6114189,-0.6136926,-0.3136168,-0.4128505,-0.4399326,-0.39936,-0.3474695,-0.3293811,-0.1466274,-0.2684968,-0.1827537,-0.0541642,0,0,0,0,0,0,0,0,0,0,0,0,0,0,0,0,0,0,0,0,0,0
280,B108,0,0,0,0,0,0,0,0,0,0,0,0,0,0,0,0,0,0,0,0,0,0,0,0,0,0,0,-0.0112842,-0.0658105,-0.0874316,-0.0996421,-0.1250316,-0.1259789,-0.2632211,-0.3214947,-0.1438316,-0.3205684,-0.5555789,-0.4972842,-0.4737895,-0.2763789,-0.2566316,-0.5913053,-0.6608632,-0.8009263,-0.9316,-0.9250316,-0.8554526,-0.9729684,-1.0077474,-0.7802526,-0.6411158,-0.8855368,-0.7135158,-0.7971789,-1.0152632,-0.9297263,-1.2916421,-0.3788421,-1.0491158,-0.502,-0.3036421,-0.2547579,-0.2557053,-0.1306737,-0.1720211,-0.1833053,-0.1664,-0.1447789,-0.1372421,-0.0610947,-0.1118737,-0.0761474,-0.0225684,0,0,0,0,0,0,0,0,0,0,0,0,0,0,0,0,0,0,0,0,0,0
283,B109,-0.9924591,-0.9421357,-0.9444591,-0.819673,-0.9023722,-0.8095722,-0.5741217,-0.5363896,-0.6268383,-0.7311861,-0.7909843,-0.6773983,-0.6599791,-0.7477983,-0.6688974,-0.6352278,-0.6406678,-0.5950052,-0.4758122,-0.4203548,-0.4139826,-0.4118122,-0.3295026,-0.3239652,-0.3548104,-0.4192417,-0.6129391,-0.6988243,-0.7644522,-1.0038678,-1.0177948,-1.0088904,-1.0428661,-1.1502191,-1.1554226,-1.0169739,-0.9247165,-0.98144,-0.9318817,-0.7224904,-0.792487,-0.8397217,-0.8604661,-0.7645078,-0.9365704,-0.9504278,-0.7840417,-0.7332313,-0.6357426,-0.613913,-0.6649183,-0.7603757,-0.7823026,-0.8243896,-0.6315548,-0.4650991,-0.5571757,-0.5355548,-0.7474643,-0.7809809,-0.6960696,-0.7993461,-0.6778017,-0.5929461,-0.8796939,-1.04128,-0.8937739,-0.8207722,-0.8367861,-0.8951791,-0.8314574,-0.7784765,-0.814553,-0.9258574,-0.8903096,-1.2645009,-1.5921391,-1.4353948,-1.2272,-1.2022817,-0.983513,-1.3143096,-1.4006817,-1.7410226,-2.0238191,-2.0735304,-1.8937322,-1.7787965,-1.5233391,-1.4546504,-1.3589983,-1.3629496,-1.2797217,-1.2755617,-1.3333426,-1.2734191
286,B110,-1.2405739,-1.1776696,-1.1805739,-1.0245913,-1.1279652,-1.0119652,-0.7176522,-0.670487,-0.7835478,-0.9139826,-0.9887304,-0.8467478,-0.8249739,-0.9347478,-0.8361217,-0.7940348,-0.8008348,-0.7437565,-0.5947652,-0.5254435,-0.5174783,-0.5147652,-0.4118783,-0.4049565,-0.443513,-0.5240522,-0.7661739,-0.8735304,-0.9555652,-1.2548348,-1.2722435,-1.261113,-1.3035826,-1.4377739,-1.4442783,-1.2712174,-1.1558957,-1.2268,-1.1648522,-0.903113,-0.9906087,-1.0496522,-1.0755826,-0.9556348,-1.170713,-1.1880348,-0.9800522,-0.9165391,-0.7946783,-0.7673913,-0.8311478,-0.9504696,-0.9778783,-1.030487,-0.7894435,-0.5813739,-0.6964696,-0.6694435,-0.9343304,-0.9762261,-0.870087,-0.9991826,-0.8472522,-0.7411826,-1.0996174,-1.3016,-1.1172174,-1.0259652,-1.0459826,-1.1189739,-1.0393217,-0.9730957,-1.0181913,-1.1573217,-1.112887,-1.5806261,-1.9901739,-1.7942435,-1.534,-1.5028522,-1.2293913,-1.642887,-1.7508522,-2.1762783,-2.5297739,-2.591913,-2.3671652,-2.2234957,-1.9041739,-1.818313,-1.6987478,-1.703687,-1.5996522,-1.5944522,-1.6666783,-1.5917739
289,B111,-0.6078812,-0.5770581,-0.5784812,-0.5020497,-0.552703,-0.495863,-0.3516496,-0.3285386,-0.3839384,-0.4478515,-0.4844779,-0.4149064,-0.4042372,-0.4580264,-0.4096997,-0.389077,-0.392409,-0.3644407,-0.291435,-0.2574673,-0.2535643,-0.252235,-0.2018203,-0.1984287,-0.2173214,-0.2567856,-0.3754252,-0.4280299,-0.468227,-0.614869,-0.6233993,-0.6179454,-0.6387555,-0.7045092,-0.7076963,-0.6228965,-0.5663889,-0.601132,-0.5707776,-0.4425254,-0.4853983,-0.5143296,-0.5270355,-0.468261,-0.5736494,-0.582137,-0.4802256,-0.4491042,-0.3893923,-0.3760217,-0.4072624,-0.4657301,-0.4791603,-0.5049386,-0.3868273,-0.2848732,-0.3412701,-0.3280273,-0.4578219,-0.4783508,-0.4263426,-0.4895995,-0.4151536,-0.3631795,-0.5388125,-0.637784,-0.5474365,-0.502723,-0.5125315,-0.5482972,-0.5092677,-0.4768169,-0.4989137,-0.5670877,-0.5453146,-0.7745068,-0.9751852,-0.8791793,-0.75166,-0.7363976,-0.6024017,-0.8050146,-0.8579176,-1.0663763,-1.2395892,-1.2700374,-1.159911,-1.0895129,-0.9330452,-0.8909734,-0.8323864,-0.8348066,-0.7838296,-0.7812816,-0.8166723,-0.7799692
292,B112,-1.190951,-1.1305628,-1.133351,-0.9836077,-1.0828466,-0.9714866,-0.6889461,-0.6436675,-0.7522059,-0.8774233,-0.9491812,-0.8128779,-0.791975,-0.8973579,-0.8026769,-0.7622734,-0.7688014,-0.7140063,-0.5709746,-0.5044257,-0.4967791,-0.4941746,-0.3954031,-0.3887583,-0.4257725,-0.5030901,-0.735527,-0.8385892,-0.9173426,-1.2046414,-1.2213537,-1.2106685,-1.2514393,-1.380263,-1.3865071,-1.2203687,-1.1096598,-1.177728,-1.1182581,-0.8669885,-0.9509843,-1.0076661,-1.0325593,-0.9174094,-1.1238845,-1.1405134,-0.9408501,-0.8798776,-0.7628911,-0.7366957,-0.7979019,-0.9124508,-0.9387631,-0.9892675,-0.7578657,-0.558119,-0.6686108,-0.6426657,-0.8969572,-0.937177,-0.8352835,-0.9592153,-0.8133621,-0.7115353,-1.0556327,-1.249536,-1.0725287,-0.9849266,-1.0041433,-1.074215,-0.9977489,-0.9341718,-0.9774637,-1.1110289,-1.0683715,-1.517401,-1.910567,-1.7224737,-1.47264,-1.4427381,-1.1802157,-1.5771715,-1.6808181,-2.0892271,-2.428583,-2.4882365,-2.2724786,-2.1345558,-1.828007,-1.7455805,-1.6307979,-1.6355395,-1.5356661,-1.5306741,-1.6000111,-1.528103
295,B113,-0.620287,-0.5888348,-0.590287,-0.5122957,-0.5639826,-0.5059826,-0.3588261,-0.3352435,-0.3917739,-0.4569913,-0.4943652,-0.4233739,-0.412487,-0.4673739,-0.4180609,-0.3970174,-0.4004174,-0.3718783,-0.2973826,-0.2627217,-0.2587391,-0.2573826,-0.2059391,-0.2024783,-0.2217565,-0.2620261,-0.383087,-0.4367652,-0.4777826,-0.6274174,-0.6361217,-0.6305565,-0.6517913,-0.718887,-0.7221391,-0.6356087,-0.5779478,-0.6134,-0.5824261,-0.4515565,-0.4953043,-0.5248261,-0.5377913,-0.4778174,-0.5853565,-0.5940174,-0.4900261,-0.4582696,-0.3973391,-0.3836957,-0.4155739,-0.4752348,-0.4889391,-0.5152435,-0.3947217,-0.290687,-0.3482348,-0.3347217,-0.4671652,-0.488113,-0.4350435,-0.4995913,-0.4236261,-0.3705913,-0.5498087,-0.6508,-0.5586087,-0.5129826,-0.5229913,-0.559487,-0.5196609,-0.4865478,-0.5090957,-0.5786609,-0.5564435,-0.790313,-0.995087,-0.8971217,-0.767,-0.7514261,-0.6146957,-0.8214435,-0.8754261,-1.0881391,-1.264887,-1.2959565,-1.1835826,-1.1117478,-0.952087,-0.9091565,-0.8493739,-0.8518435,-0.7998261,-0.7972261,-0.8333391,-0.795887
298,B114,-0.620287,-0.5888348,-0.590287,-0.5122957,-0.5639826,-0.5059826,-0.3588261,-0.3352435,-0.3917739,-0.4569913,-0.4943652,-0.4233739,-0.412487,-0.4673739,-0.4180609,-0.3970174,-0.4004174,-0.3718783,-0.2973826,-0.2627217,-0.2587391,-0.2573826,-0.2059391,-0.2024783,-0.2217565,-0.2620261,-0.383087,-0.4367652,-0.4777826,-0.6274174,-0.6361217,-0.6305565,-0.6517913,-0.718887,-0.7221391,-0.6356087,-0.5779478,-0.6134,-0.5824261,-0.4515565,-0.4953043,-0.5248261,-0.5377913,-0.4778174,-0.5853565,-0.5940174,-0.4900261,-0.4582696,-0.3973391,-0.3836957,-0.4155739,-0.4752348,-0.4889391,-0.5152435,-0.3947217,-0.290687,-0.3482348,-0.3347217,-0.4671652,-0.488113,-0.4350435,-0.4995913,-0.4236261,-0.3705913,-0.5498087,-0.6508,-0.5586087,-0.5129826,-0.5229913,-0.559487,-0.5196609,-0.4865478,-0.5090957,-0.5786609,-0.5564435,-0.790313,-0.995087,-0.8971217,-0.767,-0.7514261,-0.6146957,-0.8214435,-0.8754261,-1.0881391,-1.264887,-1.2959565,-1.1835826,-1.1117478,-0.952087,-0.9091565,-0.8493739,-0.8518435,-0.7998261,-0.7972261,-0.8333391,-0.795887
301,B115,-0.620287,-0.5888348,-0.590287,-0.5122957,-0.5639826,-0.5059826,-0.3588261,-0.3352435,-0.3917739,-0.4569913,-0.4943652,-0.4233739,-0.412487,-0.4673739,-0.4180609,-0.3970174,-0.4004174,-0.3718783,-0.2973826,-0.2627217,-0.2587391,-0.2573826,-0.2059391,-0.2024783,-0.2217565,-0.2620261,-0.383087,-0.4367652,-0.4777826,-0.6274174,-0.6361217,-0.6305565,-0.6517913,-0.718887,-0.7221391,-0.6356087,-0.5779478,-0.6134,-0.5824261,-0.4515565,-0.4953043,-0.5248261,-0.5377913,-0.4778174,-0.5853565,-0.5940174,-0.4900261,-0.4582696,-0.3973391,-0.3836957,-0.4155739,-0.4752348,-0.4889391,-0.5152435,-0.3947217,-0.290687,-0.3482348,-0.3347217,-0.4671652,-0.488113,-0.4350435,-0.4995913,-0.4236261,-0.3705913,-0.5498087,-0.6508,-0.5586087,-0.5129826,-0.5229913,-0.559487,-0.5196609,-0.4865478,-0.5090957,-0.5786609,-0.5564435,-0.790313,-0.995087,-0.8971217,-0.767,-0.7514261,-0.6146957,-0.8214435,-0.8754261,-1.0881391,-1.264887,-1.2959565,-1.1835826,-1.1117478,-0.952087,-0.9091565,-0.8493739,-0.8518435,-0.7998261,-0.7972261,-0.8333391,-0.795887
304,B116,-1.3646313,-1.2954365,-1.2986313,-1.1270504,-1.2407617,-1.1131617,-0.7894174,-0.7375357,-0.8619026,-1.0053809,-1.0876035,-0.9314226,-0.9074713,-1.0282226,-0.9197339,-0.8734383,-0.8809183,-0.8181322,-0.6542417,-0.5779878,-0.5692261,-0.5662417,-0.4530661,-0.4454522,-0.4878643,-0.5764574,-0.8427913,-0.9608835,-1.0511217,-1.3803183,-1.3994678,-1.3872243,-1.4339409,-1.5815513,-1.5887061,-1.3983391,-1.2714852,-1.34948,-1.2813374,-0.9934243,-1.0896696,-1.1546174,-1.1831409,-1.0511983,-1.2877843,-1.3068383,-1.0780574,-1.008193,-0.8741461,-0.8441304,-0.9142626,-1.0455165,-1.0756661,-1.1335357,-0.8683878,-0.6395113,-0.7661165,-0.7363878,-1.0277635,-1.0738487,-0.9570957,-1.0991009,-0.9319774,-0.8153009,-1.2095791,-1.43176,-1.2289391,-1.1285617,-1.1505809,-1.2308713,-1.1432539,-1.0704052,-1.1200104,-1.2730539,-1.2241757,-1.7386887,-2.1891913,-1.9736678,-1.6874,-1.6531374,-1.3523304,-1.8071757,-1.9259374,-2.3939061,-2.7827513,-2.8511043,-2.6038817,-2.4458452,-2.0945913,-2.0001443,-1.8686226,-1.8740557,-1.7596174,-1.7538974,-1.8333461,-1.7509513
307,B117,-1.2405739,-1.1776696,-1.1805739,-1.0245913,-1.1279652,-1.0119652,-0.7176522,-0.670487,-0.7835478,-0.9139826,-0.9887304,-0.8467478,-0.8249739,-0.9347478,-0.8361217,-0.7940348,-0.8008348,-0.7437565,-0.5947652,-0.5254435,-0.5174783,-0.5147652,-0.4118783,-0.4049565,-0.443513,-0.5240522,-0.7661739,-0.8735304,-0.9555652,-1.2548348,-1.2722435,-1.261113,-1.3035826,-1.4377739,-1.4442783,-1.2712174,-1.1558957,-1.2268,-1.1648522,-0.903113,-0.9906087,-1.0496522,-1.0755826,-0.9556348,-1.170713,-1.1880348,-0.9800522,-0.9165391,-0.7946783,-0.7673913,-0.8311478,-0.9504696,-0.9778783,-1.030487,-0.7894435,-0.5813739,-0.6964696,-0.6694435,-0.9343304,-0.9762261,-0.870087,-0.9991826,-0.8472522,-0.7411826,-1.0996174,-1.3016,-1.1172174,-1.0259652,-1.0459826,-1.1189739,-1.0393217,-0.9730957,-1.0181913,-1.1573217,-1.112887,-1.5806261,-1.9901739,-1.7942435,-1.534,-1.5028522,-1.2293913,-1.642887,-1.7508522,-2.1762783,-2.5297739,-2.591913,-2.3671652,-2.2234957,-1.9041739,-1.818313,-1.6987478,-1.703687,-1.5996522,-1.5944522,-1.6666783,-1.5917739
310,B118,-1.2281682,-1.1658929,-1.1687682,-1.0143454,-1.1166856,-1.0018456,-0.7104757,-0.6637821,-0.7757123,-0.9048428,-0.9788431,-0.8382803,-0.8167242,-0.9254003,-0.8277605,-0.7860944,-0.7928264,-0.736319,-0.5888176,-0.520189,-0.5123035,-0.5096176,-0.4077595,-0.400907,-0.4390779,-0.5188117,-0.7585122,-0.8647951,-0.9460096,-1.2422864,-1.259521,-1.2485019,-1.2905468,-1.4233962,-1.4298355,-1.2585052,-1.1443367,-1.214532,-1.1532037,-0.8940819,-0.9807026,-1.0391557,-1.0648268,-0.9460784,-1.1590059,-1.1761544,-0.9702517,-0.9073737,-0.7867315,-0.7597174,-0.8228363,-0.9409649,-0.9680995,-1.0201821,-0.781549,-0.5755602,-0.6895049,-0.662749,-0.9249871,-0.9664638,-0.8613861,-0.9891908,-0.8387797,-0.7337708,-1.0886212,-1.288584,-1.1060452,-1.0157056,-1.0355228,-1.1077842,-1.0289285,-0.9633647,-1.0080094,-1.1457485,-1.1017581,-1.5648198,-1.9702722,-1.776301,-1.51866,-1.4878237,-1.2170974,-1.6264581,-1.7333437,-2.1545155,-2.5044762,-2.5659939,-2.3434936,-2.2012607,-1.8851322,-1.8001299,-1.6817603,-1.6866501,-1.5836557,-1.5785077,-1.6500115,-1.5758562
313,B119,-1.2281682,-1.1658929,-1.1687682,-1.0143454,-1.1166856,-1.0018456,-0.7104757,-0.6637821,-0.7757123,-0.9048428,-0.9788431,-0.8382803,-0.8167242,-0.9254003,-0.8277605,-0.7860944,-0.7928264,-0.736319,-0.5888176,-0.520189,-0.5123035,-0.5096176,-0.4077595,-0.400907,-0.4390779,-0.5188117,-0.7585122,-0.8647951,-0.9460096,-1.2422864,-1.259521,-1.2485019,-1.2905468,-1.4233962,-1.4298355,-1.2585052,-1.1443367,-1.214532,-1.1532037,-0.8940819,-0.9807026,-1.0391557,-1.0648268,-0.9460784,-1.1590059,-1.1761544,-0.9702517,-0.9073737,-0.7867315,-0.7597174,-0.8228363,-0.9409649,-0.9680995,-1.0201821,-0.781549,-0.5755602,-0.6895049,-0.662749,-0.9249871,-0.9664638,-0.8613861,-0.9891908,-0.8387797,-0.7337708,-1.0886212,-1.288584,-1.1060452,-1.0157056,-1.0355228,-1.1077842,-1.0289285,-0.9633647,-1.0080094,-1.1457485,-1.1017581,-1.5648198,-1.9702722,-1.776301,-1.51866,-1.4878237,-1.2170974,-1.6264581,-1.7333437,-2.1545155,-2.5044762,-2.5659939,-2.3434936,-2.2012607,-1.8851322,-1.8001299,-1.6817603,-1.6866501,-1.5836557,-1.5785077,-1.6500115,-1.5758562
316,B120,-1.2281682,-1.1658929,-1.1687682,-1.0143454,-1.1166856,-1.0018456,-0.7104757,-0.6637821,-0.7757123,-0.9048428,-0.9788431,-0.8382803,-0.8167242,-0.9254003,-0.8277605,-0.7860944,-0.7928264,-0.736319,-0.5888176,-0.520189,-0.5123035,-0.5096176,-0.4077595,-0.400907,-0.4390779,-0.5188117,-0.7585122,-0.8647951,-0.9460096,-1.2422864,-1.259521,-1.2485019,-1.2905468,-1.4233962,-1.4298355,-1.2585052,-1.1443367,-1.214532,-1.1532037,-0.8940819,-0.9807026,-1.0391557,-1.0648268,-0.9460784,-1.1590059,-1.1761544,-0.9702517,-0.9073737,-0.7867315,-0.7597174,-0.8228363,-0.9409649,-0.9680995,-1.0201821,-0.781549,-0.5755602,-0.6895049,-0.662749,-0.9249871,-0.9664638,-0.8613861,-0.9891908,-0.8387797,-0.7337708,-1.0886212,-1.288584,-1.1060452,-1.0157056,-1.0355228,-1.1077842,-1.0289285,-0.9633647,-1.0080094,-1.1457485,-1.1017581,-1.5648198,-1.9702722,-1.776301,-1.51866,-1.4878237,-1.2170974,-1.6264581,-1.7333437,-2.1545155,-2.5044762,-2.5659939,-2.3434936,-2.2012607,-1.8851322,-1.8001299,-1.6817603,-1.6866501,-1.5836557,-1.5785077,-1.6500115,-1.5758562
319,B121,-1.2281682,-1.1658929,-1.1687682,-1.0143454,-1.1166856,-1.0018456,-0.7104757,-0.6637821,-0.7757123,-0.9048428,-0.9788431,-0.8382803,-0.8167242,-0.9254003,-0.8277605,-0.7860944,-0.7928264,-0.736319,-0.5888176,-0.520189,-0.5123035,-0.5096176,-0.4077595,-0.400907,-0.4390779,-0.5188117,-0.7585122,-0.8647951,-0.9460096,-1.2422864,-1.259521,-1.2485019,-1.2905468,-1.4233962,-1.4298355,-1.2585052,-1.1443367,-1.214532,-1.1532037,-0.8940819,-0.9807026,-1.0391557,-1.0648268,-0.9460784,-1.1590059,-1.1761544,-0.9702517,-0.9073737,-0.7867315,-0.7597174,-0.8228363,-0.9409649,-0.9680995,-1.0201821,-0.781549,-0.5755602,-0.6895049,-0.662749,-0.9249871,-0.9664638,-0.8613861,-0.9891908,-0.8387797,-0.7337708,-1.0886212,-1.288584,-1.1060452,-1.0157056,-1.0355228,-1.1077842,-1.0289285,-0.9633647,-1.0080094,-1.1457485,-1.1017581,-1.5648198,-1.9702722,-1.776301,-1.51866,-1.4878237,-1.2170974,-1.6264581,-1.7333437,-2.1545155,-2.5044762,-2.5659939,-2.3434936,-2.2012607,-1.8851322,-1.8001299,-1.6817603,-1.6866501,-1.5836557,-1.5785077,-1.6500115,-1.5758562
322,B122,-0.620287,-0.5888348,-0.590287,-0.5122957,-0.5639826,-0.5059826,-0.3588261,-0.3352435,-0.3917739,-0.4569913,-0.4943652,-0.4233739,-0.412487,-0.4673739,-0.4180609,-0.3970174,-0.4004174,-0.3718783,-0.2973826,-0.2627217,-0.2587391,-0.2573826,-0.2059391,-0.2024783,-0.2217565,-0.2620261,-0.383087,-0.4367652,-0.4777826,-0.6274174,-0.6361217,-0.6305565,-0.6517913,-0.718887,-0.7221391,-0.6356087,-0.5779478,-0.6134,-0.5824261,-0.4515565,-0.4953043,-0.5248261,-0.5377913,-0.4778174,-0.5853565,-0.5940174,-0.4900261,-0.4582696,-0.3973391,-0.3836957,-0.4155739,-0.4752348,-0.4889391,-0.5152435,-0.3947217,-0.290687,-0.3482348,-0.3347217,-0.4671652,-0.488113,-0.4350435,-0.4995913,-0.4236261,-0.3705913,-0.5498087,-0.6508,-0.5586087,-0.5129826,-0.5229913,-0.559487,-0.5196609,-0.4865478,-0.5090957,-0.5786609,-0.5564435,-0.790313,-0.995087,-0.8971217,-0.767,-0.7514261,-0.6146957,-0.8214435,-0.8754261,-1.0881391,-1.264887,-1.2959565,-1.1835826,-1.1117478,-0.952087,-0.9091565,-0.8493739,-0.8518435,-0.7998261,-0.7972261,-0.8333391,-0.795887
325,B123,-0.9428362,-0.8950289,-0.8972362,-0.7786894,-0.8572536,-0.7690936,-0.5454157,-0.5095701,-0.5954963,-0.6946268,-0.7514351,-0.6435283,-0.6269802,-0.7104083,-0.6354525,-0.6034664,-0.6086344,-0.565255,-0.4520216,-0.399337,-0.3932835,-0.3912216,-0.3130275,-0.307767,-0.3370699,-0.3982797,-0.5822922,-0.6638831,-0.7262296,-0.9536744,-0.966905,-0.9584459,-0.9907228,-1.0927082,-1.0976515,-0.9661252,-0.8784807,-0.932368,-0.8852877,-0.6863659,-0.7528626,-0.7977357,-0.8174428,-0.7262824,-0.8897419,-0.9029064,-0.7448397,-0.6965697,-0.6039555,-0.5832174,-0.6316723,-0.7223569,-0.7431875,-0.7831701,-0.599977,-0.4418442,-0.5293169,-0.508777,-0.7100911,-0.7419318,-0.6612661,-0.7593788,-0.6439117,-0.5632988,-0.8357092,-0.989216,-0.8490852,-0.7797336,-0.7949468,-0.8504202,-0.7898845,-0.7395527,-0.7738254,-0.8795645,-0.8457941,-1.2012758,-1.5125322,-1.363625,-1.16584,-1.1421677,-0.9343374,-1.2485941,-1.3306477,-1.6539715,-1.9226282,-1.9698539,-1.7990456,-1.6898567,-1.4471722,-1.3819179,-1.2910483,-1.2948021,-1.2157357,-1.2117837,-1.2666755,-1.2097482
328,B124,-0.620287,-0.5888348,-0.590287,-0.5122957,-0.5639826,-0.5059826,-0.3588261,-0.3352435,-0.3917739,-0.4569913,-0.4943652,-0.4233739,-0.412487,-0.4673739,-0.4180609,-0.3970174,-0.4004174,-0.3718783,-0.2973826,-0.2627217,-0.2587391,-0.2573826,-0.2059391,-0.2024783,-0.2217565,-0.2620261,-0.383087,-0.4367652,-0.4777826,-0.6274174,-0.6361217,-0.6305565,-0.6517913,-0.718887,-0.7221391,-0.6356087,-0.5779478,-0.6134,-0.5824261,-0.4515565,-0.4953043,-0.5248261,-0.5377913,-0.4778174,-0.5853565,-0.5940174,-0.4900261,-0.4582696,-0.3973391,-0.3836957,-0.4155739,-0.4752348,-0.4889391,-0.5152435,-0.3947217,-0.290687,-0.3482348,-0.3347217,-0.4671652,-0.488113,-0.4350435,-0.4995913,-0.4236261,-0.3705913,-0.5498087,-0.6508,-0.5586087,-0.5129826,-0.5229913,-0.559487,-0.5196609,-0.4865478,-0.5090957,-0.5786609,-0.5564435,-0.790313,-0.995087,-0.8971217,-0.767,-0.7514261,-0.6146957,-0.8214435,-0.8754261,-1.0881391,-1.264887,-1.2959565,-1.1835826,-1.1117478,-0.952087,-0.9091565,-0.8493739,-0.8518435,-0.7998261,-0.7972261,-0.8333391,-0.795887
331,B125,0,0,0,0,0,0,0,0,0,0,0,0,0,0,0,0,0,0,0,0,0,0,0,0,0,0,0,-0.0338526,-0.1974316,-0.2622947,-0.2989263,-0.3750947,-0.3779368,-0.7896632,-0.9644842,-0.4314947,-0.9617053,-1.6667368,-1.4918526,-1.4213684,-0.8291368,-0.7698947,-1.7739158,-1.9825895,-2.4027789,-2.7948,-2.7750947,-2.5663579,-2.9189053,-3.0232421,-2.3407579,-1.9233474,-2.6566105,-2.1405474,-2.3915368,-3.0457895,-2.7891789,-3.8749263,-1.1365263,-3.1473474,-1.506,-0.9109263,-0.7642737,-0.7671158,-0.3920211,-0.5160632,-0.5499158,-0.4992,-0.4343368,-0.4117263,-0.1832842,-0.3356211,-0.2284421,-0.0677053,0,0,0,0,0,0,0,0,0,0,0,0,0,0,0,0,0,0,0,0,0,0
334,B126,-1.2405739,-1.1776696,-1.1805739,-1.0245913,-1.1279652,-1.0119652,-0.7176522,-0.670487,-0.7835478,-0.9139826,-0.9887304,-0.8467478,-0.8249739,-0.9347478,-0.8361217,-0.7940348,-0.8008348,-0.7437565,-0.5947652,-0.5254435,-0.5174783,-0.5147652,-0.4118783,-0.4049565,-0.443513,-0.5240522,-0.7661739,-0.8735304,-0.9555652,-1.2548348,-1.2722435,-1.261113,-1.3035826,-1.4377739,-1.4442783,-1.2712174,-1.1558957,-1.2268,-1.1648522,-0.903113,-0.9906087,-1.0496522,-1.0755826,-0.9556348,-1.170713,-1.1880348,-0.9800522,-0.9165391,-0.7946783,-0.7673913,-0.8311478,-0.9504696,-0.9778783,-1.030487,-0.7894435,-0.5813739,-0.6964696,-0.6694435,-0.9343304,-0.9762261,-0.870087,-0.9991826,-0.8472522,-0.7411826,-1.0996174,-1.3016,-1.1172174,-1.0259652,-1.0459826,-1.1189739,-1.0393217,-0.9730957,-1.0181913,-1.1573217,-1.112887,-1.5806261,-1.9901739,-1.7942435,-1.534,-1.5028522,-1.2293913,-1.642887,-1.7508522,-2.1762783,-2.5297739,-2.591913,-2.3671652,-2.2234957,-1.9041739,-1.818313,-1.6987478,-1.703687,-1.5996522,-1.5944522,-1.6666783,-1.5917739
337,B127,0,0,0,0,0,0,0,0,0,0,0,0,0,0,0,0,0,0,0,0,0,0,0,0,0,0,0,-0.0270821,-0.1579453,-0.2098358,-0.2391411,-0.3000758,-0.3023495,-0.6317305,-0.7715874,-0.3451958,-0.7693642,-1.3333895,-1.1934821,-1.1370947,-0.6633095,-0.6159158,-1.4191326,-1.5860716,-1.9222232,-2.23584,-2.2200758,-2.0530863,-2.3351242,-2.4185937,-1.8726063,-1.5386779,-2.1252884,-1.7124379,-1.9132295,-2.4366316,-2.2313432,-3.0999411,-0.9092211,-2.5178779,-1.2048,-0.7287411,-0.6114189,-0.6136926,-0.3136168,-0.4128505,-0.4399326,-0.39936,-0.3474695,-0.3293811,-0.1466274,-0.2684968,-0.1827537,-0.0541642,0,0,0,0,0,0,0,0,0,0,0,0,0,0,0,0,0,0,0,0,0,0
340,B128,0,0,0,0,0,0,0,0,0,0,0,0,0,0,0,0,0,0,0,0,0,0,0,0,0,0,0,-0.0225684,-0.1316211,-0.1748632,-0.1992842,-0.2500632,-0.2519579,-0.5264421,-0.6429895,-0.2876632,-0.6411368,-1.1111579,-0.9945684,-0.9475789,-0.5527579,-0.5132632,-1.1826105,-1.3217263,-1.6018526,-1.8632,-1.8500632,-1.7109053,-1.9459368,-2.0154947,-1.5605053,-1.2822316,-1.7710737,-1.4270316,-1.5943579,-2.0305263,-1.8594526,-2.5832842,-0.7576842,-2.0982316,-1.004,-0.6072842,-0.5095158,-0.5114105,-0.2613474,-0.3440421,-0.3666105,-0.3328,-0.2895579,-0.2744842,-0.1221895,-0.2237474,-0.1522947,-0.0451368,0,0,0,0,0,0,0,0,0,0,0,0,0,0,0,0,0,0,0,0,0,0
343,B129,0,0,0,0,0,0,0,0,0,0,0,0,0,0,0,0,0,0,0,0,0,0,0,0,0,0,0,-0.0451368,-0.2632421,-0.3497263,-0.3985684,-0.5001263,-0.5039158,-1.0528842,-1.2859789,-0.5753263,-1.2822737,-2.2223158,-1.9891368,-1.8951579,-1.1055158,-1.0265263,-2.3652211,-2.6434526,-3.2037053,-3.7264,-3.7001263,-3.4218105,-3.8918737,-4.0309895,-3.1210105,-2.5644632,-3.5421474,-2.8540632,-3.1887158,-4.0610526,-3.7189053,-5.1665684,-1.5153684,-4.1964632,-2.008,-1.2145684,-1.0190316,-1.0228211,-0.5226947,-0.6880842,-0.7332211,-0.6656,-0.5791158,-0.5489684,-0.2443789,-0.4474947,-0.3045895,-0.0902737,0,0,0,0,0,0,0,0,0,0,0,0,0,0,0,0,0,0,0,0,0,0
346,B130,-1.8608609,-1.7665043,-1.7708609,-1.536887,-1.6919478,-1.5179478,-1.0764783,-1.0057304,-1.1753217,-1.3709739,-1.4830957,-1.2701217,-1.2374609,-1.4021217,-1.2541826,-1.1910522,-1.2012522,-1.1156348,-0.8921478,-0.7881652,-0.7762174,-0.7721478,-0.6178174,-0.6074348,-0.6652696,-0.7860783,-1.1492609,-1.3102957,-1.4333478,-1.8822522,-1.9083652,-1.8916696,-1.9553739,-2.1566609,-2.1664174,-1.9068261,-1.7338435,-1.8402,-1.7472783,-1.3546696,-1.485913,-1.5744783,-1.6133739,-1.4334522,-1.7560696,-1.7820522,-1.4700783,-1.3748087,-1.1920174,-1.151087,-1.2467217,-1.4257043,-1.4668174,-1.5457304,-1.1841652,-0.8720609,-1.0447043,-1.0041652,-1.4014957,-1.4643391,-1.3051304,-1.4987739,-1.2708783,-1.1117739,-1.6494261,-1.9524,-1.6758261,-1.5389478,-1.5689739,-1.6784609,-1.5589826,-1.4596435,-1.527287,-1.7359826,-1.6693304,-2.3709391,-2.9852609,-2.6913652,-2.301,-2.2542783,-1.844087,-2.4643304,-2.6262783,-3.2644174,-3.7946609,-3.8878696,-3.5507478,-3.3352435,-2.8562609,-2.7274696,-2.5481217,-2.5555304,-2.3994783,-2.3916783,-2.5000174,-2.3876609
349,B131,-2.4811478,-2.3553391,-2.3611478,-2.0491826,-2.2559304,-2.0239304,-1.4353043,-1.3409739,-1.5670957,-1.8279652,-1.9774609,-1.6934957,-1.6499478,-1.8694957,-1.6722435,-1.5880696,-1.6016696,-1.487513,-1.1895304,-1.050887,-1.0349565,-1.0295304,-0.8237565,-0.809913,-0.8870261,-1.0481043,-1.5323478,-1.7470609,-1.9111304,-2.5096696,-2.544487,-2.5222261,-2.6071652,-2.8755478,-2.8885565,-2.5424348,-2.3117913,-2.4536,-2.3297043,-1.8062261,-1.9812174,-2.0993043,-2.1511652,-1.9112696,-2.3414261,-2.3760696,-1.9601043,-1.8330783,-1.5893565,-1.5347826,-1.6622957,-1.9009391,-1.9557565,-2.0609739,-1.578887,-1.1627478,-1.3929391,-1.338887,-1.8686609,-1.9524522,-1.7401739,-1.9983652,-1.6945043,-1.4823652,-2.1992348,-2.6032,-2.2344348,-2.0519304,-2.0919652,-2.2379478,-2.0786435,-1.9461913,-2.0363826,-2.3146435,-2.2257739,-3.1612522,-3.9803478,-3.588487,-3.068,-3.0057043,-2.4587826,-3.2857739,-3.5017043,-4.3525565,-5.0595478,-5.1838261,-4.7343304,-4.4469913,-3.8083478,-3.6366261,-3.3974957,-3.4073739,-3.1993043,-3.1889043,-3.3333565,-3.1835478
352,B132,-1.2405739,-1.1776696,-1.1805739,-1.0245913,-1.1279652,-1.0119652,-0.7176522,-0.670487,-0.7835478,-0.9139826,-0.9887304,-0.8467478,-0.8249739,-0.9347478,-0.8361217,-0.7940348,-0.8008348,-0.7437565,-0.5947652,-0.5254435,-0.5174783,-0.5147652,-0.4118783,-0.4049565,-0.443513,-0.5240522,-0.7661739,-0.8735304,-0.9555652,-1.2548348,-1.2722435,-1.261113,-1.3035826,-1.4377739,-1.4442783,-1.2712174,-1.1558957,-1.2268,-1.1648522,-0.903113,-0.9906087,-1.0496522,-1.0755826,-0.9556348,-1.170713,-1.1880348,-0.9800522,-0.9165391,-0.7946783,-0.7673913,-0.8311478,-0.9504696,-0.9778783,-1.030487,-0.7894435,-0.5813739,-0.6964696,-0.6694435,-0.9343304,-0.9762261,-0.870087,-0.9991826,-0.8472522,-0.7411826,-1.0996174,-1.3016,-1.1172174,-1.0259652,-1.0459826,-1.1189739,-1.0393217,-0.9730957,-1.0181913,-1.1573217,-1.112887,-1.5806261,-1.9901739,-1.7942435,-1.534,-1.5028522,-1.2293913,-1.642887,-1.7508522,-2.1762783,-2.5297739,-2.591913,-2.3671652,-2.2234957,-1.9041739,-1.818313,-1.6987478,-1.703687,-1.5996522,-1.5944522,-1.6666783,-1.5917739
355,B133,0,0,0,0,0,0,0,0,0,0,0,0,0,0,0,0,0,0,0,0,0,0,0,0,0,0,0,-0.0067705,-0.0394863,-0.0524589,-0.0597853,-0.0750189,-0.0755874,-0.1579326,-0.1928968,-0.0862989,-0.1923411,-0.3333474,-0.2983705,-0.2842737,-0.1658274,-0.1539789,-0.3547832,-0.3965179,-0.4805558,-0.55896,-0.5550189,-0.5132716,-0.5837811,-0.6046484,-0.4681516,-0.3846695,-0.5313221,-0.4281095,-0.4783074,-0.6091579,-0.5578358,-0.7749853,-0.2273053,-0.6294695,-0.3012,-0.1821853,-0.1528547,-0.1534232,-0.0784042,-0.1032126,-0.1099832,-0.09984,-0.0868674,-0.0823453,-0.0366568,-0.0671242,-0.0456884,-0.0135411,0,0,0,0,0,0,0,0,0,0,0,0,0,0,0,0,0,0,0,0,0,0
358,B134,0,0,0,0,0,0,0,0,0,0,0,0,0,0,0,0,0,0,0,0,0,0,0,0,0,0,0,-0.0135411,-0.0789726,-0.1049179,-0.1195705,-0.1500379,-0.1511747,-0.3158653,-0.3857937,-0.1725979,-0.3846821,-0.6666947,-0.5967411,-0.5685474,-0.3316547,-0.3079579,-0.7095663,-0.7930358,-0.9611116,-1.11792,-1.1100379,-1.0265432,-1.1675621,-1.2092968,-0.9363032,-0.7693389,-1.0626442,-0.8562189,-0.9566147,-1.2183158,-1.1156716,-1.5499705,-0.4546105,-1.2589389,-0.6024,-0.3643705,-0.3057095,-0.3068463,-0.1568084,-0.2064253,-0.2199663,-0.19968,-0.1737347,-0.1646905,-0.0733137,-0.1342484,-0.0913768,-0.0270821,0,0,0,0,0,0,0,0,0,0,0,0,0,0,0,0,0,0,0,0,0,0
361,B135,0,0,0,0,0,0,0,0,0,0,0,0,0,0,0,0,0,0,0,0,0,0,0,0,0,0,0,-0.0225684,-0.1316211,-0.1748632,-0.1992842,-0.2500632,-0.2519579,-0.5264421,-0.6429895,-0.2876632,-0.6411368,-1.1111579,-0.9945684,-0.9475789,-0.5527579,-0.5132632,-1.1826105,-1.3217263,-1.6018526,-1.8632,-1.8500632,-1.7109053,-1.9459368,-2.0154947,-1.5605053,-1.2822316,-1.7710737,-1.4270316,-1.5943579,-2.0305263,-1.8594526,-2.5832842,-0.7576842,-2.0982316,-1.004,-0.6072842,-0.5095158,-0.5114105,-0.2613474,-0.3440421,-0.3666105,-0.3328,-0.2895579,-0.2744842,-0.1221895,-0.2237474,-0.1522947,-0.0451368,0,0,0,0,0,0,0,0,0,0,0,0,0,0,0,0,0,0,0,0,0,0
364,B136,-1.2405739,-1.1776696,-1.1805739,-1.0245913,-1.1279652,-1.0119652,-0.7176522,-0.670487,-0.7835478,-0.9139826,-0.9887304,-0.8467478,-0.8249739,-0.9347478,-0.8361217,-0.7940348,-0.8008348,-0.7437565,-0.5947652,-0.5254435,-0.5174783,-0.5147652,-0.4118783,-0.4049565,-0.443513,-0.5240522,-0.7661739,-0.8735304,-0.9555652,-1.2548348,-1.2722435,-1.261113,-1.3035826,-1.4377739,-1.4442783,-1.2712174,-1.1558957,-1.2268,-1.1648522,-0.903113,-0.9906087,-1.0496522,-1.0755826,-0.9556348,-1.170713,-1.1880348,-0.9800522,-0.9165391,-0.7946783,-0.7673913,-0.8311478,-0.9504696,-0.9778783,-1.030487,-0.7894435,-0.5813739,-0.6964696,-0.6694435,-0.9343304,-0.9762261,-0.870087,-0.9991826,-0.8472522,-0.7411826,-1.0996174,-1.3016,-1.1172174,-1.0259652,-1.0459826,-1.1189739,-1.0393217,-0.9730957,-1.0181913,-1.1573217,-1.112887,-1.5806261,-1.9901739,-1.7942435,-1.534,-1.5028522,-1.2293913,-1.642887,-1.7508522,-2.1762783,-2.5297739,-2.591913,-2.3671652,-2.2234957,-1.9041739,-1.818313,-1.6987478,-1.703687,-1.5996522,-1.5944522,-1.6666783,-1.5917739
367,B137,-1.141328,-1.083456,-1.086128,-0.942624,-1.037728,-0.931008,-0.66024,-0.616848,-0.720864,-0.840864,-0.909632,-0.779008,-0.758976,-0.859968,-0.769232,-0.730512,-0.736768,-0.684256,-0.547184,-0.483408,-0.47608,-0.473584,-0.378928,-0.37256,-0.408032,-0.482128,-0.70488,-0.803648,-0.87912,-1.154448,-1.170464,-1.160224,-1.199296,-1.322752,-1.328736,-1.16952,-1.063424,-1.128656,-1.071664,-0.830864,-0.91136,-0.96568,-0.989536,-0.879184,-1.077056,-1.092992,-0.901648,-0.843216,-0.731104,-0.706,-0.764656,-0.874432,-0.899648,-0.948048,-0.726288,-0.534864,-0.640752,-0.615888,-0.859584,-0.898128,-0.80048,-0.919248,-0.779472,-0.681888,-1.011648,-1.197472,-1.02784,-0.943888,-0.962304,-1.029456,-0.956176,-0.895248,-0.936736,-1.064736,-1.023856,-1.454176,-1.83096,-1.650704,-1.41128,-1.382624,-1.13104,-1.511456,-1.610784,-2.002176,-2.327392,-2.38456,-2.177792,-2.045616,-1.75184,-1.672848,-1.562848,-1.567392,-1.47168,-1.466896,-1.533344,-1.464432
370,B138,-0.7195329,-0.6830483,-0.6847329,-0.594263,-0.6542198,-0.5869398,-0.4162383,-0.3888824,-0.4544577,-0.5301099,-0.5734637,-0.4911137,-0.4784849,-0.5421537,-0.4849506,-0.4605402,-0.4644842,-0.4313788,-0.3449638,-0.3047572,-0.3001374,-0.2985638,-0.2388894,-0.2348748,-0.2572376,-0.3039503,-0.4443809,-0.5066477,-0.5542278,-0.7278042,-0.7379012,-0.7314456,-0.7560779,-0.8339089,-0.8376814,-0.7373061,-0.6704195,-0.711544,-0.6756143,-0.5238056,-0.574553,-0.6087983,-0.6238379,-0.5542682,-0.6790136,-0.6890602,-0.5684303,-0.5315927,-0.4609134,-0.445087,-0.4820657,-0.5512723,-0.5671694,-0.5976824,-0.4578772,-0.3371969,-0.4039523,-0.3882772,-0.5419117,-0.5662111,-0.5046504,-0.5795259,-0.4914063,-0.4298859,-0.6377781,-0.754928,-0.6479861,-0.5950598,-0.6066699,-0.6490049,-0.6028066,-0.5643955,-0.590551,-0.6712466,-0.6454744,-0.9167631,-1.1543009,-1.0406612,-0.88972,-0.8716543,-0.713047,-0.9528744,-1.0154943,-1.2622414,-1.4672689,-1.5033096,-1.3729558,-1.2896275,-1.1044209,-1.0546216,-0.9852737,-0.9881384,-0.9277983,-0.9247823,-0.9666734,-0.9232289
373,B139,-1.2033567,-1.1423395,-1.1451567,-0.9938536,-1.0941263,-0.9816063,-0.6961226,-0.6503723,-0.7600414,-0.8865631,-0.9590685,-0.8213454,-0.8002247,-0.9067054,-0.8110381,-0.7702137,-0.7768097,-0.7214438,-0.5769223,-0.5096802,-0.5019539,-0.4993223,-0.3995219,-0.3928078,-0.4302077,-0.5083306,-0.7431887,-0.8473245,-0.9268983,-1.2171897,-1.2340762,-1.2232797,-1.2644751,-1.3946407,-1.4009499,-1.2330809,-1.1212188,-1.189996,-1.1299066,-0.8760197,-0.9608904,-1.0181626,-1.0433151,-0.9269657,-1.1355917,-1.1523937,-0.9506506,-0.889043,-0.7708379,-0.7443696,-0.8062134,-0.9219555,-0.9485419,-0.9995723,-0.7657602,-0.5639327,-0.6755755,-0.6493602,-0.9063005,-0.9469393,-0.8439843,-0.9692071,-0.8218346,-0.7189471,-1.0666289,-1.262552,-1.0837009,-0.9951863,-1.0146031,-1.0854047,-1.0081421,-0.9439028,-0.9876456,-1.1226021,-1.0795003,-1.5332073,-1.9304687,-1.7404162,-1.48798,-1.4577666,-1.1925096,-1.5936003,-1.6983266,-2.1109899,-2.4538807,-2.5141557,-2.2961503,-2.1567908,-1.8470487,-1.7637637,-1.6477854,-1.6525763,-1.5516626,-1.5466186,-1.6166779,-1.5440207
376,B140,-1.0420821,-0.9892424,-0.9916821,-0.8606567,-0.9474908,-0.8500508,-0.6028278,-0.563209,-0.6581802,-0.7677454,-0.8305336,-0.7112682,-0.6929781,-0.7851882,-0.7023423,-0.6669892,-0.6727012,-0.6247555,-0.4996028,-0.4413725,-0.4346817,-0.4324028,-0.3459777,-0.3401635,-0.372551,-0.4402038,-0.6435861,-0.7337656,-0.8026748,-1.0540612,-1.0686845,-1.059335,-1.0950094,-1.2077301,-1.2131937,-1.0678226,-0.9709523,-1.030512,-0.9784758,-0.758615,-0.8321113,-0.8817078,-0.9034894,-0.8027332,-0.983399,-0.9979492,-0.8232438,-0.7698929,-0.6675297,-0.6446087,-0.6981642,-0.7983944,-0.8214177,-0.865609,-0.6631325,-0.4883541,-0.5850344,-0.5623325,-0.7848376,-0.8200299,-0.730873,-0.8393134,-0.7116918,-0.6225934,-0.9236786,-1.093344,-0.9384626,-0.8618108,-0.8786254,-0.9399381,-0.8730303,-0.8174003,-0.8552807,-0.9721503,-0.934825,-1.3277259,-1.6717461,-1.5071645,-1.28856,-1.2623958,-1.0326887,-1.380025,-1.4707158,-1.8280737,-2.1250101,-2.177207,-1.9884188,-1.8677363,-1.5995061,-1.527383,-1.4269482,-1.431097,-1.3437078,-1.3393398,-1.4000097,-1.3370901
379,B141,-2.85332,-2.70864,-2.71532,-2.35656,-2.59432,-2.32752,-1.6506,-1.54212,-1.80216,-2.10216,-2.27408,-1.94752,-1.89744,-2.14992,-1.92308,-1.82628,-1.84192,-1.71064,-1.36796,-1.20852,-1.1902,-1.18396,-0.94732,-0.9314,-1.02008,-1.20532,-1.7622,-2.00912,-2.1978,-2.88612,-2.92616,-2.90056,-2.99824,-3.30688,-3.32184,-2.9238,-2.65856,-2.82164,-2.67916,-2.07716,-2.2784,-2.4142,-2.47384,-2.19796,-2.69264,-2.73248,-2.25412,-2.10804,-1.82776,-1.765,-1.91164,-2.18608,-2.24912,-2.37012,-1.81572,-1.33716,-1.60188,-1.53972,-2.14896,-2.24532,-2.0012,-2.29812,-1.94868,-1.70472,-2.52912,-2.99368,-2.5696,-2.35972,-2.40576,-2.57364,-2.39044,-2.23812,-2.34184,-2.66184,-2.55964,-3.63544,-4.5774,-4.12676,-3.5282,-3.45656,-2.8276,-3.77864,-4.02696,-5.00544,-5.81848,-5.9614,-5.44448,-5.11404,-4.3796,-4.18212,-3.90712,-3.91848,-3.6792,-3.66724,-3.83336,-3.66108
382,B142,-1.190951,-1.1305628,-1.133351,-0.9836077,-1.0828466,-0.9714866,-0.6889461,-0.6436675,-0.7522059,-0.8774233,-0.9491812,-0.8128779,-0.791975,-0.8973579,-0.8026769,-0.7622734,-0.7688014,-0.7140063,-0.5709746,-0.5044257,-0.4967791,-0.4941746,-0.3954031,-0.3887583,-0.4257725,-0.5030901,-0.735527,-0.8385892,-0.9173426,-1.2046414,-1.2213537,-1.2106685,-1.2514393,-1.380263,-1.3865071,-1.2203687,-1.1096598,-1.177728,-1.1182581,-0.8669885,-0.9509843,-1.0076661,-1.0325593,-0.9174094,-1.1238845,-1.1405134,-0.9408501,-0.8798776,-0.7628911,-0.7366957,-0.7979019,-0.9124508,-0.9387631,-0.9892675,-0.7578657,-0.558119,-0.6686108,-0.6426657,-0.8969572,-0.937177,-0.8352835,-0.9592153,-0.8133621,-0.7115353,-1.0556327,-1.249536,-1.0725287,-0.9849266,-1.0041433,-1.074215,-0.9977489,-0.9341718,-0.9774637,-1.1110289,-1.0683715,-1.517401,-1.910567,-1.7224737,-1.47264,-1.4427381,-1.1802157,-1.5771715,-1.6808181,-2.0892271,-2.428583,-2.4882365,-2.2724786,-2.1345558,-1.828007,-1.7455805,-1.6307979,-1.6355395,-1.5356661,-1.5306741,-1.6000111,-1.528103
385,B143,-1.1165165,-1.0599026,-1.0625165,-0.9221322,-1.0151687,-0.9107687,-0.645887,-0.6034383,-0.705193,-0.8225843,-0.8898574,-0.762073,-0.7424765,-0.841273,-0.7525096,-0.7146313,-0.7207513,-0.6693809,-0.5352887,-0.4728991,-0.4657304,-0.4632887,-0.3706904,-0.3644609,-0.3991617,-0.471647,-0.6895565,-0.7861774,-0.8600087,-1.1293513,-1.1450191,-1.1350017,-1.1732243,-1.2939965,-1.2998504,-1.1440957,-1.0403061,-1.10412,-1.048367,-0.8128017,-0.8915478,-0.944687,-0.9680243,-0.8600713,-1.0536417,-1.0692313,-0.882047,-0.8248852,-0.7152104,-0.6906522,-0.748033,-0.8554226,-0.8800904,-0.9274383,-0.7104991,-0.5232365,-0.6268226,-0.6024991,-0.8408974,-0.8786035,-0.7830783,-0.8992643,-0.762527,-0.6670643,-0.9896557,-1.17144,-1.0054957,-0.9233687,-0.9413843,-1.0070765,-0.9353896,-0.8757861,-0.9163722,-1.0415896,-1.0015983,-1.4225635,-1.7911565,-1.6148191,-1.3806,-1.352567,-1.1064522,-1.4785983,-1.575767,-1.9586504,-2.2767965,-2.3327217,-2.1304487,-2.0011461,-1.7137565,-1.6364817,-1.528873,-1.5333183,-1.439687,-1.435007,-1.5000104,-1.4325965
388,B144,-1.5010944,-1.4249802,-1.4284944,-1.2397555,-1.3648379,-1.2244779,-0.8683591,-0.8112892,-0.9480929,-1.105919,-1.1963638,-1.0245649,-0.9982184,-1.1310449,-1.0117073,-0.9607821,-0.9690101,-0.8999454,-0.7196659,-0.6357866,-0.6261487,-0.6228659,-0.4983727,-0.4899974,-0.5366508,-0.6341031,-0.9270704,-1.0569718,-1.1562339,-1.5183501,-1.5394146,-1.5259468,-1.577335,-1.7397064,-1.7475767,-1.538173,-1.3986337,-1.484428,-1.4094711,-1.0927668,-1.1986365,-1.2700791,-1.301455,-1.1563181,-1.4165628,-1.4375221,-1.1858631,-1.1090123,-0.9615607,-0.9285435,-1.0056889,-1.1500682,-1.1832327,-1.2468892,-0.9552266,-0.7034624,-0.8427282,-0.8100266,-1.1305398,-1.1812336,-1.0528052,-1.209011,-1.0251751,-0.896831,-1.330537,-1.574936,-1.351833,-1.2414179,-1.265639,-1.3539584,-1.2575793,-1.1774457,-1.2320115,-1.4003593,-1.3465932,-1.9125576,-2.4081104,-2.1710346,-1.85614,-1.8184511,-1.4875635,-1.9878932,-2.1185311,-2.6332967,-3.0610264,-3.1362148,-2.8642699,-2.6904297,-2.3040504,-2.2001588,-2.0554849,-2.0614612,-1.9355791,-1.9292871,-2.0166807,-1.9260464
391,B145,-1.8608609,-1.7665043,-1.7708609,-1.536887,-1.6919478,-1.5179478,-1.0764783,-1.0057304,-1.1753217,-1.3709739,-1.4830957,-1.2701217,-1.2374609,-1.4021217,-1.2541826,-1.1910522,-1.2012522,-1.1156348,-0.8921478,-0.7881652,-0.7762174,-0.7721478,-0.6178174,-0.6074348,-0.6652696,-0.7860783,-1.1492609,-1.3102957,-1.4333478,-1.8822522,-1.9083652,-1.8916696,-1.9553739,-2.1566609,-2.1664174,-1.9068261,-1.7338435,-1.8402,-1.7472783,-1.3546696,-1.485913,-1.5744783,-1.6133739,-1.4334522,-1.7560696,-1.7820522,-1.4700783,-1.3748087,-1.1920174,-1.151087,-1.2467217,-1.4257043,-1.4668174,-1.5457304,-1.1841652,-0.8720609,-1.0447043,-1.0041652,-1.4014957,-1.4643391,-1.3051304,-1.4987739,-1.2708783,-1.1117739,-1.6494261,-1.9524,-1.6758261,-1.5389478,-1.5689739,-1.6784609,-1.5589826,-1.4596435,-1.527287,-1.7359826,-1.6693304,-2.3709391,-2.9852609,-2.6913652,-2.301,-2.2542783,-1.844087,-2.4643304,-2.6262783,-3.2644174,-3.7946609,-3.8878696,-3.5507478,-3.3352435,-2.8562609,-2.7274696,-2.5481217,-2.5555304,-2.3994783,-2.3916783,-2.5000174,-2.3876609
394,B146,-0.9924591,-0.9421357,-0.9444591,-0.819673,-0.9023722,-0.8095722,-0.5741217,-0.5363896,-0.6268383,-0.7311861,-0.7909843,-0.6773983,-0.6599791,-0.7477983,-0.6688974,-0.6352278,-0.6406678,-0.5950052,-0.4758122,-0.4203548,-0.4139826,-0.4118122,-0.3295026,-0.3239652,-0.3548104,-0.4192417,-0.6129391,-0.6988243,-0.7644522,-1.0038678,-1.0177948,-1.0088904,-1.0428661,-1.1502191,-1.1554226,-1.0169739,-0.9247165,-0.98144,-0.9318817,-0.7224904,-0.792487,-0.8397217,-0.8604661,-0.7645078,-0.9365704,-0.9504278,-0.7840417,-0.7332313,-0.6357426,-0.613913,-0.6649183,-0.7603757,-0.7823026,-0.8243896,-0.6315548,-0.4650991,-0.5571757,-0.5355548,-0.7474643,-0.7809809,-0.6960696,-0.7993461,-0.6778017,-0.5929461,-0.8796939,-1.04128,-0.8937739,-0.8207722,-0.8367861,-0.8951791,-0.8314574,-0.7784765,-0.814553,-0.9258574,-0.8903096,-1.2645009,-1.5921391,-1.4353948,-1.2272,-1.2022817,-0.983513,-1.3143096,-1.4006817,-1.7410226,-2.0238191,-2.0735304,-1.8937322,-1.7787965,-1.5233391,-1.4546504,-1.3589983,-1.3629496,-1.2797217,-1.2755617,-1.3333426,-1.2734191
397,B147,-0.570664,-0.541728,-0.543064,-0.471312,-0.518864,-0.465504,-0.33012,-0.308424,-0.360432,-0.420432,-0.454816,-0.389504,-0.379488,-0.429984,-0.384616,-0.365256,-0.368384,-0.342128,-0.273592,-0.241704,-0.23804,-0.236792,-0.189464,-0.18628,-0.204016,-0.241064,-0.35244,-0.401824,-0.43956,-0.577224,-0.585232,-0.580112,-0.599648,-0.661376,-0.664368,-0.58476,-0.531712,-0.564328,-0.535832,-0.415432,-0.45568,-0.48284,-0.494768,-0.439592,-0.538528,-0.546496,-0.450824,-0.421608,-0.365552,-0.353,-0.382328,-0.437216,-0.449824,-0.474024,-0.363144,-0.267432,-0.320376,-0.307944,-0.429792,-0.449064,-0.40024,-0.459624,-0.389736,-0.340944,-0.505824,-0.598736,-0.51392,-0.471944,-0.481152,-0.514728,-0.478088,-0.447624,-0.468368,-0.532368,-0.511928,-0.727088,-0.91548,-0.825352,-0.70564,-0.691312,-0.56552,-0.755728,-0.805392,-1.001088,-1.163696,-1.19228,-1.088896,-1.022808,-0.87592,-0.836424,-0.781424,-0.783696,-0.73584,-0.733448,-0.766672,-0.732216
400,B148,-0.3225492,-0.3061941,-0.3069492,-0.2663937,-0.293271,-0.263111,-0.1865896,-0.1743266,-0.2037224,-0.2376355,-0.2570699,-0.2201544,-0.2144932,-0.2430344,-0.2173917,-0.206449,-0.208217,-0.1933767,-0.154639,-0.1366153,-0.1345443,-0.133839,-0.1070883,-0.1052887,-0.1153134,-0.1362536,-0.1992052,-0.2271179,-0.248447,-0.326257,-0.3307833,-0.3278894,-0.3389315,-0.3738212,-0.3755123,-0.3305165,-0.3005329,-0.318968,-0.3028616,-0.2348094,-0.2575583,-0.2729096,-0.2796515,-0.248465,-0.3043854,-0.308889,-0.2548136,-0.2383002,-0.2066163,-0.1995217,-0.2160984,-0.2471221,-0.2542483,-0.2679266,-0.2052553,-0.1511572,-0.1810821,-0.1740553,-0.2429259,-0.2538188,-0.2262226,-0.2597875,-0.2202856,-0.1927075,-0.2859005,-0.338416,-0.2904765,-0.266751,-0.2719555,-0.2909332,-0.2702237,-0.2530049,-0.2647297,-0.3009037,-0.2893506,-0.4109628,-0.5174452,-0.4665033,-0.39884,-0.3907416,-0.3196417,-0.4271506,-0.4552216,-0.5658323,-0.6577412,-0.6738974,-0.615463,-0.5781089,-0.4950852,-0.4727614,-0.4416744,-0.4429586,-0.4159096,-0.4145576,-0.4333363,-0.4138612
403,B149,0,0,0,0,0,0,0,0,0,0,0,0,0,0,0,0,0,0,0,0,0,0,0,0,0,0,0,-0.0677053,-0.3948632,-0.5245895,-0.5978526,-0.7501895,-0.7558737,-1.5793263,-1.9289684,-0.8629895,-1.9234105,-3.3334737,-2.9837053,-2.8427368,-1.6582737,-1.5397895,-3.5478316,-3.9651789,-4.8055579,-5.5896,-5.5501895,-5.1327158,-5.8378105,-6.0464842,-4.6815158,-3.8466947,-5.3132211,-4.2810947,-4.7830737,-6.0915789,-5.5783579,-7.7498526,-2.2730526,-6.2946947,-3.012,-1.8218526,-1.5285474,-1.5342316,-0.7840421,-1.0321263,-1.0998316,-0.9984,-0.8686737,-0.8234526,-0.3665684,-0.6712421,-0.4568842,-0.1354105,0,0,0,0,0,0,0,0,0,0,0,0,0,0,0,0,0,0,0,0,0,0
406,B150,-1.2405739,-1.1776696,-1.1805739,-1.0245913,-1.1279652,-1.0119652,-0.7176522,-0.670487,-0.7835478,-0.9139826,-0.9887304,-0.8467478,-0.8249739,-0.9347478,-0.8361217,-0.7940348,-0.8008348,-0.7437565,-0.5947652,-0.5254435,-0.5174783,-0.5147652,-0.4118783,-0.4049565,-0.443513,-0.5240522,-0.7661739,-0.8735304,-0.9555652,-1.2548348,-1.2722435,-1.261113,-1.3035826,-1.4377739,-1.4442783,-1.2712174,-1.1558957,-1.2268,-1.1648522,-0.903113,-0.9906087,-1.0496522,-1.0755826,-0.9556348,-1.170713,-1.1880348,-0.9800522,-0.9165391,-0.7946783,-0.7673913,-0.8311478,-0.9504696,-0.9778783,-1.030487,-0.7894435,-0.5813739,-0.6964696,-0.6694435,-0.9343304,-0.9762261,-0.870087,-0.9991826,-0.8472522,-0.7411826,-1.0996174,-1.3016,-1.1172174,-1.0259652,-1.0459826,-1.1189739,-1.0393217,-0.9730957,-1.0181913,-1.1573217,-1.112887,-1.5806261,-1.9901739,-1.7942435,-1.534,-1.5028522,-1.2293913,-1.642887,-1.7508522,-2.1762783,-2.5297739,-2.591913,-2.3671652,-2.2234957,-1.9041739,-1.818313,-1.6987478,-1.703687,-1.5996522,-1.5944522,-1.6666783,-1.5917739
409,B151,0,0,0,0,0,0,0,0,0,0,0,0,0,0,0,0,0,0,0,0,0,0,0,0,0,0,0,-0.0225684,-0.1316211,-0.1748632,-0.1992842,-0.2500632,-0.2519579,-0.5264421,-0.6429895,-0.2876632,-0.6411368,-1.1111579,-0.9945684,-0.9475789,-0.5527579,-0.5132632,-1.1826105,-1.3217263,-1.6018526,-1.8632,-1.8500632,-1.7109053,-1.9459368,-2.0154947,-1.5605053,-1.2822316,-1.7710737,-1.4270316,-1.5943579,-2.0305263,-1.8594526,-2.5832842,-0.7576842,-2.0982316,-1.004,-0.6072842,-0.5095158,-0.5114105,-0.2613474,-0.3440421,-0.3666105,-0.3328,-0.2895579,-0.2744842,-0.1221895,-0.2237474,-0.1522947,-0.0451368,0,0,0,0,0,0,0,0,0,0,0,0,0,0,0,0,0,0,0,0,0,0
412,B152,0,0,0,0,0,0,0,0,0,0,0,0,0,0,0,0,0,0,0,0,0,0,0,0,0,0,0,-0.0112842,-0.0658105,-0.0874316,-0.0996421,-0.1250316,-0.1259789,-0.2632211,-0.3214947,-0.1438316,-0.3205684,-0.5555789,-0.4972842,-0.4737895,-0.2763789,-0.2566316,-0.5913053,-0.6608632,-0.8009263,-0.9316,-0.9250316,-0.8554526,-0.9729684,-1.0077474,-0.7802526,-0.6411158,-0.8855368,-0.7135158,-0.7971789,-1.0152632,-0.9297263,-1.2916421,-0.3788421,-1.0491158,-0.502,-0.3036421,-0.2547579,-0.2557053,-0.1306737,-0.1720211,-0.1833053,-0.1664,-0.1447789,-0.1372421,-0.0610947,-0.1118737,-0.0761474,-0.0225684,0,0,0,0,0,0,0,0,0,0,0,0,0,0,0,0,0,0,0,0,0,0
415,B153,0,0,0,0,0,0,0,0,0,0,0,0,0,0,0,0,0,0,0,0,0,0,0,0,0,0,0,-0.0451368,-0.2632421,-0.3497263,-0.3985684,-0.5001263,-0.5039158,-1.0528842,-1.2859789,-0.5753263,-1.2822737,-2.2223158,-1.9891368,-1.8951579,-1.1055158,-1.0265263,-2.3652211,-2.6434526,-3.2037053,-3.7264,-3.7001263,-3.4218105,-3.8918737,-4.0309895,-3.1210105,-2.5644632,-3.5421474,-2.8540632,-3.1887158,-4.0610526,-3.7189053,-5.1665684,-1.5153684,-4.1964632,-2.008,-1.2145684,-1.0190316,-1.0228211,-0.5226947,-0.6880842,-0.7332211,-0.6656,-0.5791158,-0.5489684,-0.2443789,-0.4474947,-0.3045895,-0.0902737,0,0,0,0,0,0,0,0,0,0,0,0,0,0,0,0,0,0,0,0,0,0
418,B154,-0.620287,-0.5888348,-0.590287,-0.5122957,-0.5639826,-0.5059826,-0.3588261,-0.3352435,-0.3917739,-0.4569913,-0.4943652,-0.4233739,-0.412487,-0.4673739,-0.4180609,-0.3970174,-0.4004174,-0.3718783,-0.2973826,-0.2627217,-0.2587391,-0.2573826,-0.2059391,-0.2024783,-0.2217565,-0.2620261,-0.383087,-0.4367652,-0.4777826,-0.6274174,-0.6361217,-0.6305565,-0.6517913,-0.718887,-0.7221391,-0.6356087,-0.5779478,-0.6134,-0.5824261,-0.4515565,-0.4953043,-0.5248261,-0.5377913,-0.4778174,-0.5853565,-0.5940174,-0.4900261,-0.4582696,-0.3973391,-0.3836957,-0.4155739,-0.4752348,-0.4889391,-0.5152435,-0.3947217,-0.290687,-0.3482348,-0.3347217,-0.4671652,-0.488113,-0.4350435,-0.4995913,-0.4236261,-0.3705913,-0.5498087,-0.6508,-0.5586087,-0.5129826,-0.5229913,-0.559487,-0.5196609,-0.4865478,-0.5090957,-0.5786609,-0.5564435,-0.790313,-0.995087,-0.8971217,-0.767,-0.7514261,-0.6146957,-0.8214435,-0.8754261,-1.0881391,-1.264887,-1.2959565,-1.1835826,-1.1117478,-0.952087,-0.9091565,-0.8493739,-0.8518435,-0.7998261,-0.7972261,-0.8333391,-0.795887
421,B155,-1.4886887,-1.4132035,-1.4166887,-1.2295096,-1.3535583,-1.2143583,-0.8611826,-0.8045843,-0.9402574,-1.0967791,-1.1864765,-1.0160974,-0.9899687,-1.1216974,-1.0033461,-0.9528417,-0.9610017,-0.8925078,-0.7137183,-0.6305322,-0.6209739,-0.6177183,-0.4942539,-0.4859478,-0.5322157,-0.6288626,-0.9194087,-1.0482365,-1.1466783,-1.5058017,-1.5266922,-1.5133357,-1.5642991,-1.7253287,-1.7331339,-1.5254609,-1.3870748,-1.47216,-1.3978226,-1.0837357,-1.1887304,-1.2595826,-1.2906991,-1.1467617,-1.4048557,-1.4256417,-1.1760626,-1.099847,-0.9536139,-0.9208696,-0.9973774,-1.1405635,-1.1734539,-1.2365843,-0.9473322,-0.6976487,-0.8357635,-0.8033322,-1.1211965,-1.1714713,-1.0441043,-1.1990191,-1.0167026,-0.8894191,-1.3195409,-1.56192,-1.3406609,-1.2311583,-1.2551791,-1.3427687,-1.2471861,-1.1677148,-1.2218296,-1.3887861,-1.3354643,-1.8967513,-2.3882087,-2.1530922,-1.8408,-1.8034226,-1.4752696,-1.9714643,-2.1010226,-2.6115339,-3.0357287,-3.1102957,-2.8405983,-2.6681948,-2.2850087,-2.1819757,-2.0384974,-2.0444243,-1.9195826,-1.9133426,-2.0000139,-1.9101287
424,B156,-0.8684017,-0.8243687,-0.8264017,-0.7172139,-0.7895757,-0.7083757,-0.5023565,-0.4693409,-0.5484835,-0.6397878,-0.6921113,-0.5927235,-0.5774817,-0.6543235,-0.5852852,-0.5558243,-0.5605843,-0.5206296,-0.4163357,-0.3678104,-0.3622348,-0.3603357,-0.2883148,-0.2834696,-0.3104591,-0.3668365,-0.5363217,-0.6114713,-0.6688957,-0.8783843,-0.8905704,-0.8827791,-0.9125078,-1.0064417,-1.0109948,-0.8898522,-0.809127,-0.85876,-0.8153965,-0.6321791,-0.6934261,-0.7347565,-0.7529078,-0.6689443,-0.8194991,-0.8316243,-0.6860365,-0.6415774,-0.5562748,-0.5371739,-0.5818035,-0.6653287,-0.6845148,-0.7213409,-0.5526104,-0.4069617,-0.4875287,-0.4686104,-0.6540313,-0.6833583,-0.6090609,-0.6994278,-0.5930765,-0.5188278,-0.7697322,-0.91112,-0.7820522,-0.7181757,-0.7321878,-0.7832817,-0.7275252,-0.681167,-0.7127339,-0.8101252,-0.7790209,-1.1064383,-1.3931217,-1.2559704,-1.0738,-1.0519965,-0.8605739,-1.1500209,-1.2255965,-1.5233948,-1.7708417,-1.8143391,-1.6570157,-1.556447,-1.3329217,-1.2728191,-1.1891235,-1.1925809,-1.1197565,-1.1161165,-1.1666748,-1.1142417
427,B157,-0.7443443,-0.7066017,-0.7083443,-0.6147548,-0.6767791,-0.6071791,-0.4305913,-0.4022922,-0.4701287,-0.5483896,-0.5932383,-0.5080487,-0.4949843,-0.5608487,-0.501673,-0.4764209,-0.4805009,-0.4462539,-0.3568591,-0.3152661,-0.310487,-0.3088591,-0.247127,-0.2429739,-0.2661078,-0.3144313,-0.4597043,-0.5241183,-0.5733391,-0.7529009,-0.7633461,-0.7566678,-0.7821496,-0.8626643,-0.866567,-0.7627304,-0.6935374,-0.73608,-0.6989113,-0.5418678,-0.5943652,-0.6297913,-0.6453496,-0.5733809,-0.7024278,-0.7128209,-0.5880313,-0.5499235,-0.476807,-0.4604348,-0.4986887,-0.5702817,-0.586727,-0.6182922,-0.4736661,-0.3488243,-0.4178817,-0.4016661,-0.5605983,-0.5857357,-0.5220522,-0.5995096,-0.5083513,-0.4447096,-0.6597704,-0.78096,-0.6703304,-0.6155791,-0.6275896,-0.6713843,-0.623593,-0.5838574,-0.6109148,-0.694393,-0.6677322,-0.9483757,-1.1941043,-1.0765461,-0.9204,-0.9017113,-0.7376348,-0.9857322,-1.0505113,-1.305767,-1.5178643,-1.5551478,-1.4202991,-1.3340974,-1.1425043,-1.0909878,-1.0192487,-1.0222122,-0.9597913,-0.9566713,-1.000007,-0.9550643
430,B158,-1.6127461,-1.5309704,-1.5347461,-1.3319687,-1.4663548,-1.3155548,-0.9329478,-0.871633,-1.0186122,-1.1881774,-1.2853496,-1.1007722,-1.0724661,-1.2151722,-1.0869583,-1.0322452,-1.0410852,-0.9668835,-0.7731948,-0.6830765,-0.6727217,-0.6691948,-0.5354417,-0.5264435,-0.576567,-0.6812678,-0.9960261,-1.1355896,-1.2422348,-1.6312852,-1.6539165,-1.639447,-1.6946574,-1.8691061,-1.8775617,-1.6525826,-1.5026643,-1.59484,-1.5143078,-1.174047,-1.2877913,-1.3645478,-1.3982574,-1.2423252,-1.521927,-1.5444452,-1.2740678,-1.1915009,-1.0330817,-0.9976087,-1.0804922,-1.2356104,-1.2712417,-1.339633,-1.0262765,-0.7557861,-0.9054104,-0.8702765,-1.2146296,-1.2690939,-1.131113,-1.2989374,-1.1014278,-0.9635374,-1.4295026,-1.69208,-1.4523826,-1.3337548,-1.3597774,-1.4546661,-1.3511183,-1.2650243,-1.3236487,-1.5045183,-1.446753,-2.0548139,-2.5872261,-2.3325165,-1.9942,-1.9537078,-1.5982087,-2.135753,-2.2761078,-2.8291617,-3.2887061,-3.369487,-3.0773148,-2.8905443,-2.4754261,-2.363807,-2.2083722,-2.214793,-2.0795478,-2.0727878,-2.1666817,-2.0693061
433,B159,-0.620287,-0.5888348,-0.590287,-0.5122957,-0.5639826,-0.5059826,-0.3588261,-0.3352435,-0.3917739,-0.4569913,-0.4943652,-0.4233739,-0.412487,-0.4673739,-0.4180609,-0.3970174,-0.4004174,-0.3718783,-0.2973826,-0.2627217,-0.2587391,-0.2573826,-0.2059391,-0.2024783,-0.2217565,-0.2620261,-0.383087,-0.4367652,-0.4777826,-0.6274174,-0.6361217,-0.6305565,-0.6517913,-0.718887,-0.7221391,-0.6356087,-0.5779478,-0.6134,-0.5824261,-0.4515565,-0.4953043,-0.5248261,-0.5377913,-0.4778174,-0.5853565,-0.5940174,-0.4900261,-0.4582696,-0.3973391,-0.3836957,-0.4155739,-0.4752348,-0.4889391,-0.5152435,-0.3947217,-0.290687,-0.3482348,-0.3347217,-0.4671652,-0.488113,-0.4350435,-0.4995913,-0.4236261,-0.3705913,-0.5498087,-0.6508,-0.5586087,-0.5129826,-0.5229913,-0.559487,-0.5196609,-0.4865478,-0.5090957,-0.5786609,-0.5564435,-0.790313,-0.995087,-0.8971217,-0.767,-0.7514261,-0.6146957,-0.8214435,-0.8754261,-1.0881391,-1.264887,-1.2959565,-1.1835826,-1.1117478,-0.952087,-0.9091565,-0.8493739,-0.8518435,-0.7998261,-0.7972261,-0.8333391,-0.795887
436,B160,-0.620287,-0.5888348,-0.590287,-0.5122957,-0.5639826,-0.5059826,-0.3588261,-0.3352435,-0.3917739,-0.4569913,-0.4943652,-0.4233739,-0.412487,-0.4673739,-0.4180609,-0.3970174,-0.4004174,-0.3718783,-0.2973826,-0.2627217,-0.2587391,-0.2573826,-0.2059391,-0.2024783,-0.2217565,-0.2620261,-0.383087,-0.4367652,-0.4777826,-0.6274174,-0.6361217,-0.6305565,-0.6517913,-0.718887,-0.7221391,-0.6356087,-0.5779478,-0.6134,-0.5824261,-0.4515565,-0.4953043,-0.5248261,-0.5377913,-0.4778174,-0.5853565,-0.5940174,-0.4900261,-0.4582696,-0.3973391,-0.3836957,-0.4155739,-0.4752348,-0.4889391,-0.5152435,-0.3947217,-0.290687,-0.3482348,-0.3347217,-0.4671652,-0.488113,-0.4350435,-0.4995913,-0.4236261,-0.3705913,-0.5498087,-0.6508,-0.5586087,-0.5129826,-0.5229913,-0.559487,-0.5196609,-0.4865478,-0.5090957,-0.5786609,-0.5564435,-0.790313,-0.995087,-0.8971217,-0.767,-0.7514261,-0.6146957,-0.8214435,-0.8754261,-1.0881391,-1.264887,-1.2959565,-1.1835826,-1.1117478,-0.952087,-0.9091565,-0.8493739,-0.8518435,-0.7998261,-0.7972261,-0.8333391,-0.795887
439,B161,-1.3646313,-1.2954365,-1.2986313,-1.1270504,-1.2407617,-1.1131617,-0.7894174,-0.7375357,-0.8619026,-1.0053809,-1.0876035,-0.9314226,-0.9074713,-1.0282226,-0.9197339,-0.8734383,-0.8809183,-0.8181322,-0.6542417,-0.5779878,-0.5692261,-0.5662417,-0.4530661,-0.4454522,-0.4878643,-0.5764574,-0.8427913,-0.9608835,-1.0511217,-1.3803183,-1.3994678,-1.3872243,-1.4339409,-1.5815513,-1.5887061,-1.3983391,-1.2714852,-1.34948,-1.2813374,-0.9934243,-1.0896696,-1.1546174,-1.1831409,-1.0511983,-1.2877843,-1.3068383,-1.0780574,-1.008193,-0.8741461,-0.8441304,-0.9142626,-1.0455165,-1.0756661,-1.1335357,-0.8683878,-0.6395113,-0.7661165,-0.7363878,-1.0277635,-1.0738487,-0.9570957,-1.0991009,-0.9319774,-0.8153009,-1.2095791,-1.43176,-1.2289391,-1.1285617,-1.1505809,-1.2308713,-1.1432539,-1.0704052,-1.1200104,-1.2730539,-1.2241757,-1.7386887,-2.1891913,-1.9736678,-1.6874,-1.6531374,-1.3523304,-1.8071757,-1.9259374,-2.3939061,-2.7827513,-2.8511043,-2.6038817,-2.4458452,-2.0945913,-2.0001443,-1.8686226,-1.8740557,-1.7596174,-1.7538974,-1.8333461,-1.7509513
442,B162,0,0,0,0,0,0,0,0,0,0,0,0,0,0,0,0,0,0,0,0,0,0,0,0,0,0,0,-0.0024825,-0.0144783,-0.0192349,-0.0219213,-0.0275069,-0.0277154,-0.0579086,-0.0707288,-0.0316429,-0.0705251,-0.1222274,-0.1094025,-0.1042337,-0.0608034,-0.0564589,-0.1300872,-0.1453899,-0.1762038,-0.204952,-0.2035069,-0.1881996,-0.2140531,-0.2217044,-0.1716556,-0.1410455,-0.1948181,-0.1569735,-0.1753794,-0.2233579,-0.2045398,-0.2841613,-0.0833453,-0.2308055,-0.11044,-0.0668013,-0.0560467,-0.0562552,-0.0287482,-0.0378446,-0.0403272,-0.036608,-0.0318514,-0.0301933,-0.0134408,-0.0246122,-0.0167524,-0.0049651,0,0,0,0,0,0,0,0,0,0,0,0,0,0,0,0,0,0,0,0,0,0
445,B163,-0.620287,-0.5888348,-0.590287,-0.5122957,-0.5639826,-0.5059826,-0.3588261,-0.3352435,-0.3917739,-0.4569913,-0.4943652,-0.4233739,-0.412487,-0.4673739,-0.4180609,-0.3970174,-0.4004174,-0.3718783,-0.2973826,-0.2627217,-0.2587391,-0.2573826,-0.2059391,-0.2024783,-0.2217565,-0.2620261,-0.383087,-0.4367652,-0.4777826,-0.6274174,-0.6361217,-0.6305565,-0.6517913,-0.718887,-0.7221391,-0.6356087,-0.5779478,-0.6134,-0.5824261,-0.4515565,-0.4953043,-0.5248261,-0.5377913,-0.4778174,-0.5853565,-0.5940174,-0.4900261,-0.4582696,-0.3973391,-0.3836957,-0.4155739,-0.4752348,-0.4889391,-0.5152435,-0.3947217,-0.290687,-0.3482348,-0.3347217,-0.4671652,-0.488113,-0.4350435,-0.4995913,-0.4236261,-0.3705913,-0.5498087,-0.6508,-0.5586087,-0.5129826,-0.5229913,-0.559487,-0.5196609,-0.4865478,-0.5090957,-0.5786609,-0.5564435,-0.790313,-0.995087,-0.8971217,-0.767,-0.7514261,-0.6146957,-0.8214435,-0.8754261,-1.0881391,-1.264887,-1.2959565,-1.1835826,-1.1117478,-0.952087,-0.9091565,-0.8493739,-0.8518435,-0.7998261,-0.7972261,-0.8333391,-0.795887
448,B164,-0.620287,-0.5888348,-0.590287,-0.5122957,-0.5639826,-0.5059826,-0.3588261,-0.3352435,-0.3917739,-0.4569913,-0.4943652,-0.4233739,-0.412487,-0.4673739,-0.4180609,-0.3970174,-0.4004174,-0.3718783,-0.2973826,-0.2627217,-0.2587391,-0.2573826,-0.2059391,-0.2024783,-0.2217565,-0.2620261,-0.383087,-0.4367652,-0.4777826,-0.6274174,-0.6361217,-0.6305565,-0.6517913,-0.718887,-0.7221391,-0.6356087,-0.5779478,-0.6134,-0.5824261,-0.4515565,-0.4953043,-0.5248261,-0.5377913,-0.4778174,-0.5853565,-0.5940174,-0.4900261,-0.4582696,-0.3973391,-0.3836957,-0.4155739,-0.4752348,-0.4889391,-0.5152435,-0.3947217,-0.290687,-0.3482348,-0.3347217,-0.4671652,-0.488113,-0.4350435,-0.4995913,-0.4236261,-0.3705913,-0.5498087,-0.6508,-0.5586087,-0.5129826,-0.5229913,-0.559487,-0.5196609,-0.4865478,-0.5090957,-0.5786609,-0.5564435,-0.790313,-0.995087,-0.8971217,-0.767,-0.7514261,-0.6146957,-0.8214435,-0.8754261,-1.0881391,-1.264887,-1.2959565,-1.1835826,-1.1117478,-0.952087,-0.9091565,-0.8493739,-0.8518435,-0.7998261,-0.7972261,-0.8333391,-0.795887
451,B165,-0.5954755,-0.5652814,-0.5666755,-0.4918038,-0.5414233,-0.4857433,-0.344473,-0.3218337,-0.376103,-0.4387117,-0.4745906,-0.406439,-0.3959875,-0.448679,-0.4013384,-0.3811367,-0.3844007,-0.3570031,-0.2854873,-0.2522129,-0.2483896,-0.2470873,-0.1977016,-0.1943791,-0.2128863,-0.251545,-0.3677635,-0.4192946,-0.4586713,-0.6023207,-0.6106769,-0.6053343,-0.6257197,-0.6901315,-0.6932536,-0.6101843,-0.5548299,-0.588864,-0.559129,-0.4334943,-0.4754922,-0.503833,-0.5162797,-0.4587047,-0.5619423,-0.5702567,-0.470425,-0.4399388,-0.3814456,-0.3683478,-0.398951,-0.4562254,-0.4693816,-0.4946337,-0.3789329,-0.2790595,-0.3343054,-0.3213329,-0.4484786,-0.4685885,-0.4176417,-0.4796077,-0.406681,-0.3557677,-0.5278163,-0.624768,-0.5362643,-0.4924633,-0.5020717,-0.5371075,-0.4988744,-0.4670859,-0.4887318,-0.5555144,-0.5341857,-0.7587005,-0.9552835,-0.8612369,-0.73632,-0.721369,-0.5901078,-0.7885857,-0.840409,-1.0446136,-1.2142915,-1.2441183,-1.1362393,-1.0672779,-0.9140035,-0.8727903,-0.815399,-0.8177697,-0.767833,-0.765337,-0.8000056,-0.7640515
454,B166,-0.620287,-0.5888348,-0.590287,-0.5122957,-0.5639826,-0.5059826,-0.3588261,-0.3352435,-0.3917739,-0.4569913,-0.4943652,-0.4233739,-0.412487,-0.4673739,-0.4180609,-0.3970174,-0.4004174,-0.3718783,-0.2973826,-0.2627217,-0.2587391,-0.2573826,-0.2059391,-0.2024783,-0.2217565,-0.2620261,-0.383087,-0.4367652,-0.4777826,-0.6274174,-0.6361217,-0.6305565,-0.6517913,-0.718887,-0.7221391,-0.6356087,-0.5779478,-0.6134,-0.5824261,-0.4515565,-0.4953043,-0.5248261,-0.5377913,-0.4778174,-0.5853565,-0.5940174,-0.4900261,-0.4582696,-0.3973391,-0.3836957,-0.4155739,-0.4752348,-0.4889391,-0.5152435,-0.3947217,-0.290687,-0.3482348,-0.3347217,-0.4671652,-0.488113,-0.4350435,-0.4995913,-0.4236261,-0.3705913,-0.5498087,-0.6508,-0.5586087,-0.5129826,-0.5229913,-0.559487,-0.5196609,-0.4865478,-0.5090957,-0.5786609,-0.5564435,-0.790313,-0.995087,-0.8971217,-0.767,-0.7514261,-0.6146957,-0.8214435,-0.8754261,-1.0881391,-1.264887,-1.2959565,-1.1835826,-1.1117478,-0.952087,-0.9091565,-0.8493739,-0.8518435,-0.7998261,-0.7972261,-0.8333391,-0.795887
457,B167,-1.7864264,-1.6958442,-1.7000264,-1.4754115,-1.6242699,-1.4572299,-1.0334191,-0.9655012,-1.1283089,-1.316135,-1.4237718,-1.2193169,-1.1879624,-1.3460369,-1.2040153,-1.1434101,-1.1532021,-1.0710094,-0.8564619,-0.7566386,-0.7451687,-0.7412619,-0.5931047,-0.5831374,-0.6386588,-0.7546351,-1.1032904,-1.2578838,-1.3760139,-1.8069621,-1.8320306,-1.8160028,-1.877159,-2.0703944,-2.0797607,-1.830553,-1.6644897,-1.766592,-1.6773871,-1.3004828,-1.4264765,-1.5114991,-1.548839,-1.3761141,-1.6858268,-1.7107701,-1.4112751,-1.3198163,-1.1443367,-1.1050435,-1.1968529,-1.3686762,-1.4081447,-1.4839012,-1.1367986,-0.8371784,-1.0029162,-0.9639986,-1.3454358,-1.4057656,-1.2529252,-1.438823,-1.2200431,-1.067303,-1.583449,-1.874304,-1.608793,-1.4773899,-1.506215,-1.6113224,-1.4966233,-1.4012577,-1.4661955,-1.6665433,-1.6025572,-2.2761016,-2.8658504,-2.5837106,-2.20896,-2.1641071,-1.7703235,-2.3657572,-2.5212271,-3.1338407,-3.6428744,-3.7323548,-3.4087179,-3.2018337,-2.7420104,-2.6183708,-2.4461969,-2.4533092,-2.3034991,-2.2960111,-2.4000167,-2.2921544
460,B168,0,0,0,0,0,0,0,0,0,0,0,0,0,0,0,0,0,0,0,0,0,0,0,0,0,0,0,-0.0203116,-0.1184589,-0.1573768,-0.1793558,-0.2250568,-0.2267621,-0.4737979,-0.5786905,-0.2588968,-0.5770232,-1.0000421,-0.8951116,-0.8528211,-0.4974821,-0.4619368,-1.0643495,-1.1895537,-1.4416674,-1.67688,-1.6650568,-1.5398147,-1.7513432,-1.8139453,-1.4044547,-1.1540084,-1.5939663,-1.2843284,-1.4349221,-1.8274737,-1.6735074,-2.3249558,-0.6819158,-1.8884084,-0.9036,-0.5465558,-0.4585642,-0.4602695,-0.2352126,-0.3096379,-0.3299495,-0.29952,-0.2606021,-0.2470358,-0.1099705,-0.2013726,-0.1370653,-0.0406232,0,0,0,0,0,0,0,0,0,0,0,0,0,0,0,0,0,0,0,0,0,0
461,B169,0,0,0,0,0,0,0,0,0,0,0,0,0,0,0,0,0,0,0,0,0,0,0,0,0,0,0,-0.0135411,-0.0789726,-0.1049179,-0.1195705,-0.1500379,-0.1511747,-0.3158653,-0.3857937,-0.1725979,-0.3846821,-0.6666947,-0.5967411,-0.5685474,-0.3316547,-0.3079579,-0.7095663,-0.7930358,-0.9611116,-1.11792,-1.1100379,-1.0265432,-1.1675621,-1.2092968,-0.9363032,-0.7693389,-1.0626442,-0.8562189,-0.9566147,-1.2183158,-1.1156716,-1.5499705,-0.4546105,-1.2589389,-0.6024,-0.3643705,-0.3057095,-0.3068463,-0.1568084,-0.2064253,-0.2199663,-0.19968,-0.1737347,-0.1646905,-0.0733137,-0.1342484,-0.0913768,-0.0270821,0,0,0,0,0,0,0,0,0,0,0,0,0,0,0,0,0,0,0,0,0,0
462,B170,-2.4811478,-2.3553391,-2.3611478,-2.0491826,-2.2559304,-2.0239304,-1.4353043,-1.3409739,-1.5670957,-1.8279652,-1.9774609,-1.6934957,-1.6499478,-1.8694957,-1.6722435,-1.5880696,-1.6016696,-1.487513,-1.1895304,-1.050887,-1.0349565,-1.0295304,-0.8237565,-0.809913,-0.8870261,-1.0481043,-1.5323478,-1.7470609,-1.9111304,-2.5096696,-2.544487,-2.5222261,-2.6071652,-2.8755478,-2.8885565,-2.5424348,-2.3117913,-2.4536,-2.3297043,-1.8062261,-1.9812174,-2.0993043,-2.1511652,-1.9112696,-2.3414261,-2.3760696,-1.9601043,-1.8330783,-1.5893565,-1.5347826,-1.6622957,-1.9009391,-1.9557565,-2.0609739,-1.578887,-1.1627478,-1.3929391,-1.338887,-1.8686609,-1.9524522,-1.7401739,-1.9983652,-1.6945043,-1.4823652,-2.1992348,-2.6032,-2.2344348,-2.0519304,-2.0919652,-2.2379478,-2.0786435,-1.9461913,-2.0363826,-2.3146435,-2.2257739,-3.1612522,-3.9803478,-3.588487,-3.068,-3.0057043,-2.4587826,-3.2857739,-3.5017043,-4.3525565,-5.0595478,-5.1838261,-4.7343304,-4.4469913,-3.8083478,-3.6366261,-3.3974957,-3.4073739,-3.1993043,-3.1889043,-3.3333565,-3.1835478
465,B171,-1.2281682,-1.1658929,-1.1687682,-1.0143454,-1.1166856,-1.0018456,-0.7104757,-0.6637821,-0.7757123,-0.9048428,-0.9788431,-0.8382803,-0.8167242,-0.9254003,-0.8277605,-0.7860944,-0.7928264,-0.736319,-0.5888176,-0.520189,-0.5123035,-0.5096176,-0.4077595,-0.400907,-0.4390779,-0.5188117,-0.7585122,-0.8647951,-0.9460096,-1.2422864,-1.259521,-1.2485019,-1.2905468,-1.4233962,-1.4298355,-1.2585052,-1.1443367,-1.214532,-1.1532037,-0.8940819,-0.9807026,-1.0391557,-1.0648268,-0.9460784,-1.1590059,-1.1761544,-0.9702517,-0.9073737,-0.7867315,-0.7597174,-0.8228363,-0.9409649,-0.9680995,-1.0201821,-0.781549,-0.5755602,-0.6895049,-0.662749,-0.9249871,-0.9664638,-0.8613861,-0.9891908,-0.8387797,-0.7337708,-1.0886212,-1.288584,-1.1060452,-1.0157056,-1.0355228,-1.1077842,-1.0289285,-0.9633647,-1.0080094,-1.1457485,-1.1017581,-1.5648198,-1.9702722,-1.776301,-1.51866,-1.4878237,-1.2170974,-1.6264581,-1.7333437,-2.1545155,-2.5044762,-2.5659939,-2.3434936,-2.2012607,-1.8851322,-1.8001299,-1.6817603,-1.6866501,-1.5836557,-1.5785077,-1.6500115,-1.5758562
468,B172,-1.2281682,-1.1658929,-1.1687682,-1.0143454,-1.1166856,-1.0018456,-0.7104757,-0.6637821,-0.7757123,-0.9048428,-0.9788431,-0.8382803,-0.8167242,-0.9254003,-0.8277605,-0.7860944,-0.7928264,-0.736319,-0.5888176,-0.520189,-0.5123035,-0.5096176,-0.4077595,-0.400907,-0.4390779,-0.5188117,-0.7585122,-0.8647951,-0.9460096,-1.2422864,-1.259521,-1.2485019,-1.2905468,-1.4233962,-1.4298355,-1.2585052,-1.1443367,-1.214532,-1.1532037,-0.8940819,-0.9807026,-1.0391557,-1.0648268,-0.9460784,-1.1590059,-1.1761544,-0.9702517,-0.9073737,-0.7867315,-0.7597174,-0.8228363,-0.9409649,-0.9680995,-1.0201821,-0.781549,-0.5755602,-0.6895049,-0.662749,-0.9249871,-0.9664638,-0.8613861,-0.9891908,-0.8387797,-0.7337708,-1.0886212,-1.288584,-1.1060452,-1.0157056,-1.0355228,-1.1077842,-1.0289285,-0.9633647,-1.0080094,-1.1457485,-1.1017581,-1.5648198,-1.9702722,-1.776301,-1.51866,-1.4878237,-1.2170974,-1.6264581,-1.7333437,-2.1545155,-2.5044762,-2.5659939,-2.3434936,-2.2012607,-1.8851322,-1.8001299,-1.6817603,-1.6866501,-1.5836557,-1.5785077,-1.6500115,-1.5758562
471,B173,-0.620287,-0.5888348,-0.590287,-0.5122957,-0.5639826,-0.5059826,-0.3588261,-0.3352435,-0.3917739,-0.4569913,-0.4943652,-0.4233739,-0.412487,-0.4673739,-0.4180609,-0.3970174,-0.4004174,-0.3718783,-0.2973826,-0.2627217,-0.2587391,-0.2573826,-0.2059391,-0.2024783,-0.2217565,-0.2620261,-0.383087,-0.4367652,-0.4777826,-0.6274174,-0.6361217,-0.6305565,-0.6517913,-0.718887,-0.7221391,-0.6356087,-0.5779478,-0.6134,-0.5824261,-0.4515565,-0.4953043,-0.5248261,-0.5377913,-0.4778174,-0.5853565,-0.5940174,-0.4900261,-0.4582696,-0.3973391,-0.3836957,-0.4155739,-0.4752348,-0.4889391,-0.5152435,-0.3947217,-0.290687,-0.3482348,-0.3347217,-0.4671652,-0.488113,-0.4350435,-0.4995913,-0.4236261,-0.3705913,-0.5498087,-0.6508,-0.5586087,-0.5129826,-0.5229913,-0.559487,-0.5196609,-0.4865478,-0.5090957,-0.5786609,-0.5564435,-0.790313,-0.995087,-0.8971217,-0.767,-0.7514261,-0.6146957,-0.8214435,-0.8754261,-1.0881391,-1.264887,-1.2959565,-1.1835826,-1.1117478,-0.952087,-0.9091565,-0.8493739,-0.8518435,-0.7998261,-0.7972261,-0.8333391,-0.795887
474,B174,0,0,0,0,0,0,0,0,0,0,0,0,0,0,0,0,0,0,0,0,0,0,0,0,0,0,0,-0.0157979,-0.0921347,-0.1224042,-0.1394989,-0.1750442,-0.1763705,-0.3685095,-0.4500926,-0.2013642,-0.4487958,-0.7778105,-0.6961979,-0.6633053,-0.3869305,-0.3592842,-0.8278274,-0.9252084,-1.1212968,-1.30424,-1.2950442,-1.1976337,-1.3621558,-1.4108463,-1.0923537,-0.8975621,-1.2397516,-0.9989221,-1.1160505,-1.4213684,-1.3016168,-1.8082989,-0.5303789,-1.4687621,-0.7028,-0.4250989,-0.3566611,-0.3579874,-0.1829432,-0.2408295,-0.2566274,-0.23296,-0.2026905,-0.1921389,-0.0855326,-0.1566232,-0.1066063,-0.0315958,0,0,0,0,0,0,0,0,0,0,0,0,0,0,0,0,0,0,0,0,0,0
477,B175,-1.2405739,-1.1776696,-1.1805739,-1.0245913,-1.1279652,-1.0119652,-0.7176522,-0.670487,-0.7835478,-0.9139826,-0.9887304,-0.8467478,-0.8249739,-0.9347478,-0.8361217,-0.7940348,-0.8008348,-0.7437565,-0.5947652,-0.5254435,-0.5174783,-0.5147652,-0.4118783,-0.4049565,-0.443513,-0.5240522,-0.7661739,-0.8735304,-0.9555652,-1.2548348,-1.2722435,-1.261113,-1.3035826,-1.4377739,-1.4442783,-1.2712174,-1.1558957,-1.2268,-1.1648522,-0.903113,-0.9906087,-1.0496522,-1.0755826,-0.9556348,-1.170713,-1.1880348,-0.9800522,-0.9165391,-0.7946783,-0.7673913,-0.8311478,-0.9504696,-0.9778783,-1.030487,-0.7894435,-0.5813739,-0.6964696,-0.6694435,-0.9343304,-0.9762261,-0.870087,-0.9991826,-0.8472522,-0.7411826,-1.0996174,-1.3016,-1.1172174,-1.0259652,-1.0459826,-1.1189739,-1.0393217,-0.9730957,-1.0181913,-1.1573217,-1.112887,-1.5806261,-1.9901739,-1.7942435,-1.534,-1.5028522,-1.2293913,-1.642887,-1.7508522,-2.1762783,-2.5297739,-2.591913,-2.3671652,-2.2234957,-1.9041739,-1.818313,-1.6987478,-1.703687,-1.5996522,-1.5944522,-1.6666783,-1.5917739
478,B176,0,0,0,0,0,0,0,0,0,0,0,0,0,0,0,0,0,0,0,0,0,0,0,0,0,0,0,-0.0135411,-0.0789726,-0.1049179,-0.1195705,-0.1500379,-0.1511747,-0.3158653,-0.3857937,-0.1725979,-0.3846821,-0.6666947,-0.5967411,-0.5685474,-0.3316547,-0.3079579,-0.7095663,-0.7930358,-0.9611116,-1.11792,-1.1100379,-1.0265432,-1.1675621,-1.2092968,-0.9363032,-0.7693389,-1.0626442,-0.8562189,-0.9566147,-1.2183158,-1.1156716,-1.5499705,-0.4546105,-1.2589389,-0.6024,-0.3643705,-0.3057095,-0.3068463,-0.1568084,-0.2064253,-0.2199663,-0.19968,-0.1737347,-0.1646905,-0.0733137,-0.1342484,-0.0913768,-0.0270821,0,0,0,0,0,0,0,0,0,0,0,0,0,0,0,0,0,0,0,0,0,0
481,B177,-0.620287,-0.5888348,-0.590287,-0.5122957,-0.5639826,-0.5059826,-0.3588261,-0.3352435,-0.3917739,-0.4569913,-0.4943652,-0.4233739,-0.412487,-0.4673739,-0.4180609,-0.3970174,-0.4004174,-0.3718783,-0.2973826,-0.2627217,-0.2587391,-0.2573826,-0.2059391,-0.2024783,-0.2217565,-0.2620261,-0.383087,-0.4367652,-0.4777826,-0.6274174,-0.6361217,-0.6305565,-0.6517913,-0.718887,-0.7221391,-0.6356087,-0.5779478,-0.6134,-0.5824261,-0.4515565,-0.4953043,-0.5248261,-0.5377913,-0.4778174,-0.5853565,-0.5940174,-0.4900261,-0.4582696,-0.3973391,-0.3836957,-0.4155739,-0.4752348,-0.4889391,-0.5152435,-0.3947217,-0.290687,-0.3482348,-0.3347217,-0.4671652,-0.488113,-0.4350435,-0.4995913,-0.4236261,-0.3705913,-0.5498087,-0.6508,-0.5586087,-0.5129826,-0.5229913,-0.559487,-0.5196609,-0.4865478,-0.5090957,-0.5786609,-0.5564435,-0.790313,-0.995087,-0.8971217,-0.767,-0.7514261,-0.6146957,-0.8214435,-0.8754261,-1.0881391,-1.264887,-1.2959565,-1.1835826,-1.1117478,-0.952087,-0.9091565,-0.8493739,-0.8518435,-0.7998261,-0.7972261,-0.8333391,-0.795887
484,B178,0,0,0,0,0,0,0,0,0,0,0,0,0,0,0,0,0,0,0,0,0,0,0,0,0,0,0,-0.0270821,-0.1579453,-0.2098358,-0.2391411,-0.3000758,-0.3023495,-0.6317305,-0.7715874,-0.3451958,-0.7693642,-1.3333895,-1.1934821,-1.1370947,-0.6633095,-0.6159158,-1.4191326,-1.5860716,-1.9222232,-2.23584,-2.2200758,-2.0530863,-2.3351242,-2.4185937,-1.8726063,-1.5386779,-2.1252884,-1.7124379,-1.9132295,-2.4366316,-2.2313432,-3.0999411,-0.9092211,-2.5178779,-1.2048,-0.7287411,-0.6114189,-0.6136926,-0.3136168,-0.4128505,-0.4399326,-0.39936,-0.3474695,-0.3293811,-0.1466274,-0.2684968,-0.1827537,-0.0541642,0,0,0,0,0,0,0,0,0,0,0,0,0,0,0,0,0,0,0,0,0,0
485,B179,0,0,0,0,0,0,0,0,0,0,0,0,0,0,0,0,0,0,0,0,0,0,0,0,0,0,0,-0.0078989,-0.0460674,-0.0612021,-0.0697495,-0.0875221,-0.0881853,-0.1842547,-0.2250463,-0.1006821,-0.2243979,-0.3889053,-0.3480989,-0.3316526,-0.1934653,-0.1796421,-0.4139137,-0.4626042,-0.5606484,-0.65212,-0.6475221,-0.5988168,-0.6810779,-0.7054232,-0.5461768,-0.4487811,-0.6198758,-0.4994611,-0.5580253,-0.7106842,-0.6508084,-0.9041495,-0.2651895,-0.7343811,-0.3514,-0.2125495,-0.1783305,-0.1789937,-0.0914716,-0.1204147,-0.1283137,-0.11648,-0.1013453,-0.0960695,-0.0427663,-0.0783116,-0.0533032,-0.0157979,0,0,0,0,0,0,0,0,0,0,0,0,0,0,0,0,0,0,0,0,0,0
488,B180,-0.620287,-0.5888348,-0.590287,-0.5122957,-0.5639826,-0.5059826,-0.3588261,-0.3352435,-0.3917739,-0.4569913,-0.4943652,-0.4233739,-0.412487,-0.4673739,-0.4180609,-0.3970174,-0.4004174,-0.3718783,-0.2973826,-0.2627217,-0.2587391,-0.2573826,-0.2059391,-0.2024783,-0.2217565,-0.2620261,-0.383087,-0.4367652,-0.4777826,-0.6274174,-0.6361217,-0.6305565,-0.6517913,-0.718887,-0.7221391,-0.6356087,-0.5779478,-0.6134,-0.5824261,-0.4515565,-0.4953043,-0.5248261,-0.5377913,-0.4778174,-0.5853565,-0.5940174,-0.4900261,-0.4582696,-0.3973391,-0.3836957,-0.4155739,-0.4752348,-0.4889391,-0.5152435,-0.3947217,-0.290687,-0.3482348,-0.3347217,-0.4671652,-0.488113,-0.4350435,-0.4995913,-0.4236261,-0.3705913,-0.5498087,-0.6508,-0.5586087,-0.5129826,-0.5229913,-0.559487,-0.5196609,-0.4865478,-0.5090957,-0.5786609,-0.5564435,-0.790313,-0.995087,-0.8971217,-0.767,-0.7514261,-0.6146957,-0.8214435,-0.8754261,-1.0881391,-1.264887,-1.2959565,-1.1835826,-1.1117478,-0.952087,-0.9091565,-0.8493739,-0.8518435,-0.7998261,-0.7972261,-0.8333391,-0.795887
491,B181,-0.620287,-0.5888348,-0.590287,-0.5122957,-0.5639826,-0.5059826,-0.3588261,-0.3352435,-0.3917739,-0.4569913,-0.4943652,-0.4233739,-0.412487,-0.4673739,-0.4180609,-0.3970174,-0.4004174,-0.3718783,-0.2973826,-0.2627217,-0.2587391,-0.2573826,-0.2059391,-0.2024783,-0.2217565,-0.2620261,-0.383087,-0.4367652,-0.4777826,-0.6274174,-0.6361217,-0.6305565,-0.6517913,-0.718887,-0.7221391,-0.6356087,-0.5779478,-0.6134,-0.5824261,-0.4515565,-0.4953043,-0.5248261,-0.5377913,-0.4778174,-0.5853565,-0.5940174,-0.4900261,-0.4582696,-0.3973391,-0.3836957,-0.4155739,-0.4752348,-0.4889391,-0.5152435,-0.3947217,-0.290687,-0.3482348,-0.3347217,-0.4671652,-0.488113,-0.4350435,-0.4995913,-0.4236261,-0.3705913,-0.5498087,-0.6508,-0.5586087,-0.5129826,-0.5229913,-0.559487,-0.5196609,-0.4865478,-0.5090957,-0.5786609,-0.5564435,-0.790313,-0.995087,-0.8971217,-0.767,-0.7514261,-0.6146957,-0.8214435,-0.8754261,-1.0881391,-1.264887,-1.2959565,-1.1835826,-1.1117478,-0.952087,-0.9091565,-0.8493739,-0.8518435,-0.7998261,-0.7972261,-0.8333391,-0.795887
492,B182,-0.620287,-0.5888348,-0.590287,-0.5122957,-0.5639826,-0.5059826,-0.3588261,-0.3352435,-0.3917739,-0.4569913,-0.4943652,-0.4233739,-0.412487,-0.4673739,-0.4180609,-0.3970174,-0.4004174,-0.3718783,-0.2973826,-0.2627217,-0.2587391,-0.2573826,-0.2059391,-0.2024783,-0.2217565,-0.2620261,-0.383087,-0.4367652,-0.4777826,-0.6274174,-0.6361217,-0.6305565,-0.6517913,-0.718887,-0.7221391,-0.6356087,-0.5779478,-0.6134,-0.5824261,-0.4515565,-0.4953043,-0.5248261,-0.5377913,-0.4778174,-0.5853565,-0.5940174,-0.4900261,-0.4582696,-0.3973391,-0.3836957,-0.4155739,-0.4752348,-0.4889391,-0.5152435,-0.3947217,-0.290687,-0.3482348,-0.3347217,-0.4671652,-0.488113,-0.4350435,-0.4995913,-0.4236261,-0.3705913,-0.5498087,-0.6508,-0.5586087,-0.5129826,-0.5229913,-0.559487,-0.5196609,-0.4865478,-0.5090957,-0.5786609,-0.5564435,-0.790313,-0.995087,-0.8971217,-0.767,-0.7514261,-0.6146957,-0.8214435,-0.8754261,-1.0881391,-1.264887,-1.2959565,-1.1835826,-1.1117478,-0.952087,-0.9091565,-0.8493739,-0.8518435,-0.7998261,-0.7972261,-0.8333391,-0.795887
493,B183,-0.8684017,-0.8243687,-0.8264017,-0.7172139,-0.7895757,-0.7083757,-0.5023565,-0.4693409,-0.5484835,-0.6397878,-0.6921113,-0.5927235,-0.5774817,-0.6543235,-0.5852852,-0.5558243,-0.5605843,-0.5206296,-0.4163357,-0.3678104,-0.3622348,-0.3603357,-0.2883148,-0.2834696,-0.3104591,-0.3668365,-0.5363217,-0.6114713,-0.6688957,-0.8783843,-0.8905704,-0.8827791,-0.9125078,-1.0064417,-1.0109948,-0.8898522,-0.809127,-0.85876,-0.8153965,-0.6321791,-0.6934261,-0.7347565,-0.7529078,-0.6689443,-0.8194991,-0.8316243,-0.6860365,-0.6415774,-0.5562748,-0.5371739,-0.5818035,-0.6653287,-0.6845148,-0.7213409,-0.5526104,-0.4069617,-0.4875287,-0.4686104,-0.6540313,-0.6833583,-0.6090609,-0.6994278,-0.5930765,-0.5188278,-0.7697322,-0.91112,-0.7820522,-0.7181757,-0.7321878,-0.7832817,-0.7275252,-0.681167,-0.7127339,-0.8101252,-0.7790209,-1.1064383,-1.3931217,-1.2559704,-1.0738,-1.0519965,-0.8605739,-1.1500209,-1.2255965,-1.5233948,-1.7708417,-1.8143391,-1.6570157,-1.556447,-1.3329217,-1.2728191,-1.1891235,-1.1925809,-1.1197565,-1.1161165,-1.1666748,-1.1142417
496,B184,-0.8684017,-0.8243687,-0.8264017,-0.7172139,-0.7895757,-0.7083757,-0.5023565,-0.4693409,-0.5484835,-0.6397878,-0.6921113,-0.5927235,-0.5774817,-0.6543235,-0.5852852,-0.5558243,-0.5605843,-0.5206296,-0.4163357,-0.3678104,-0.3622348,-0.3603357,-0.2883148,-0.2834696,-0.3104591,-0.3668365,-0.5363217,-0.6114713,-0.6688957,-0.8783843,-0.8905704,-0.8827791,-0.9125078,-1.0064417,-1.0109948,-0.8898522,-0.809127,-0.85876,-0.8153965,-0.6321791,-0.6934261,-0.7347565,-0.7529078,-0.6689443,-0.8194991,-0.8316243,-0.6860365,-0.6415774,-0.5562748,-0.5371739,-0.5818035,-0.6653287,-0.6845148,-0.7213409,-0.5526104,-0.4069617,-0.4875287,-0.4686104,-0.6540313,-0.6833583,-0.6090609,-0.6994278,-0.5930765,-0.5188278,-0.7697322,-0.91112,-0.7820522,-0.7181757,-0.7321878,-0.7832817,-0.7275252,-0.681167,-0.7127339,-0.8101252,-0.7790209,-1.1064383,-1.3931217,-1.2559704,-1.0738,-1.0519965,-0.8605739,-1.1500209,-1.2255965,-1.5233948,-1.7708417,-1.8143391,-1.6570157,-1.556447,-1.3329217,-1.2728191,-1.1891235,-1.1925809,-1.1197565,-1.1161165,-1.1666748,-1.1142417
497,B185,-1.2405739,-1.1776696,-1.1805739,-1.0245913,-1.1279652,-1.0119652,-0.7176522,-0.670487,-0.7835478,-0.9139826,-0.9887304,-0.8467478,-0.8249739,-0.9347478,-0.8361217,-0.7940348,-0.8008348,-0.7437565,-0.5947652,-0.5254435,-0.5174783,-0.5147652,-0.4118783,-0.4049565,-0.443513,-0.5240522,-0.7661739,-0.8735304,-0.9555652,-1.2548348,-1.2722435,-1.261113,-1.3035826,-1.4377739,-1.4442783,-1.2712174,-1.1558957,-1.2268,-1.1648522,-0.903113,-0.9906087,-1.0496522,-1.0755826,-0.9556348,-1.170713,-1.1880348,-0.9800522,-0.9165391,-0.7946783,-0.7673913,-0.8311478,-0.9504696,-0.9778783,-1.030487,-0.7894435,-0.5813739,-0.6964696,-0.6694435,-0.9343304,-0.9762261,-0.870087,-0.9991826,-0.8472522,-0.7411826,-1.0996174,-1.3016,-1.1172174,-1.0259652,-1.0459826,-1.1189739,-1.0393217,-0.9730957,-1.0181913,-1.1573217,-1.112887,-1.5806261,-1.9901739,-1.7942435,-1.534,-1.5028522,-1.2293913,-1.642887,-1.7508522,-2.1762783,-2.5297739,-2.591913,-2.3671652,-2.2234957,-1.9041739,-1.818313,-1.6987478,-1.703687,-1.5996522,-1.5944522,-1.6666783,-1.5917739
498,B186,-1.0792993,-1.0245725,-1.0270993,-0.8913944,-0.9813297,-0.8804097,-0.6243574,-0.5833237,-0.6816866,-0.7951649,-0.8601955,-0.7366706,-0.7177273,-0.8132306,-0.7274259,-0.6908103,-0.6967263,-0.6470682,-0.5174457,-0.4571358,-0.4502061,-0.4478457,-0.3583341,-0.3523122,-0.3858563,-0.4559254,-0.6665713,-0.7599715,-0.8313417,-1.0917063,-1.1068518,-1.0971683,-1.1341169,-1.2508633,-1.2565221,-1.1059591,-1.0056292,-1.067316,-1.0134214,-0.7857083,-0.8618296,-0.9131974,-0.9357569,-0.8314023,-1.0185203,-1.0335903,-0.8526454,-0.797389,-0.6913701,-0.6676304,-0.7230986,-0.8269085,-0.8507541,-0.8965237,-0.6868158,-0.5057953,-0.6059285,-0.5824158,-0.8128675,-0.8493167,-0.7569757,-0.8692889,-0.7371094,-0.6448289,-0.9566671,-1.132392,-0.9719791,-0.8925897,-0.9100049,-0.9735073,-0.9042099,-0.8465932,-0.8858264,-1.0068699,-0.9682117,-1.3751447,-1.7314513,-1.5609918,-1.33458,-1.3074814,-1.0695704,-1.4293117,-1.5232414,-1.8933621,-2.2009033,-2.2549643,-2.0594337,-1.9344412,-1.6566313,-1.5819323,-1.4779106,-1.4822077,-1.3916974,-1.3871734,-1.4500101,-1.3848433
501,B187,0,0,0,0,0,0,0,0,0,0,0,0,0,0,0,0,0,0,0,0,0,0,0,0,0,0,0,-0.0180547,-0.1052968,-0.1398905,-0.1594274,-0.2000505,-0.2015663,-0.4211537,-0.5143916,-0.2301305,-0.5129095,-0.8889263,-0.7956547,-0.7580632,-0.4422063,-0.4106105,-0.9460884,-1.0573811,-1.2814821,-1.49056,-1.4800505,-1.3687242,-1.5567495,-1.6123958,-1.2484042,-1.0257853,-1.4168589,-1.1416253,-1.2754863,-1.6244211,-1.4875621,-2.0666274,-0.6061474,-1.6785853,-0.8032,-0.4858274,-0.4076126,-0.4091284,-0.2090779,-0.2752337,-0.2932884,-0.26624,-0.2316463,-0.2195874,-0.0977516,-0.1789979,-0.1218358,-0.0361095,0,0,0,0,0,0,0,0,0,0,0,0,0,0,0,0,0,0,0,0,0,0
504,B188,0,0,0,0,0,0,0,0,0,0,0,0,0,0,0,0,0,0,0,0,0,0,0,0,0,0,0,-0.0051907,-0.0302728,-0.0402185,-0.0458354,-0.0575145,-0.0579503,-0.1210817,-0.1478876,-0.0661625,-0.1474615,-0.2555663,-0.2287507,-0.2179432,-0.1271343,-0.1180505,-0.2720004,-0.3039971,-0.3684261,-0.428536,-0.4255145,-0.3935082,-0.4475655,-0.4635638,-0.3589162,-0.2949133,-0.4073469,-0.3282173,-0.3667023,-0.4670211,-0.4276741,-0.5941554,-0.1742674,-0.4825933,-0.23092,-0.1396754,-0.1171886,-0.1176244,-0.0601099,-0.0791297,-0.0843204,-0.076544,-0.0665983,-0.0631314,-0.0281036,-0.0514619,-0.0350278,-0.0103815,0,0,0,0,0,0,0,0,0,0,0,0,0,0,0,0,0,0,0,0,0,0
505,B189,0,0,0,0,0,0,0,0,0,0,0,0,0,0,0,0,0,0,0,0,0,0,0,0,0,0,0,-0.0225684,-0.1316211,-0.1748632,-0.1992842,-0.2500632,-0.2519579,-0.5264421,-0.6429895,-0.2876632,-0.6411368,-1.1111579,-0.9945684,-0.9475789,-0.5527579,-0.5132632,-1.1826105,-1.3217263,-1.6018526,-1.8632,-1.8500632,-1.7109053,-1.9459368,-2.0154947,-1.5605053,-1.2822316,-1.7710737,-1.4270316,-1.5943579,-2.0305263,-1.8594526,-2.5832842,-0.7576842,-2.0982316,-1.004,-0.6072842,-0.5095158,-0.5114105,-0.2613474,-0.3440421,-0.3666105,-0.3328,-0.2895579,-0.2744842,-0.1221895,-0.2237474,-0.1522947,-0.0451368,0,0,0,0,0,0,0,0,0,0,0,0,0,0,0,0,0,0,0,0,0,0
508,B190,0,0,0,0,0,0,0,0,0,0,0,0,0,0,0,0,0,0,0,0,0,0,0,0,0,0,0,-0.0225684,-0.1316211,-0.1748632,-0.1992842,-0.2500632,-0.2519579,-0.5264421,-0.6429895,-0.2876632,-0.6411368,-1.1111579,-0.9945684,-0.9475789,-0.5527579,-0.5132632,-1.1826105,-1.3217263,-1.6018526,-1.8632,-1.8500632,-1.7109053,-1.9459368,-2.0154947,-1.5605053,-1.2822316,-1.7710737,-1.4270316,-1.5943579,-2.0305263,-1.8594526,-2.5832842,-0.7576842,-2.0982316,-1.004,-0.6072842,-0.5095158,-0.5114105,-0.2613474,-0.3440421,-0.3666105,-0.3328,-0.2895579,-0.2744842,-0.1221895,-0.2237474,-0.1522947,-0.0451368,0,0,0,0,0,0,0,0,0,0,0,0,0,0,0,0,0,0,0,0,0,0
511,B191,0,0,0,0,0,0,0,0,0,0,0,0,0,0,0,0,0,0,0,0,0,0,0,0,0,0,0,-0.0225684,-0.1316211,-0.1748632,-0.1992842,-0.2500632,-0.2519579,-0.5264421,-0.6429895,-0.2876632,-0.6411368,-1.1111579,-0.9945684,-0.9475789,-0.5527579,-0.5132632,-1.1826105,-1.3217263,-1.6018526,-1.8632,-1.8500632,-1.7109053,-1.9459368,-2.0154947,-1.5605053,-1.2822316,-1.7710737,-1.4270316,-1.5943579,-2.0305263,-1.8594526,-2.5832842,-0.7576842,-2.0982316,-1.004,-0.6072842,-0.5095158,-0.5114105,-0.2613474,-0.3440421,-0.3666105,-0.3328,-0.2895579,-0.2744842,-0.1221895,-0.2237474,-0.1522947,-0.0451368,0,0,0,0,0,0,0,0,0,0,0,0,0,0,0,0,0,0,0,0,0,0
514,B192,-1.8608609,-1.7665043,-1.7708609,-1.536887,-1.6919478,-1.5179478,-1.0764783,-1.0057304,-1.1753217,-1.3709739,-1.4830957,-1.2701217,-1.2374609,-1.4021217,-1.2541826,-1.1910522,-1.2012522,-1.1156348,-0.8921478,-0.7881652,-0.7762174,-0.7721478,-0.6178174,-0.6074348,-0.6652696,-0.7860783,-1.1492609,-1.3102957,-1.4333478,-1.8822522,-1.9083652,-1.8916696,-1.9553739,-2.1566609,-2.1664174,-1.9068261,-1.7338435,-1.8402,-1.7472783,-1.3546696,-1.485913,-1.5744783,-1.6133739,-1.4334522,-1.7560696,-1.7820522,-1.4700783,-1.3748087,-1.1920174,-1.151087,-1.2467217,-1.4257043,-1.4668174,-1.5457304,-1.1841652,-0.8720609,-1.0447043,-1.0041652,-1.4014957,-1.4643391,-1.3051304,-1.4987739,-1.2708783,-1.1117739,-1.6494261,-1.9524,-1.6758261,-1.5389478,-1.5689739,-1.6784609,-1.5589826,-1.4596435,-1.527287,-1.7359826,-1.6693304,-2.3709391,-2.9852609,-2.6913652,-2.301,-2.2542783,-1.844087,-2.4643304,-2.6262783,-3.2644174,-3.7946609,-3.8878696,-3.5507478,-3.3352435,-2.8562609,-2.7274696,-2.5481217,-2.5555304,-2.3994783,-2.3916783,-2.5000174,-2.3876609
517,B193,0,0,0,0,0,0,0,0,0,0,0,0,0,0,0,0,0,0,0,0,0,0,0,0,0,0,0,-0.0225684,-0.1316211,-0.1748632,-0.1992842,-0.2500632,-0.2519579,-0.5264421,-0.6429895,-0.2876632,-0.6411368,-1.1111579,-0.9945684,-0.9475789,-0.5527579,-0.5132632,-1.1826105,-1.3217263,-1.6018526,-1.8632,-1.8500632,-1.7109053,-1.9459368,-2.0154947,-1.5605053,-1.2822316,-1.7710737,-1.4270316,-1.5943579,-2.0305263,-1.8594526,-2.5832842,-0.7576842,-2.0982316,-1.004,-0.6072842,-0.5095158,-0.5114105,-0.2613474,-0.3440421,-0.3666105,-0.3328,-0.2895579,-0.2744842,-0.1221895,-0.2237474,-0.1522947,-0.0451368,0,0,0,0,0,0,0,0,0,0,0,0,0,0,0,0,0,0,0,0,0,0
520,B194,-2.4811478,-2.3553391,-2.3611478,-2.0491826,-2.2559304,-2.0239304,-1.4353043,-1.3409739,-1.5670957,-1.8279652,-1.9774609,-1.6934957,-1.6499478,-1.8694957,-1.6722435,-1.5880696,-1.6016696,-1.487513,-1.1895304,-1.050887,-1.0349565,-1.0295304,-0.8237565,-0.809913,-0.8870261,-1.0481043,-1.5323478,-1.7470609,-1.9111304,-2.5096696,-2.544487,-2.5222261,-2.6071652,-2.8755478,-2.8885565,-2.5424348,-2.3117913,-2.4536,-2.3297043,-1.8062261,-1.9812174,-2.0993043,-2.1511652,-1.9112696,-2.3414261,-2.3760696,-1.9601043,-1.8330783,-1.5893565,-1.5347826,-1.6622957,-1.9009391,-1.9557565,-2.0609739,-1.578887,-1.1627478,-1.3929391,-1.338887,-1.8686609,-1.9524522,-1.7401739,-1.9983652,-1.6945043,-1.4823652,-2.1992348,-2.6032,-2.2344348,-2.0519304,-2.0919652,-2.2379478,-2.0786435,-1.9461913,-2.0363826,-2.3146435,-2.2257739,-3.1612522,-3.9803478,-3.588487,-3.068,-3.0057043,-2.4587826,-3.2857739,-3.5017043,-4.3525565,-5.0595478,-5.1838261,-4.7343304,-4.4469913,-3.8083478,-3.6366261,-3.3974957,-3.4073739,-3.1993043,-3.1889043,-3.3333565,-3.1835478
523,B195,-2.4811478,-2.3553391,-2.3611478,-2.0491826,-2.2559304,-2.0239304,-1.4353043,-1.3409739,-1.5670957,-1.8279652,-1.9774609,-1.6934957,-1.6499478,-1.8694957,-1.6722435,-1.5880696,-1.6016696,-1.487513,-1.1895304,-1.050887,-1.0349565,-1.0295304,-0.8237565,-0.809913,-0.8870261,-1.0481043,-1.5323478,-1.7470609,-1.9111304,-2.5096696,-2.544487,-2.5222261,-2.6071652,-2.8755478,-2.8885565,-2.5424348,-2.3117913,-2.4536,-2.3297043,-1.8062261,-1.9812174,-2.0993043,-2.1511652,-1.9112696,-2.3414261,-2.3760696,-1.9601043,-1.8330783,-1.5893565,-1.5347826,-1.6622957,-1.9009391,-1.9557565,-2.0609739,-1.578887,-1.1627478,-1.3929391,-1.338887,-1.8686609,-1.9524522,-1.7401739,-1.9983652,-1.6945043,-1.4823652,-2.1992348,-2.6032,-2.2344348,-2.0519304,-2.0919652,-2.2379478,-2.0786435,-1.9461913,-2.0363826,-2.3146435,-2.2257739,-3.1612522,-3.9803478,-3.588487,-3.068,-3.0057043,-2.4587826,-3.2857739,-3.5017043,-4.3525565,-5.0595478,-5.1838261,-4.7343304,-4.4469913,-3.8083478,-3.6366261,-3.3974957,-3.4073739,-3.1993043,-3.1889043,-3.3333565,-3.1835478
526,B196,0,0,0,0,0,0,0,0,0,0,0,0,0,0,0,0,0,0,0,0,0,0,0,0,0,0,0,-0.0135411,-0.0789726,-0.1049179,-0.1195705,-0.1500379,-0.1511747,-0.3158653,-0.3857937,-0.1725979,-0.3846821,-0.6666947,-0.5967411,-0.5685474,-0.3316547,-0.3079579,-0.7095663,-0.7930358,-0.9611116,-1.11792,-1.1100379,-1.0265432,-1.1675621,-1.2092968,-0.9363032,-0.7693389,-1.0626442,-0.8562189,-0.9566147,-1.2183158,-1.1156716,-1.5499705,-0.4546105,-1.2589389,-0.6024,-0.3643705,-0.3057095,-0.3068463,-0.1568084,-0.2064253,-0.2199663,-0.19968,-0.1737347,-0.1646905,-0.0733137,-0.1342484,-0.0913768,-0.0270821,0,0,0,0,0,0,0,0,0,0,0,0,0,0,0,0,0,0,0,0,0,0
529,B197,0,0,0,0,0,0,0,0,0,0,0,0,0,0,0,0,0,0,0,0,0,0,0,0,0,0,0,-0.0225684,-0.1316211,-0.1748632,-0.1992842,-0.2500632,-0.2519579,-0.5264421,-0.6429895,-0.2876632,-0.6411368,-1.1111579,-0.9945684,-0.9475789,-0.5527579,-0.5132632,-1.1826105,-1.3217263,-1.6018526,-1.8632,-1.8500632,-1.7109053,-1.9459368,-2.0154947,-1.5605053,-1.2822316,-1.7710737,-1.4270316,-1.5943579,-2.0305263,-1.8594526,-2.5832842,-0.7576842,-2.0982316,-1.004,-0.6072842,-0.5095158,-0.5114105,-0.2613474,-0.3440421,-0.3666105,-0.3328,-0.2895579,-0.2744842,-0.1221895,-0.2237474,-0.1522947,-0.0451368,0,0,0,0,0,0,0,0,0,0,0,0,0,0,0,0,0,0,0,0,0,0
532,B198,-0.7443443,-0.7066017,-0.7083443,-0.6147548,-0.6767791,-0.6071791,-0.4305913,-0.4022922,-0.4701287,-0.5483896,-0.5932383,-0.5080487,-0.4949843,-0.5608487,-0.501673,-0.4764209,-0.4805009,-0.4462539,-0.3568591,-0.3152661,-0.310487,-0.3088591,-0.247127,-0.2429739,-0.2661078,-0.3144313,-0.4597043,-0.5241183,-0.5733391,-0.7529009,-0.7633461,-0.7566678,-0.7821496,-0.8626643,-0.866567,-0.7627304,-0.6935374,-0.73608,-0.6989113,-0.5418678,-0.5943652,-0.6297913,-0.6453496,-0.5733809,-0.7024278,-0.7128209,-0.5880313,-0.5499235,-0.476807,-0.4604348,-0.4986887,-0.5702817,-0.586727,-0.6182922,-0.4736661,-0.3488243,-0.4178817,-0.4016661,-0.5605983,-0.5857357,-0.5220522,-0.5995096,-0.5083513,-0.4447096,-0.6597704,-0.78096,-0.6703304,-0.6155791,-0.6275896,-0.6713843,-0.623593,-0.5838574,-0.6109148,-0.694393,-0.6677322,-0.9483757,-1.1941043,-1.0765461,-0.9204,-0.9017113,-0.7376348,-0.9857322,-1.0505113,-1.305767,-1.5178643,-1.5551478,-1.4202991,-1.3340974,-1.1425043,-1.0909878,-1.0192487,-1.0222122,-0.9597913,-0.9566713,-1.000007,-0.9550643
535,B199,0,0,0,0,0,0,0,0,0,0,0,0,0,0,0,0,0,0,0,0,0,0,0,0,0,0,0,-0.0173777,-0.1013482,-0.1346446,-0.1534488,-0.1925486,-0.1940076,-0.4053604,-0.4951019,-0.2215006,-0.4936754,-0.8555916,-0.7658177,-0.7296358,-0.4256236,-0.3952126,-0.9106101,-1.0177293,-1.2334265,-1.434664,-1.4245486,-1.3173971,-1.4983714,-1.5519309,-1.2015891,-0.9873183,-1.3637267,-1.0988143,-1.2276556,-1.5635053,-1.4317785,-1.9891288,-0.5834168,-1.6156383,-0.77308,-0.4676088,-0.3923272,-0.3937861,-0.2012375,-0.2649124,-0.2822901,-0.256256,-0.2229596,-0.2113528,-0.0940859,-0.1722855,-0.1172669,-0.0347554,0,0,0,0,0,0,0,0,0,0,0,0,0,0,0,0,0,0,0,0,0,0
538,B200,0,0,0,0,0,0,0,0,0,0,0,0,0,0,0,0,0,0,0,0,0,0,0,0,0,0,0,-0.0225684,-0.1316211,-0.1748632,-0.1992842,-0.2500632,-0.2519579,-0.5264421,-0.6429895,-0.2876632,-0.6411368,-1.1111579,-0.9945684,-0.9475789,-0.5527579,-0.5132632,-1.1826105,-1.3217263,-1.6018526,-1.8632,-1.8500632,-1.7109053,-1.9459368,-2.0154947,-1.5605053,-1.2822316,-1.7710737,-1.4270316,-1.5943579,-2.0305263,-1.8594526,-2.5832842,-0.7576842,-2.0982316,-1.004,-0.6072842,-0.5095158,-0.5114105,-0.2613474,-0.3440421,-0.3666105,-0.3328,-0.2895579,-0.2744842,-0.1221895,-0.2237474,-0.1522947,-0.0451368,0,0,0,0,0,0,0,0,0,0,0,0,0,0,0,0,0,0,0,0,0,0
541,B201,-0.620287,-0.5888348,-0.590287,-0.5122957,-0.5639826,-0.5059826,-0.3588261,-0.3352435,-0.3917739,-0.4569913,-0.4943652,-0.4233739,-0.412487,-0.4673739,-0.4180609,-0.3970174,-0.4004174,-0.3718783,-0.2973826,-0.2627217,-0.2587391,-0.2573826,-0.2059391,-0.2024783,-0.2217565,-0.2620261,-0.383087,-0.4367652,-0.4777826,-0.6274174,-0.6361217,-0.6305565,-0.6517913,-0.718887,-0.7221391,-0.6356087,-0.5779478,-0.6134,-0.5824261,-0.4515565,-0.4953043,-0.5248261,-0.5377913,-0.4778174,-0.5853565,-0.5940174,-0.4900261,-0.4582696,-0.3973391,-0.3836957,-0.4155739,-0.4752348,-0.4889391,-0.5152435,-0.3947217,-0.290687,-0.3482348,-0.3347217,-0.4671652,-0.488113,-0.4350435,-0.4995913,-0.4236261,-0.3705913,-0.5498087,-0.6508,-0.5586087,-0.5129826,-0.5229913,-0.559487,-0.5196609,-0.4865478,-0.5090957,-0.5786609,-0.5564435,-0.790313,-0.995087,-0.8971217,-0.767,-0.7514261,-0.6146957,-0.8214435,-0.8754261,-1.0881391,-1.264887,-1.2959565,-1.1835826,-1.1117478,-0.952087,-0.9091565,-0.8493739,-0.8518435,-0.7998261,-0.7972261,-0.8333391,-0.795887
542,B202,-0.9924591,-0.9421357,-0.9444591,-0.819673,-0.9023722,-0.8095722,-0.5741217,-0.5363896,-0.6268383,-0.7311861,-0.7909843,-0.6773983,-0.6599791,-0.7477983,-0.6688974,-0.6352278,-0.6406678,-0.5950052,-0.4758122,-0.4203548,-0.4139826,-0.4118122,-0.3295026,-0.3239652,-0.3548104,-0.4192417,-0.6129391,-0.6988243,-0.7644522,-1.0038678,-1.0177948,-1.0088904,-1.0428661,-1.1502191,-1.1554226,-1.0169739,-0.9247165,-0.98144,-0.9318817,-0.7224904,-0.792487,-0.8397217,-0.8604661,-0.7645078,-0.9365704,-0.9504278,-0.7840417,-0.7332313,-0.6357426,-0.613913,-0.6649183,-0.7603757,-0.7823026,-0.8243896,-0.6315548,-0.4650991,-0.5571757,-0.5355548,-0.7474643,-0.7809809,-0.6960696,-0.7993461,-0.6778017,-0.5929461,-0.8796939,-1.04128,-0.8937739,-0.8207722,-0.8367861,-0.8951791,-0.8314574,-0.7784765,-0.814553,-0.9258574,-0.8903096,-1.2645009,-1.5921391,-1.4353948,-1.2272,-1.2022817,-0.983513,-1.3143096,-1.4006817,-1.7410226,-2.0238191,-2.0735304,-1.8937322,-1.7787965,-1.5233391,-1.4546504,-1.3589983,-1.3629496,-1.2797217,-1.2755617,-1.3333426,-1.2734191
2328,B203,0,0,0,0,0,0,0,0,0,0,0,0,0,0,0,0,0,0,0,0,0,0,0,0,0,0,0,-0.0338526,-0.1974316,-0.2622947,-0.2989263,-0.3750947,-0.3779368,-0.7896632,-0.9644842,-0.4314947,-0.9617053,-1.6667368,-1.4918526,-1.4213684,-0.8291368,-0.7698947,-1.7739158,-1.9825895,-2.4027789,-2.7948,-2.7750947,-2.5663579,-2.9189053,-3.0232421,-2.3407579,-1.9233474,-2.6566105,-2.1405474,-2.3915368,-3.0457895,-2.7891789,-3.8749263,-1.1365263,-3.1473474,-1.506,-0.9109263,-0.7642737,-0.7671158,-0.3920211,-0.5160632,-0.5499158,-0.4992,-0.4343368,-0.4117263,-0.1832842,-0.3356211,-0.2284421,-0.0677053,0,0,0,0,0,0,0,0,0,0,0,0,0,0,0,0,0,0,0,0,0,0
2331,B204,0,0,0,0,0,0,0,0,0,0,0,0,0,0,0,0,0,0,0,0,0,0,0,0,0,0,0,-0.0067705,-0.0394863,-0.0524589,-0.0597853,-0.0750189,-0.0755874,-0.1579326,-0.1928968,-0.0862989,-0.1923411,-0.3333474,-0.2983705,-0.2842737,-0.1658274,-0.1539789,-0.3547832,-0.3965179,-0.4805558,-0.55896,-0.5550189,-0.5132716,-0.5837811,-0.6046484,-0.4681516,-0.3846695,-0.5313221,-0.4281095,-0.4783074,-0.6091579,-0.5578358,-0.7749853,-0.2273053,-0.6294695,-0.3012,-0.1821853,-0.1528547,-0.1534232,-0.0784042,-0.1032126,-0.1099832,-0.09984,-0.0868674,-0.0823453,-0.0366568,-0.0671242,-0.0456884,-0.0135411,0,0,0,0,0,0,0,0,0,0,0,0,0,0,0,0,0,0,0,0,0,0
2334,B205,0,0,0,0,0,0,0,0,0,0,0,0,0,0,0,0,0,0,0,0,0,0,0,0,0,0,0,-0.0045137,-0.0263242,-0.0349726,-0.0398568,-0.0500126,-0.0503916,-0.1052884,-0.1285979,-0.0575326,-0.1282274,-0.2222316,-0.1989137,-0.1895158,-0.1105516,-0.1026526,-0.2365221,-0.2643453,-0.3203705,-0.37264,-0.3700126,-0.3421811,-0.3891874,-0.4030989,-0.3121011,-0.2564463,-0.3542147,-0.2854063,-0.3188716,-0.4061053,-0.3718905,-0.5166568,-0.1515368,-0.4196463,-0.2008,-0.1214568,-0.1019032,-0.1022821,-0.0522695,-0.0688084,-0.0733221,-0.06656,-0.0579116,-0.0548968,-0.0244379,-0.0447495,-0.0304589,-0.0090274,0,0,0,0,0,0,0,0,0,0,0,0,0,0,0,0,0,0,0,0,0,0
2335,B206,0,0,0,0,0,0,0,0,0,0,0,0,0,0,0,0,0,0,0,0,0,0,0,0,0,0,0,-0.0135411,-0.0789726,-0.1049179,-0.1195705,-0.1500379,-0.1511747,-0.3158653,-0.3857937,-0.1725979,-0.3846821,-0.6666947,-0.5967411,-0.5685474,-0.3316547,-0.3079579,-0.7095663,-0.7930358,-0.9611116,-1.11792,-1.1100379,-1.0265432,-1.1675621,-1.2092968,-0.9363032,-0.7693389,-1.0626442,-0.8562189,-0.9566147,-1.2183158,-1.1156716,-1.5499705,-0.4546105,-1.2589389,-0.6024,-0.3643705,-0.3057095,-0.3068463,-0.1568084,-0.2064253,-0.2199663,-0.19968,-0.1737347,-0.1646905,-0.0733137,-0.1342484,-0.0913768,-0.0270821,0,0,0,0,0,0,0,0,0,0,0,0,0,0,0,0,0,0,0,0,0,0
2336,B207,-0.5954755,-0.5652814,-0.5666755,-0.4918038,-0.5414233,-0.4857433,-0.344473,-0.3218337,-0.376103,-0.4387117,-0.4745906,-0.406439,-0.3959875,-0.448679,-0.4013384,-0.3811367,-0.3844007,-0.3570031,-0.2854873,-0.2522129,-0.2483896,-0.2470873,-0.1977016,-0.1943791,-0.2128863,-0.251545,-0.3677635,-0.4192946,-0.4586713,-0.6023207,-0.6106769,-0.6053343,-0.6257197,-0.6901315,-0.6932536,-0.6101843,-0.5548299,-0.588864,-0.559129,-0.4334943,-0.4754922,-0.503833,-0.5162797,-0.4587047,-0.5619423,-0.5702567,-0.470425,-0.4399388,-0.3814456,-0.3683478,-0.398951,-0.4562254,-0.4693816,-0.4946337,-0.3789329,-0.2790595,-0.3343054,-0.3213329,-0.4484786,-0.4685885,-0.4176417,-0.4796077,-0.406681,-0.3557677,-0.5278163,-0.624768,-0.5362643,-0.4924633,-0.5020717,-0.5371075,-0.4988744,-0.4670859,-0.4887318,-0.5555144,-0.5341857,-0.7587005,-0.9552835,-0.8612369,-0.73632,-0.721369,-0.5901078,-0.7885857,-0.840409,-1.0446136,-1.2142915,-1.2441183,-1.1362393,-1.0672779,-0.9140035,-0.8727903,-0.815399,-0.8177697,-0.767833,-0.765337,-0.8000056,-0.7640515
2339,B208,-0.9676477,-0.9185823,-0.9208477,-0.7991812,-0.8798129,-0.7893329,-0.5597687,-0.5229798,-0.6111673,-0.7129064,-0.7712097,-0.6604633,-0.6434797,-0.7291033,-0.652175,-0.6193471,-0.6246511,-0.5801301,-0.4639169,-0.4098459,-0.403633,-0.4015169,-0.321265,-0.3158661,-0.3459402,-0.4087607,-0.5976157,-0.6813537,-0.7453409,-0.9787711,-0.9923499,-0.9836682,-1.0167944,-1.1214637,-1.126537,-0.9915496,-0.9015986,-0.956904,-0.9085847,-0.7044282,-0.7726748,-0.8187287,-0.8389544,-0.7453951,-0.9131562,-0.9266671,-0.7644407,-0.7149005,-0.619849,-0.5985652,-0.6482953,-0.7413663,-0.762745,-0.8037798,-0.6157659,-0.4534717,-0.5432463,-0.5221659,-0.7287777,-0.7614563,-0.6786678,-0.7793624,-0.6608567,-0.5781224,-0.8577016,-1.015248,-0.8714296,-0.8002529,-0.8158664,-0.8727997,-0.810671,-0.7590146,-0.7941892,-0.902711,-0.8680518,-1.2328883,-1.5523357,-1.3995099,-1.19652,-1.1722247,-0.9589252,-1.2814518,-1.3656647,-1.697497,-1.9732237,-2.0216922,-1.8463889,-1.7343266,-1.4852557,-1.4182842,-1.3250233,-1.3288758,-1.2477287,-1.2436727,-1.300009,-1.2415837
2342,B209,-0.620287,-0.5888348,-0.590287,-0.5122957,-0.5639826,-0.5059826,-0.3588261,-0.3352435,-0.3917739,-0.4569913,-0.4943652,-0.4233739,-0.412487,-0.4673739,-0.4180609,-0.3970174,-0.4004174,-0.3718783,-0.2973826,-0.2627217,-0.2587391,-0.2573826,-0.2059391,-0.2024783,-0.2217565,-0.2620261,-0.383087,-0.4367652,-0.4777826,-0.6274174,-0.6361217,-0.6305565,-0.6517913,-0.718887,-0.7221391,-0.6356087,-0.5779478,-0.6134,-0.5824261,-0.4515565,-0.4953043,-0.5248261,-0.5377913,-0.4778174,-0.5853565,-0.5940174,-0.4900261,-0.4582696,-0.3973391,-0.3836957,-0.4155739,-0.4752348,-0.4889391,-0.5152435,-0.3947217,-0.290687,-0.3482348,-0.3347217,-0.4671652,-0.488113,-0.4350435,-0.4995913,-0.4236261,-0.3705913,-0.5498087,-0.6508,-0.5586087,-0.5129826,-0.5229913,-0.559487,-0.5196609,-0.4865478,-0.5090957,-0.5786609,-0.5564435,-0.790313,-0.995087,-0.8971217,-0.767,-0.7514261,-0.6146957,-0.8214435,-0.8754261,-1.0881391,-1.264887,-1.2959565,-1.1835826,-1.1117478,-0.952087,-0.9091565,-0.8493739,-0.8518435,-0.7998261,-0.7972261,-0.8333391,-0.795887
2343,B210,0,0,0,0,0,0,0,0,0,0,0,0,0,0,0,0,0,0,0,0,0,0,0,0,0,0,0,-0.0225684,-0.1316211,-0.1748632,-0.1992842,-0.2500632,-0.2519579,-0.5264421,-0.6429895,-0.2876632,-0.6411368,-1.1111579,-0.9945684,-0.9475789,-0.5527579,-0.5132632,-1.1826105,-1.3217263,-1.6018526,-1.8632,-1.8500632,-1.7109053,-1.9459368,-2.0154947,-1.5605053,-1.2822316,-1.7710737,-1.4270316,-1.5943579,-2.0305263,-1.8594526,-2.5832842,-0.7576842,-2.0982316,-1.004,-0.6072842,-0.5095158,-0.5114105,-0.2613474,-0.3440421,-0.3666105,-0.3328,-0.2895579,-0.2744842,-0.1221895,-0.2237474,-0.1522947,-0.0451368,0,0,0,0,0,0,0,0,0,0,0,0,0,0,0,0,0,0,0,0,0,0
2346,B211,0,0,0,0,0,0,0,0,0,0,0,0,0,0,0,0,0,0,0,0,0,0,0,0,0,0,0,-0.0225684,-0.1316211,-0.1748632,-0.1992842,-0.2500632,-0.2519579,-0.5264421,-0.6429895,-0.2876632,-0.6411368,-1.1111579,-0.9945684,-0.9475789,-0.5527579,-0.5132632,-1.1826105,-1.3217263,-1.6018526,-1.8632,-1.8500632,-1.7109053,-1.9459368,-2.0154947,-1.5605053,-1.2822316,-1.7710737,-1.4270316,-1.5943579,-2.0305263,-1.8594526,-2.5832842,-0.7576842,-2.0982316,-1.004,-0.6072842,-0.5095158,-0.5114105,-0.2613474,-0.3440421,-0.3666105,-0.3328,-0.2895579,-0.2744842,-0.1221895,-0.2237474,-0.1522947,-0.0451368,0,0,0,0,0,0,0,0,0,0,0,0,0,0,0,0,0,0,0,0,0,0
2349,B212,-0.620287,-0.5888348,-0.590287,-0.5122957,-0.5639826,-0.5059826,-0.3588261,-0.3352435,-0.3917739,-0.4569913,-0.4943652,-0.4233739,-0.412487,-0.4673739,-0.4180609,-0.3970174,-0.4004174,-0.3718783,-0.2973826,-0.2627217,-0.2587391,-0.2573826,-0.2059391,-0.2024783,-0.2217565,-0.2620261,-0.383087,-0.4367652,-0.4777826,-0.6274174,-0.6361217,-0.6305565,-0.6517913,-0.718887,-0.7221391,-0.6356087,-0.5779478,-0.6134,-0.5824261,-0.4515565,-0.4953043,-0.5248261,-0.5377913,-0.4778174,-0.5853565,-0.5940174,-0.4900261,-0.4582696,-0.3973391,-0.3836957,-0.4155739,-0.4752348,-0.4889391,-0.5152435,-0.3947217,-0.290687,-0.3482348,-0.3347217,-0.4671652,-0.488113,-0.4350435,-0.4995913,-0.4236261,-0.3705913,-0.5498087,-0.6508,-0.5586087,-0.5129826,-0.5229913,-0.559487,-0.5196609,-0.4865478,-0.5090957,-0.5786609,-0.5564435,-0.790313,-0.995087,-0.8971217,-0.767,-0.7514261,-0.6146957,-0.8214435,-0.8754261,-1.0881391,-1.264887,-1.2959565,-1.1835826,-1.1117478,-0.952087,-0.9091565,-0.8493739,-0.8518435,-0.7998261,-0.7972261,-0.8333391,-0.795887
2352,B213,-0.620287,-0.5888348,-0.590287,-0.5122957,-0.5639826,-0.5059826,-0.3588261,-0.3352435,-0.3917739,-0.4569913,-0.4943652,-0.4233739,-0.412487,-0.4673739,-0.4180609,-0.3970174,-0.4004174,-0.3718783,-0.2973826,-0.2627217,-0.2587391,-0.2573826,-0.2059391,-0.2024783,-0.2217565,-0.2620261,-0.383087,-0.4367652,-0.4777826,-0.6274174,-0.6361217,-0.6305565,-0.6517913,-0.718887,-0.7221391,-0.6356087,-0.5779478,-0.6134,-0.5824261,-0.4515565,-0.4953043,-0.5248261,-0.5377913,-0.4778174,-0.5853565,-0.5940174,-0.4900261,-0.4582696,-0.3973391,-0.3836957,-0.4155739,-0.4752348,-0.4889391,-0.5152435,-0.3947217,-0.290687,-0.3482348,-0.3347217,-0.4671652,-0.488113,-0.4350435,-0.4995913,-0.4236261,-0.3705913,-0.5498087,-0.6508,-0.5586087,-0.5129826,-0.5229913,-0.559487,-0.5196609,-0.4865478,-0.5090957,-0.5786609,-0.5564435,-0.790313,-0.995087,-0.8971217,-0.767,-0.7514261,-0.6146957,-0.8214435,-0.8754261,-1.0881391,-1.264887,-1.2959565,-1.1835826,-1.1117478,-0.952087,-0.9091565,-0.8493739,-0.8518435,-0.7998261,-0.7972261,-0.8333391,-0.795887
2353,B214,0,0,0,0,0,0,0,0,0,0,0,0,0,0,0,0,0,0,0,0,0,0,0,0,0,0,0,-0.0162493,-0.0947672,-0.1259015,-0.1434846,-0.1800455,-0.1814097,-0.3790383,-0.4629524,-0.2071175,-0.4616185,-0.8000337,-0.7160893,-0.6822568,-0.3979857,-0.3695495,-0.8514796,-0.9516429,-1.1533339,-1.341504,-1.3320455,-1.2318518,-1.4010745,-1.4511562,-1.1235638,-0.9232067,-1.2751731,-1.0274627,-1.1479377,-1.4619789,-1.3388059,-1.8599646,-0.5455326,-1.5107267,-0.72288,-0.4372446,-0.3668514,-0.3682156,-0.1881701,-0.2477103,-0.2639596,-0.239616,-0.2084817,-0.1976286,-0.0879764,-0.1610981,-0.1096522,-0.0324985,0,0,0,0,0,0,0,0,0,0,0,0,0,0,0,0,0,0,0,0,0,0
2356,B215,-0.7443443,-0.7066017,-0.7083443,-0.6147548,-0.6767791,-0.6071791,-0.4305913,-0.4022922,-0.4701287,-0.5483896,-0.5932383,-0.5080487,-0.4949843,-0.5608487,-0.501673,-0.4764209,-0.4805009,-0.4462539,-0.3568591,-0.3152661,-0.310487,-0.3088591,-0.247127,-0.2429739,-0.2661078,-0.3144313,-0.4597043,-0.5241183,-0.5733391,-0.7529009,-0.7633461,-0.7566678,-0.7821496,-0.8626643,-0.866567,-0.7627304,-0.6935374,-0.73608,-0.6989113,-0.5418678,-0.5943652,-0.6297913,-0.6453496,-0.5733809,-0.7024278,-0.7128209,-0.5880313,-0.5499235,-0.476807,-0.4604348,-0.4986887,-0.5702817,-0.586727,-0.6182922,-0.4736661,-0.3488243,-0.4178817,-0.4016661,-0.5605983,-0.5857357,-0.5220522,-0.5995096,-0.5083513,-0.4447096,-0.6597704,-0.78096,-0.6703304,-0.6155791,-0.6275896,-0.6713843,-0.623593,-0.5838574,-0.6109148,-0.694393,-0.6677322,-0.9483757,-1.1941043,-1.0765461,-0.9204,-0.9017113,-0.7376348,-0.9857322,-1.0505113,-1.305767,-1.5178643,-1.5551478,-1.4202991,-1.3340974,-1.1425043,-1.0909878,-1.0192487,-1.0222122,-0.9597913,-0.9566713,-1.000007,-0.9550643
2359,B216,0,0,0,0,0,0,0,0,0,0,0,0,0,0,0,0,0,0,0,0,0,0,0,0,0,0,0,-0.0191832,-0.1118779,-0.1486337,-0.1693916,-0.2125537,-0.2141642,-0.4474758,-0.5465411,-0.2445137,-0.5449663,-0.9444842,-0.8453832,-0.8054421,-0.4698442,-0.4362737,-1.0052189,-1.1234674,-1.3615747,-1.58372,-1.5725537,-1.4542695,-1.6540463,-1.7131705,-1.3264295,-1.0898968,-1.5054126,-1.2129768,-1.3552042,-1.7259474,-1.5805347,-2.1957916,-0.6440316,-1.7834968,-0.8534,-0.5161916,-0.4330884,-0.4346989,-0.2221453,-0.2924358,-0.3116189,-0.28288,-0.2461242,-0.2333116,-0.1038611,-0.1901853,-0.1294505,-0.0383663,0,0,0,0,0,0,0,0,0,0,0,0,0,0,0,0,0,0,0,0,0,0
2362,B217,0,0,0,0,0,0,0,0,0,0,0,0,0,0,0,0,0,0,0,0,0,0,0,0,0,0,0,-0.0135411,-0.0789726,-0.1049179,-0.1195705,-0.1500379,-0.1511747,-0.3158653,-0.3857937,-0.1725979,-0.3846821,-0.6666947,-0.5967411,-0.5685474,-0.3316547,-0.3079579,-0.7095663,-0.7930358,-0.9611116,-1.11792,-1.1100379,-1.0265432,-1.1675621,-1.2092968,-0.9363032,-0.7693389,-1.0626442,-0.8562189,-0.9566147,-1.2183158,-1.1156716,-1.5499705,-0.4546105,-1.2589389,-0.6024,-0.3643705,-0.3057095,-0.3068463,-0.1568084,-0.2064253,-0.2199663,-0.19968,-0.1737347,-0.1646905,-0.0733137,-0.1342484,-0.0913768,-0.0270821,0,0,0,0,0,0,0,0,0,0,0,0,0,0,0,0,0,0,0,0,0,0
2365,B218,0,0,0,0,0,0,0,0,0,0,0,0,0,0,0,0,0,0,0,0,0,0,0,0,0,0,0,-0.0049651,-0.0289566,-0.0384699,-0.0438425,-0.0550139,-0.0554307,-0.1158173,-0.1414577,-0.0632859,-0.1410501,-0.2444547,-0.2188051,-0.2084674,-0.1216067,-0.1129179,-0.2601743,-0.2907798,-0.3524076,-0.409904,-0.4070139,-0.3763992,-0.4281061,-0.4434088,-0.3433112,-0.2820909,-0.3896362,-0.3139469,-0.3507587,-0.4467158,-0.4090796,-0.5683225,-0.1666905,-0.4616109,-0.22088,-0.1336025,-0.1120935,-0.1125103,-0.0574964,-0.0756893,-0.0806543,-0.073216,-0.0637027,-0.0603865,-0.0268817,-0.0492244,-0.0335048,-0.0099301,0,0,0,0,0,0,0,0,0,0,0,0,0,0,0,0,0,0,0,0,0,0
2368,B219,0,0,0,0,0,0,0,0,0,0,0,0,0,0,0,0,0,0,0,0,0,0,0,0,0,0,0,-0.0112842,-0.0658105,-0.0874316,-0.0996421,-0.1250316,-0.1259789,-0.2632211,-0.3214947,-0.1438316,-0.3205684,-0.5555789,-0.4972842,-0.4737895,-0.2763789,-0.2566316,-0.5913053,-0.6608632,-0.8009263,-0.9316,-0.9250316,-0.8554526,-0.9729684,-1.0077474,-0.7802526,-0.6411158,-0.8855368,-0.7135158,-0.7971789,-1.0152632,-0.9297263,-1.2916421,-0.3788421,-1.0491158,-0.502,-0.3036421,-0.2547579,-0.2557053,-0.1306737,-0.1720211,-0.1833053,-0.1664,-0.1447789,-0.1372421,-0.0610947,-0.1118737,-0.0761474,-0.0225684,0,0,0,0,0,0,0,0,0,0,0,0,0,0,0,0,0,0,0,0,0,0
2371,B220,-1.2405739,-1.1776696,-1.1805739,-1.0245913,-1.1279652,-1.0119652,-0.7176522,-0.670487,-0.7835478,-0.9139826,-0.9887304,-0.8467478,-0.8249739,-0.9347478,-0.8361217,-0.7940348,-0.8008348,-0.7437565,-0.5947652,-0.5254435,-0.5174783,-0.5147652,-0.4118783,-0.4049565,-0.443513,-0.5240522,-0.7661739,-0.8735304,-0.9555652,-1.2548348,-1.2722435,-1.261113,-1.3035826,-1.4377739,-1.4442783,-1.2712174,-1.1558957,-1.2268,-1.1648522,-0.903113,-0.9906087,-1.0496522,-1.0755826,-0.9556348,-1.170713,-1.1880348,-0.9800522,-0.9165391,-0.7946783,-0.7673913,-0.8311478,-0.9504696,-0.9778783,-1.030487,-0.7894435,-0.5813739,-0.6964696,-0.6694435,-0.9343304,-0.9762261,-0.870087,-0.9991826,-0.8472522,-0.7411826,-1.0996174,-1.3016,-1.1172174,-1.0259652,-1.0459826,-1.1189739,-1.0393217,-0.9730957,-1.0181913,-1.1573217,-1.112887,-1.5806261,-1.9901739,-1.7942435,-1.534,-1.5028522,-1.2293913,-1.642887,-1.7508522,-2.1762783,-2.5297739,-2.591913,-2.3671652,-2.2234957,-1.9041739,-1.818313,-1.6987478,-1.703687,-1.5996522,-1.5944522,-1.6666783,-1.5917739
2372,B221,-1.2405739,-1.1776696,-1.1805739,-1.0245913,-1.1279652,-1.0119652,-0.7176522,-0.670487,-0.7835478,-0.9139826,-0.9887304,-0.8467478,-0.8249739,-0.9347478,-0.8361217,-0.7940348,-0.8008348,-0.7437565,-0.5947652,-0.5254435,-0.5174783,-0.5147652,-0.4118783,-0.4049565,-0.443513,-0.5240522,-0.7661739,-0.8735304,-0.9555652,-1.2548348,-1.2722435,-1.261113,-1.3035826,-1.4377739,-1.4442783,-1.2712174,-1.1558957,-1.2268,-1.1648522,-0.903113,-0.9906087,-1.0496522,-1.0755826,-0.9556348,-1.170713,-1.1880348,-0.9800522,-0.9165391,-0.7946783,-0.7673913,-0.8311478,-0.9504696,-0.9778783,-1.030487,-0.7894435,-0.5813739,-0.6964696,-0.6694435,-0.9343304,-0.9762261,-0.870087,-0.9991826,-0.8472522,-0.7411826,-1.0996174,-1.3016,-1.1172174,-1.0259652,-1.0459826,-1.1189739,-1.0393217,-0.9730957,-1.0181913,-1.1573217,-1.112887,-1.5806261,-1.9901739,-1.7942435,-1.534,-1.5028522,-1.2293913,-1.642887,-1.7508522,-2.1762783,-2.5297739,-2.591913,-2.3671652,-2.2234957,-1.9041739,-1.818313,-1.6987478,-1.703687,-1.5996522,-1.5944522,-1.6666783,-1.5917739
2375,B222,-1.2405739,-1.1776696,-1.1805739,-1.0245913,-1.1279652,-1.0119652,-0.7176522,-0.670487,-0.7835478,-0.9139826,-0.9887304,-0.8467478,-0.8249739,-0.9347478,-0.8361217,-0.7940348,-0.8008348,-0.7437565,-0.5947652,-0.5254435,-0.5174783,-0.5147652,-0.4118783,-0.4049565,-0.443513,-0.5240522,-0.7661739,-0.8735304,-0.9555652,-1.2548348,-1.2722435,-1.261113,-1.3035826,-1.4377739,-1.4442783,-1.2712174,-1.1558957,-1.2268,-1.1648522,-0.903113,-0.9906087,-1.0496522,-1.0755826,-0.9556348,-1.170713,-1.1880348,-0.9800522,-0.9165391,-0.7946783,-0.7673913,-0.8311478,-0.9504696,-0.9778783,-1.030487,-0.7894435,-0.5813739,-0.6964696,-0.6694435,-0.9343304,-0.9762261,-0.870087,-0.9991826,-0.8472522,-0.7411826,-1.0996174,-1.3016,-1.1172174,-1.0259652,-1.0459826,-1.1189739,-1.0393217,-0.9730957,-1.0181913,-1.1573217,-1.112887,-1.5806261,-1.9901739,-1.7942435,-1.534,-1.5028522,-1.2293913,-1.642887,-1.7508522,-2.1762783,-2.5297739,-2.591913,-2.3671652,-2.2234957,-1.9041739,-1.818313,-1.6987478,-1.703687,-1.5996522,-1.5944522,-1.6666783,-1.5917739
2378,B223,-1.6127461,-1.5309704,-1.5347461,-1.3319687,-1.4663548,-1.3155548,-0.9329478,-0.871633,-1.0186122,-1.1881774,-1.2853496,-1.1007722,-1.0724661,-1.2151722,-1.0869583,-1.0322452,-1.0410852,-0.9668835,-0.7731948,-0.6830765,-0.6727217,-0.6691948,-0.5354417,-0.5264435,-0.576567,-0.6812678,-0.9960261,-1.1355896,-1.2422348,-1.6312852,-1.6539165,-1.639447,-1.6946574,-1.8691061,-1.8775617,-1.6525826,-1.5026643,-1.59484,-1.5143078,-1.174047,-1.2877913,-1.3645478,-1.3982574,-1.2423252,-1.521927,-1.5444452,-1.2740678,-1.1915009,-1.0330817,-0.9976087,-1.0804922,-1.2356104,-1.2712417,-1.339633,-1.0262765,-0.7557861,-0.9054104,-0.8702765,-1.2146296,-1.2690939,-1.131113,-1.2989374,-1.1014278,-0.9635374,-1.4295026,-1.69208,-1.4523826,-1.3337548,-1.3597774,-1.4546661,-1.3511183,-1.2650243,-1.3236487,-1.5045183,-1.446753,-2.0548139,-2.5872261,-2.3325165,-1.9942,-1.9537078,-1.5982087,-2.135753,-2.2761078,-2.8291617,-3.2887061,-3.369487,-3.0773148,-2.8905443,-2.4754261,-2.363807,-2.2083722,-2.214793,-2.0795478,-2.0727878,-2.1666817,-2.0693061
2381,B224,0,0,0,0,0,0,0,0,0,0,0,0,0,0,0,0,0,0,0,0,0,0,0,0,0,0,0,-0.0090274,-0.0526484,-0.0699453,-0.0797137,-0.1000253,-0.1007832,-0.2105768,-0.2571958,-0.1150653,-0.2564547,-0.4444632,-0.3978274,-0.3790316,-0.2211032,-0.2053053,-0.4730442,-0.5286905,-0.6407411,-0.74528,-0.7400253,-0.6843621,-0.7783747,-0.8061979,-0.6242021,-0.5128926,-0.7084295,-0.5708126,-0.6377432,-0.8122105,-0.7437811,-1.0333137,-0.3030737,-0.8392926,-0.4016,-0.2429137,-0.2038063,-0.2045642,-0.1045389,-0.1376168,-0.1466442,-0.13312,-0.1158232,-0.1097937,-0.0488758,-0.0894989,-0.0609179,-0.0180547,0,0,0,0,0,0,0,0,0,0,0,0,0,0,0,0,0,0,0,0,0,0
2382,B225,0,0,0,0,0,0,0,0,0,0,0,0,0,0,0,0,0,0,0,0,0,0,0,0,0,0,0,-0.0225684,-0.1316211,-0.1748632,-0.1992842,-0.2500632,-0.2519579,-0.5264421,-0.6429895,-0.2876632,-0.6411368,-1.1111579,-0.9945684,-0.9475789,-0.5527579,-0.5132632,-1.1826105,-1.3217263,-1.6018526,-1.8632,-1.8500632,-1.7109053,-1.9459368,-2.0154947,-1.5605053,-1.2822316,-1.7710737,-1.4270316,-1.5943579,-2.0305263,-1.8594526,-2.5832842,-0.7576842,-2.0982316,-1.004,-0.6072842,-0.5095158,-0.5114105,-0.2613474,-0.3440421,-0.3666105,-0.3328,-0.2895579,-0.2744842,-0.1221895,-0.2237474,-0.1522947,-0.0451368,0,0,0,0,0,0,0,0,0,0,0,0,0,0,0,0,0,0,0,0,0,0
2383,B226,0,0,0,0,0,0,0,0,0,0,0,0,0,0,0,0,0,0,0,0,0,0,0,0,0,0,0,-0.0225684,-0.1316211,-0.1748632,-0.1992842,-0.2500632,-0.2519579,-0.5264421,-0.6429895,-0.2876632,-0.6411368,-1.1111579,-0.9945684,-0.9475789,-0.5527579,-0.5132632,-1.1826105,-1.3217263,-1.6018526,-1.8632,-1.8500632,-1.7109053,-1.9459368,-2.0154947,-1.5605053,-1.2822316,-1.7710737,-1.4270316,-1.5943579,-2.0305263,-1.8594526,-2.5832842,-0.7576842,-2.0982316,-1.004,-0.6072842,-0.5095158,-0.5114105,-0.2613474,-0.3440421,-0.3666105,-0.3328,-0.2895579,-0.2744842,-0.1221895,-0.2237474,-0.1522947,-0.0451368,0,0,0,0,0,0,0,0,0,0,0,0,0,0,0,0,0,0,0,0,0,0
2386,B227,-1.6127461,-1.5309704,-1.5347461,-1.3319687,-1.4663548,-1.3155548,-0.9329478,-0.871633,-1.0186122,-1.1881774,-1.2853496,-1.1007722,-1.0724661,-1.2151722,-1.0869583,-1.0322452,-1.0410852,-0.9668835,-0.7731948,-0.6830765,-0.6727217,-0.6691948,-0.5354417,-0.5264435,-0.576567,-0.6812678,-0.9960261,-1.1355896,-1.2422348,-1.6312852,-1.6539165,-1.639447,-1.6946574,-1.8691061,-1.8775617,-1.6525826,-1.5026643,-1.59484,-1.5143078,-1.174047,-1.2877913,-1.3645478,-1.3982574,-1.2423252,-1.521927,-1.5444452,-1.2740678,-1.1915009,-1.0330817,-0.9976087,-1.0804922,-1.2356104,-1.2712417,-1.339633,-1.0262765,-0.7557861,-0.9054104,-0.8702765,-1.2146296,-1.2690939,-1.131113,-1.2989374,-1.1014278,-0.9635374,-1.4295026,-1.69208,-1.4523826,-1.3337548,-1.3597774,-1.4546661,-1.3511183,-1.2650243,-1.3236487,-1.5045183,-1.446753,-2.0548139,-2.5872261,-2.3325165,-1.9942,-1.9537078,-1.5982087,-2.135753,-2.2761078,-2.8291617,-3.2887061,-3.369487,-3.0773148,-2.8905443,-2.4754261,-2.363807,-2.2083722,-2.214793,-2.0795478,-2.0727878,-2.1666817,-2.0693061
2389,B228,-0.620287,-0.5888348,-0.590287,-0.5122957,-0.5639826,-0.5059826,-0.3588261,-0.3352435,-0.3917739,-0.4569913,-0.4943652,-0.4233739,-0.412487,-0.4673739,-0.4180609,-0.3970174,-0.4004174,-0.3718783,-0.2973826,-0.2627217,-0.2587391,-0.2573826,-0.2059391,-0.2024783,-0.2217565,-0.2620261,-0.383087,-0.4367652,-0.4777826,-0.6274174,-0.6361217,-0.6305565,-0.6517913,-0.718887,-0.7221391,-0.6356087,-0.5779478,-0.6134,-0.5824261,-0.4515565,-0.4953043,-0.5248261,-0.5377913,-0.4778174,-0.5853565,-0.5940174,-0.4900261,-0.4582696,-0.3973391,-0.3836957,-0.4155739,-0.4752348,-0.4889391,-0.5152435,-0.3947217,-0.290687,-0.3482348,-0.3347217,-0.4671652,-0.488113,-0.4350435,-0.4995913,-0.4236261,-0.3705913,-0.5498087,-0.6508,-0.5586087,-0.5129826,-0.5229913,-0.559487,-0.5196609,-0.4865478,-0.5090957,-0.5786609,-0.5564435,-0.790313,-0.995087,-0.8971217,-0.767,-0.7514261,-0.6146957,-0.8214435,-0.8754261,-1.0881391,-1.264887,-1.2959565,-1.1835826,-1.1117478,-0.952087,-0.9091565,-0.8493739,-0.8518435,-0.7998261,-0.7972261,-0.8333391,-0.795887
2392,B229,-0.620287,-0.5888348,-0.590287,-0.5122957,-0.5639826,-0.5059826,-0.3588261,-0.3352435,-0.3917739,-0.4569913,-0.4943652,-0.4233739,-0.412487,-0.4673739,-0.4180609,-0.3970174,-0.4004174,-0.3718783,-0.2973826,-0.2627217,-0.2587391,-0.2573826,-0.2059391,-0.2024783,-0.2217565,-0.2620261,-0.383087,-0.4367652,-0.4777826,-0.6274174,-0.6361217,-0.6305565,-0.6517913,-0.718887,-0.7221391,-0.6356087,-0.5779478,-0.6134,-0.5824261,-0.4515565,-0.4953043,-0.5248261,-0.5377913,-0.4778174,-0.5853565,-0.5940174,-0.4900261,-0.4582696,-0.3973391,-0.3836957,-0.4155739,-0.4752348,-0.4889391,-0.5152435,-0.3947217,-0.290687,-0.3482348,-0.3347217,-0.4671652,-0.488113,-0.4350435,-0.4995913,-0.4236261,-0.3705913,-0.5498087,-0.6508,-0.5586087,-0.5129826,-0.5229913,-0.559487,-0.5196609,-0.4865478,-0.5090957,-0.5786609,-0.5564435,-0.790313,-0.995087,-0.8971217,-0.767,-0.7514261,-0.6146957,-0.8214435,-0.8754261,-1.0881391,-1.264887,-1.2959565,-1.1835826,-1.1117478,-0.952087,-0.9091565,-0.8493739,-0.8518435,-0.7998261,-0.7972261,-0.8333391,-0.795887
2395,B230,0,0,0,0,0,0,0,0,0,0,0,0,0,0,0,0,0,0,0,0,0,0,0,0,0,0,0,-0.0112842,-0.0658105,-0.0874316,-0.0996421,-0.1250316,-0.1259789,-0.2632211,-0.3214947,-0.1438316,-0.3205684,-0.5555789,-0.4972842,-0.4737895,-0.2763789,-0.2566316,-0.5913053,-0.6608632,-0.8009263,-0.9316,-0.9250316,-0.8554526,-0.9729684,-1.0077474,-0.7802526,-0.6411158,-0.8855368,-0.7135158,-0.7971789,-1.0152632,-0.9297263,-1.2916421,-0.3788421,-1.0491158,-0.502,-0.3036421,-0.2547579,-0.2557053,-0.1306737,-0.1720211,-0.1833053,-0.1664,-0.1447789,-0.1372421,-0.0610947,-0.1118737,-0.0761474,-0.0225684,0,0,0,0,0,0,0,0,0,0,0,0,0,0,0,0,0,0,0,0,0,0
2398,B231,-1.8608609,-1.7665043,-1.7708609,-1.536887,-1.6919478,-1.5179478,-1.0764783,-1.0057304,-1.1753217,-1.3709739,-1.4830957,-1.2701217,-1.2374609,-1.4021217,-1.2541826,-1.1910522,-1.2012522,-1.1156348,-0.8921478,-0.7881652,-0.7762174,-0.7721478,-0.6178174,-0.6074348,-0.6652696,-0.7860783,-1.1492609,-1.3102957,-1.4333478,-1.8822522,-1.9083652,-1.8916696,-1.9553739,-2.1566609,-2.1664174,-1.9068261,-1.7338435,-1.8402,-1.7472783,-1.3546696,-1.485913,-1.5744783,-1.6133739,-1.4334522,-1.7560696,-1.7820522,-1.4700783,-1.3748087,-1.1920174,-1.151087,-1.2467217,-1.4257043,-1.4668174,-1.5457304,-1.1841652,-0.8720609,-1.0447043,-1.0041652,-1.4014957,-1.4643391,-1.3051304,-1.4987739,-1.2708783,-1.1117739,-1.6494261,-1.9524,-1.6758261,-1.5389478,-1.5689739,-1.6784609,-1.5589826,-1.4596435,-1.527287,-1.7359826,-1.6693304,-2.3709391,-2.9852609,-2.6913652,-2.301,-2.2542783,-1.844087,-2.4643304,-2.6262783,-3.2644174,-3.7946609,-3.8878696,-3.5507478,-3.3352435,-2.8562609,-2.7274696,-2.5481217,-2.5555304,-2.3994783,-2.3916783,-2.5000174,-2.3876609
2399,B232,-1.2405739,-1.1776696,-1.1805739,-1.0245913,-1.1279652,-1.0119652,-0.7176522,-0.670487,-0.7835478,-0.9139826,-0.9887304,-0.8467478,-0.8249739,-0.9347478,-0.8361217,-0.7940348,-0.8008348,-0.7437565,-0.5947652,-0.5254435,-0.5174783,-0.5147652,-0.4118783,-0.4049565,-0.443513,-0.5240522,-0.7661739,-0.8735304,-0.9555652,-1.2548348,-1.2722435,-1.261113,-1.3035826,-1.4377739,-1.4442783,-1.2712174,-1.1558957,-1.2268,-1.1648522,-0.903113,-0.9906087,-1.0496522,-1.0755826,-0.9556348,-1.170713,-1.1880348,-0.9800522,-0.9165391,-0.7946783,-0.7673913,-0.8311478,-0.9504696,-0.9778783,-1.030487,-0.7894435,-0.5813739,-0.6964696,-0.6694435,-0.9343304,-0.9762261,-0.870087,-0.9991826,-0.8472522,-0.7411826,-1.0996174,-1.3016,-1.1172174,-1.0259652,-1.0459826,-1.1189739,-1.0393217,-0.9730957,-1.0181913,-1.1573217,-1.112887,-1.5806261,-1.9901739,-1.7942435,-1.534,-1.5028522,-1.2293913,-1.642887,-1.7508522,-2.1762783,-2.5297739,-2.591913,-2.3671652,-2.2234957,-1.9041739,-1.818313,-1.6987478,-1.703687,-1.5996522,-1.5944522,-1.6666783,-1.5917739
2402,B233,0,0,0,0,0,0,0,0,0,0,0,0,0,0,0,0,0,0,0,0,0,0,0,0,0,0,0,-0.0090274,-0.0526484,-0.0699453,-0.0797137,-0.1000253,-0.1007832,-0.2105768,-0.2571958,-0.1150653,-0.2564547,-0.4444632,-0.3978274,-0.3790316,-0.2211032,-0.2053053,-0.4730442,-0.5286905,-0.6407411,-0.74528,-0.7400253,-0.6843621,-0.7783747,-0.8061979,-0.6242021,-0.5128926,-0.7084295,-0.5708126,-0.6377432,-0.8122105,-0.7437811,-1.0333137,-0.3030737,-0.8392926,-0.4016,-0.2429137,-0.2038063,-0.2045642,-0.1045389,-0.1376168,-0.1466442,-0.13312,-0.1158232,-0.1097937,-0.0488758,-0.0894989,-0.0609179,-0.0180547,0,0,0,0,0,0,0,0,0,0,0,0,0,0,0,0,0,0,0,0,0,0
2403,B234,0,0,0,0,0,0,0,0,0,0,0,0,0,0,0,0,0,0,0,0,0,0,0,0,0,0,0,-0.0045137,-0.0263242,-0.0349726,-0.0398568,-0.0500126,-0.0503916,-0.1052884,-0.1285979,-0.0575326,-0.1282274,-0.2222316,-0.1989137,-0.1895158,-0.1105516,-0.1026526,-0.2365221,-0.2643453,-0.3203705,-0.37264,-0.3700126,-0.3421811,-0.3891874,-0.4030989,-0.3121011,-0.2564463,-0.3542147,-0.2854063,-0.3188716,-0.4061053,-0.3718905,-0.5166568,-0.1515368,-0.4196463,-0.2008,-0.1214568,-0.1019032,-0.1022821,-0.0522695,-0.0688084,-0.0733221,-0.06656,-0.0579116,-0.0548968,-0.0244379,-0.0447495,-0.0304589,-0.0090274,0,0,0,0,0,0,0,0,0,0,0,0,0,0,0,0,0,0,0,0,0,0
2404,B235,-1.2405739,-1.1776696,-1.1805739,-1.0245913,-1.1279652,-1.0119652,-0.7176522,-0.670487,-0.7835478,-0.9139826,-0.9887304,-0.8467478,-0.8249739,-0.9347478,-0.8361217,-0.7940348,-0.8008348,-0.7437565,-0.5947652,-0.5254435,-0.5174783,-0.5147652,-0.4118783,-0.4049565,-0.443513,-0.5240522,-0.7661739,-0.8735304,-0.9555652,-1.2548348,-1.2722435,-1.261113,-1.3035826,-1.4377739,-1.4442783,-1.2712174,-1.1558957,-1.2268,-1.1648522,-0.903113,-0.9906087,-1.0496522,-1.0755826,-0.9556348,-1.170713,-1.1880348,-0.9800522,-0.9165391,-0.7946783,-0.7673913,-0.8311478,-0.9504696,-0.9778783,-1.030487,-0.7894435,-0.5813739,-0.6964696,-0.6694435,-0.9343304,-0.9762261,-0.870087,-0.9991826,-0.8472522,-0.7411826,-1.0996174,-1.3016,-1.1172174,-1.0259652,-1.0459826,-1.1189739,-1.0393217,-0.9730957,-1.0181913,-1.1573217,-1.112887,-1.5806261,-1.9901739,-1.7942435,-1.534,-1.5028522,-1.2293913,-1.642887,-1.7508522,-2.1762783,-2.5297739,-2.591913,-2.3671652,-2.2234957,-1.9041739,-1.818313,-1.6987478,-1.703687,-1.5996522,-1.5944522,-1.6666783,-1.5917739
2407,B236,-1.2405739,-1.1776696,-1.1805739,-1.0245913,-1.1279652,-1.0119652,-0.7176522,-0.670487,-0.7835478,-0.9139826,-0.9887304,-0.8467478,-0.8249739,-0.9347478,-0.8361217,-0.7940348,-0.8008348,-0.7437565,-0.5947652,-0.5254435,-0.5174783,-0.5147652,-0.4118783,-0.4049565,-0.443513,-0.5240522,-0.7661739,-0.8735304,-0.9555652,-1.2548348,-1.2722435,-1.261113,-1.3035826,-1.4377739,-1.4442783,-1.2712174,-1.1558957,-1.2268,-1.1648522,-0.903113,-0.9906087,-1.0496522,-1.0755826,-0.9556348,-1.170713,-1.1880348,-0.9800522,-0.9165391,-0.7946783,-0.7673913,-0.8311478,-0.9504696,-0.9778783,-1.030487,-0.7894435,-0.5813739,-0.6964696,-0.6694435,-0.9343304,-0.9762261,-0.870087,-0.9991826,-0.8472522,-0.7411826,-1.0996174,-1.3016,-1.1172174,-1.0259652,-1.0459826,-1.1189739,-1.0393217,-0.9730957,-1.0181913,-1.1573217,-1.112887,-1.5806261,-1.9901739,-1.7942435,-1.534,-1.5028522,-1.2293913,-1.642887,-1.7508522,-2.1762783,-2.5297739,-2.591913,-2.3671652,-2.2234957,-1.9041739,-1.818313,-1.6987478,-1.703687,-1.5996522,-1.5944522,-1.6666783,-1.5917739
2410,B237,-0.8684017,-0.8243687,-0.8264017,-0.7172139,-0.7895757,-0.7083757,-0.5023565,-0.4693409,-0.5484835,-0.6397878,-0.6921113,-0.5927235,-0.5774817,-0.6543235,-0.5852852,-0.5558243,-0.5605843,-0.5206296,-0.4163357,-0.3678104,-0.3622348,-0.3603357,-0.2883148,-0.2834696,-0.3104591,-0.3668365,-0.5363217,-0.6114713,-0.6688957,-0.8783843,-0.8905704,-0.8827791,-0.9125078,-1.0064417,-1.0109948,-0.8898522,-0.809127,-0.85876,-0.8153965,-0.6321791,-0.6934261,-0.7347565,-0.7529078,-0.6689443,-0.8194991,-0.8316243,-0.6860365,-0.6415774,-0.5562748,-0.5371739,-0.5818035,-0.6653287,-0.6845148,-0.7213409,-0.5526104,-0.4069617,-0.4875287,-0.4686104,-0.6540313,-0.6833583,-0.6090609,-0.6994278,-0.5930765,-0.5188278,-0.7697322,-0.91112,-0.7820522,-0.7181757,-0.7321878,-0.7832817,-0.7275252,-0.681167,-0.7127339,-0.8101252,-0.7790209,-1.1064383,-1.3931217,-1.2559704,-1.0738,-1.0519965,-0.8605739,-1.1500209,-1.2255965,-1.5233948,-1.7708417,-1.8143391,-1.6570157,-1.556447,-1.3329217,-1.2728191,-1.1891235,-1.1925809,-1.1197565,-1.1161165,-1.1666748,-1.1142417
2413,B238,-3.7217217,-3.5330087,-3.5417217,-3.0737739,-3.3838957,-3.0358957,-2.1529565,-2.0114609,-2.3506435,-2.7419478,-2.9661913,-2.5402435,-2.4749217,-2.8042435,-2.5083652,-2.3821043,-2.4025043,-2.2312696,-1.7842957,-1.5763304,-1.5524348,-1.5442957,-1.2356348,-1.2148696,-1.3305391,-1.5721565,-2.2985217,-2.6205913,-2.8666957,-3.7645043,-3.8167304,-3.7833391,-3.9107478,-4.3133217,-4.3328348,-3.8136522,-3.467687,-3.6804,-3.4945565,-2.7093391,-2.9718261,-3.1489565,-3.2267478,-2.8669043,-3.5121391,-3.5641043,-2.9401565,-2.7496174,-2.3840348,-2.3021739,-2.4934435,-2.8514087,-2.9336348,-3.0914609,-2.3683304,-1.7441217,-2.0894087,-2.0083304,-2.8029913,-2.9286783,-2.6102609,-2.9975478,-2.5417565,-2.2235478,-3.2988522,-3.9048,-3.3516522,-3.0778957,-3.1379478,-3.3569217,-3.1179652,-2.919287,-3.0545739,-3.4719652,-3.3386609,-4.7418783,-5.9705217,-5.3827304,-4.602,-4.5085565,-3.6881739,-4.9286609,-5.2525565,-6.5288348,-7.5893217,-7.7757391,-7.1014957,-6.670487,-5.7125217,-5.4549391,-5.0962435,-5.1110609,-4.7989565,-4.7833565,-5.0000348,-4.7753217
2414,B239,-1.8608609,-1.7665043,-1.7708609,-1.536887,-1.6919478,-1.5179478,-1.0764783,-1.0057304,-1.1753217,-1.3709739,-1.4830957,-1.2701217,-1.2374609,-1.4021217,-1.2541826,-1.1910522,-1.2012522,-1.1156348,-0.8921478,-0.7881652,-0.7762174,-0.7721478,-0.6178174,-0.6074348,-0.6652696,-0.7860783,-1.1492609,-1.3102957,-1.4333478,-1.8822522,-1.9083652,-1.8916696,-1.9553739,-2.1566609,-2.1664174,-1.9068261,-1.7338435,-1.8402,-1.7472783,-1.3546696,-1.485913,-1.5744783,-1.6133739,-1.4334522,-1.7560696,-1.7820522,-1.4700783,-1.3748087,-1.1920174,-1.151087,-1.2467217,-1.4257043,-1.4668174,-1.5457304,-1.1841652,-0.8720609,-1.0447043,-1.0041652,-1.4014957,-1.4643391,-1.3051304,-1.4987739,-1.2708783,-1.1117739,-1.6494261,-1.9524,-1.6758261,-1.5389478,-1.5689739,-1.6784609,-1.5589826,-1.4596435,-1.527287,-1.7359826,-1.6693304,-2.3709391,-2.9852609,-2.6913652,-2.301,-2.2542783,-1.844087,-2.4643304,-2.6262783,-3.2644174,-3.7946609,-3.8878696,-3.5507478,-3.3352435,-2.8562609,-2.7274696,-2.5481217,-2.5555304,-2.3994783,-2.3916783,-2.5000174,-2.3876609
2417,B240,0,0,0,0,0,0,0,0,0,0,0,0,0,0,0,0,0,0,0,0,0,0,0,0,0,0,0,-0.0112842,-0.0658105,-0.0874316,-0.0996421,-0.1250316,-0.1259789,-0.2632211,-0.3214947,-0.1438316,-0.3205684,-0.5555789,-0.4972842,-0.4737895,-0.2763789,-0.2566316,-0.5913053,-0.6608632,-0.8009263,-0.9316,-0.9250316,-0.8554526,-0.9729684,-1.0077474,-0.7802526,-0.6411158,-0.8855368,-0.7135158,-0.7971789,-1.0152632,-0.9297263,-1.2916421,-0.3788421,-1.0491158,-0.502,-0.3036421,-0.2547579,-0.2557053,-0.1306737,-0.1720211,-0.1833053,-0.1664,-0.1447789,-0.1372421,-0.0610947,-0.1118737,-0.0761474,-0.0225684,0,0,0,0,0,0,0,0,0,0,0,0,0,0,0,0,0,0,0,0,0,0
2420,B241,-0.620287,-0.5888348,-0.590287,-0.5122957,-0.5639826,-0.5059826,-0.3588261,-0.3352435,-0.3917739,-0.4569913,-0.4943652,-0.4233739,-0.412487,-0.4673739,-0.4180609,-0.3970174,-0.4004174,-0.3718783,-0.2973826,-0.2627217,-0.2587391,-0.2573826,-0.2059391,-0.2024783,-0.2217565,-0.2620261,-0.383087,-0.4367652,-0.4777826,-0.6274174,-0.6361217,-0.6305565,-0.6517913,-0.718887,-0.7221391,-0.6356087,-0.5779478,-0.6134,-0.5824261,-0.4515565,-0.4953043,-0.5248261,-0.5377913,-0.4778174,-0.5853565,-0.5940174,-0.4900261,-0.4582696,-0.3973391,-0.3836957,-0.4155739,-0.4752348,-0.4889391,-0.5152435,-0.3947217,-0.290687,-0.3482348,-0.3347217,-0.4671652,-0.488113,-0.4350435,-0.4995913,-0.4236261,-0.3705913,-0.5498087,-0.6508,-0.5586087,-0.5129826,-0.5229913,-0.559487,-0.5196609,-0.4865478,-0.5090957,-0.5786609,-0.5564435,-0.790313,-0.995087,-0.8971217,-0.767,-0.7514261,-0.6146957,-0.8214435,-0.8754261,-1.0881391,-1.264887,-1.2959565,-1.1835826,-1.1117478,-0.952087,-0.9091565,-0.8493739,-0.8518435,-0.7998261,-0.7972261,-0.8333391,-0.795887
2426,B242,0,0,0,0,0,0,0,0,0,0,0,0,0,0,0,0,0,0,0,0,0,0,0,0,0,0,0,-0.1692632,-0.9871579,-1.3114737,-1.4946316,-1.8754737,-1.8896842,-3.9483158,-4.8224211,-2.1574737,-4.8085263,-8.3336842,-7.4592632,-7.1068421,-4.1456842,-3.8494737,-8.8695789,-9.9129474,-12.0138947,-13.974,-13.8754737,-12.8317895,-14.5945263,-15.1162105,-11.7037895,-9.6167368,-13.2830526,-10.7027368,-11.9576842,-15.2289474,-13.9458947,-19.3746316,-5.6826316,-15.7367368,-7.53,-4.5546316,-3.8213684,-3.8355789,-1.9601053,-2.5803158,-2.7495789,-2.496,-2.1716842,-2.0586316,-0.9164211,-1.6781053,-1.1422105,-0.3385263,0,0,0,0,0,0,0,0,0,0,0,0,0,0,0,0,0,0,0,0,0,0
2429,B243,0,0,0,0,0,0,0,0,0,0,0,0,0,0,0,0,0,0,0,0,0,0,0,0,0,0,0,-0.0112842,-0.0658105,-0.0874316,-0.0996421,-0.1250316,-0.1259789,-0.2632211,-0.3214947,-0.1438316,-0.3205684,-0.5555789,-0.4972842,-0.4737895,-0.2763789,-0.2566316,-0.5913053,-0.6608632,-0.8009263,-0.9316,-0.9250316,-0.8554526,-0.9729684,-1.0077474,-0.7802526,-0.6411158,-0.8855368,-0.7135158,-0.7971789,-1.0152632,-0.9297263,-1.2916421,-0.3788421,-1.0491158,-0.502,-0.3036421,-0.2547579,-0.2557053,-0.1306737,-0.1720211,-0.1833053,-0.1664,-0.1447789,-0.1372421,-0.0610947,-0.1118737,-0.0761474,-0.0225684,0,0,0,0,0,0,0,0,0,0,0,0,0,0,0,0,0,0,0,0,0,0
2432,B244,-1.4886887,-1.4132035,-1.4166887,-1.2295096,-1.3535583,-1.2143583,-0.8611826,-0.8045843,-0.9402574,-1.0967791,-1.1864765,-1.0160974,-0.9899687,-1.1216974,-1.0033461,-0.9528417,-0.9610017,-0.8925078,-0.7137183,-0.6305322,-0.6209739,-0.6177183,-0.4942539,-0.4859478,-0.5322157,-0.6288626,-0.9194087,-1.0482365,-1.1466783,-1.5058017,-1.5266922,-1.5133357,-1.5642991,-1.7253287,-1.7331339,-1.5254609,-1.3870748,-1.47216,-1.3978226,-1.0837357,-1.1887304,-1.2595826,-1.2906991,-1.1467617,-1.4048557,-1.4256417,-1.1760626,-1.099847,-0.9536139,-0.9208696,-0.9973774,-1.1405635,-1.1734539,-1.2365843,-0.9473322,-0.6976487,-0.8357635,-0.8033322,-1.1211965,-1.1714713,-1.0441043,-1.1990191,-1.0167026,-0.8894191,-1.3195409,-1.56192,-1.3406609,-1.2311583,-1.2551791,-1.3427687,-1.2471861,-1.1677148,-1.2218296,-1.3887861,-1.3354643,-1.8967513,-2.3882087,-2.1530922,-1.8408,-1.8034226,-1.4752696,-1.9714643,-2.1010226,-2.6115339,-3.0357287,-3.1102957,-2.8405983,-2.6681948,-2.2850087,-2.1819757,-2.0384974,-2.0444243,-1.9195826,-1.9133426,-2.0000139,-1.9101287
2435,B245,0,0,0,0,0,0,0,0,0,0,0,0,0,0,0,0,0,0,0,0,0,0,0,0,0,0,0,-0.0090274,-0.0526484,-0.0699453,-0.0797137,-0.1000253,-0.1007832,-0.2105768,-0.2571958,-0.1150653,-0.2564547,-0.4444632,-0.3978274,-0.3790316,-0.2211032,-0.2053053,-0.4730442,-0.5286905,-0.6407411,-0.74528,-0.7400253,-0.6843621,-0.7783747,-0.8061979,-0.6242021,-0.5128926,-0.7084295,-0.5708126,-0.6377432,-0.8122105,-0.7437811,-1.0333137,-0.3030737,-0.8392926,-0.4016,-0.2429137,-0.2038063,-0.2045642,-0.1045389,-0.1376168,-0.1466442,-0.13312,-0.1158232,-0.1097937,-0.0488758,-0.0894989,-0.0609179,-0.0180547,0,0,0,0,0,0,0,0,0,0,0,0,0,0,0,0,0,0,0,0,0,0
2438,B246,0,0,0,0,0,0,0,0,0,0,0,0,0,0,0,0,0,0,0,0,0,0,0,0,0,0,0,-0.2979032,-1.7373979,-2.3081937,-2.6305516,-3.3008337,-3.3258442,-6.9490358,-8.4874611,-3.7971537,-8.4630063,-14.6672842,-13.1283032,-12.5080421,-7.2964042,-6.7750737,-15.6104589,-17.4467874,-21.1444547,-24.59424,-24.4208337,-22.5839495,-25.6863663,-26.6045305,-20.5986695,-16.9254568,-23.3781726,-18.8368168,-21.0455242,-26.8029474,-24.5447747,-34.0993516,-10.0014316,-27.6966568,-13.2528,-8.0161516,-6.7256084,-6.7506189,-3.4497853,-4.5413558,-4.8392589,-4.39296,-3.8221642,-3.6231916,-1.6129011,-2.9534653,-2.0102905,-0.5958063,0,0,0,0,0,0,0,0,0,0,0,0,0,0,0,0,0,0,0,0,0,0
2441,B247,-3.473607,-3.2974748,-3.305607,-2.8688557,-3.1583026,-2.8335026,-2.0094261,-1.8773635,-2.1939339,-2.5591513,-2.7684452,-2.3708939,-2.309927,-2.6172939,-2.3411409,-2.2232974,-2.2423374,-2.0825183,-1.6653426,-1.4712417,-1.4489391,-1.4413426,-1.1532591,-1.1338783,-1.2418365,-1.4673461,-2.145287,-2.4458852,-2.6755826,-3.5135374,-3.5622817,-3.5311165,-3.6500313,-4.025767,-4.0439791,-3.5594087,-3.2365078,-3.43504,-3.2615861,-2.5287165,-2.7737043,-2.9390261,-3.0116313,-2.6757774,-3.2779965,-3.3264974,-2.7441461,-2.5663096,-2.2250991,-2.1486957,-2.3272139,-2.6613148,-2.7380591,-2.8853635,-2.2104417,-1.627847,-1.9501148,-1.8744417,-2.6161252,-2.733433,-2.4362435,-2.7977113,-2.3723061,-2.0753113,-3.0789287,-3.64448,-3.1282087,-2.8727026,-2.9287513,-3.133127,-2.9101009,-2.7246678,-2.8509357,-3.2405009,-3.1160835,-4.425753,-5.572487,-5.0238817,-4.2952,-4.2079861,-3.4422957,-4.6000835,-4.9023861,-6.0935791,-7.083367,-7.2573565,-6.6280626,-6.2257878,-5.331687,-5.0912765,-4.7564939,-4.7703235,-4.4790261,-4.4644661,-4.6666991,-4.456967
2443,B248,0,0,0,0,0,0,0,0,0,0,0,0,0,0,0,0,0,0,0,0,0,0,0,0,0,0,0,-0.2008589,-1.1714274,-1.5562821,-1.7736295,-2.2255621,-2.2424253,-4.6853347,-5.7226063,-2.5602021,-5.7061179,-9.8893053,-8.8516589,-8.4334526,-4.9195453,-4.5680421,-10.5252337,-11.7633642,-14.2564884,-16.58248,-16.4655621,-15.2270568,-17.3188379,-17.9379032,-13.8884968,-11.4118611,-15.7625558,-12.7005811,-14.1897853,-18.0716842,-16.5491284,-22.9912295,-6.7433895,-18.6742611,-8.9356,-5.4048295,-4.5346905,-4.5515537,-2.3259916,-3.0619747,-3.2628337,-2.96192,-2.5770653,-2.4429095,-1.0874863,-1.9913516,-1.3554232,-0.4017179,0,0,0,0,0,0,0,0,0,0,0,0,0,0,0,0,0,0,0,0,0,0
2446,B249,-1.3646313,-1.2954365,-1.2986313,-1.1270504,-1.2407617,-1.1131617,-0.7894174,-0.7375357,-0.8619026,-1.0053809,-1.0876035,-0.9314226,-0.9074713,-1.0282226,-0.9197339,-0.8734383,-0.8809183,-0.8181322,-0.6542417,-0.5779878,-0.5692261,-0.5662417,-0.4530661,-0.4454522,-0.4878643,-0.5764574,-0.8427913,-0.9608835,-1.0511217,-1.3803183,-1.3994678,-1.3872243,-1.4339409,-1.5815513,-1.5887061,-1.3983391,-1.2714852,-1.34948,-1.2813374,-0.9934243,-1.0896696,-1.1546174,-1.1831409,-1.0511983,-1.2877843,-1.3068383,-1.0780574,-1.008193,-0.8741461,-0.8441304,-0.9142626,-1.0455165,-1.0756661,-1.1335357,-0.8683878,-0.6395113,-0.7661165,-0.7363878,-1.0277635,-1.0738487,-0.9570957,-1.0991009,-0.9319774,-0.8153009,-1.2095791,-1.43176,-1.2289391,-1.1285617,-1.1505809,-1.2308713,-1.1432539,-1.0704052,-1.1200104,-1.2730539,-1.2241757,-1.7386887,-2.1891913,-1.9736678,-1.6874,-1.6531374,-1.3523304,-1.8071757,-1.9259374,-2.3939061,-2.7827513,-2.8511043,-2.6038817,-2.4458452,-2.0945913,-2.0001443,-1.8686226,-1.8740557,-1.7596174,-1.7538974,-1.8333461,-1.7509513
2448,B250,0,0,0,0,0,0,0,0,0,0,0,0,0,0,0,0,0,0,0,0,0,0,0,0,0,0,0,-0.0225684,-0.1316211,-0.1748632,-0.1992842,-0.2500632,-0.2519579,-0.5264421,-0.6429895,-0.2876632,-0.6411368,-1.1111579,-0.9945684,-0.9475789,-0.5527579,-0.5132632,-1.1826105,-1.3217263,-1.6018526,-1.8632,-1.8500632,-1.7109053,-1.9459368,-2.0154947,-1.5605053,-1.2822316,-1.7710737,-1.4270316,-1.5943579,-2.0305263,-1.8594526,-2.5832842,-0.7576842,-2.0982316,-1.004,-0.6072842,-0.5095158,-0.5114105,-0.2613474,-0.3440421,-0.3666105,-0.3328,-0.2895579,-0.2744842,-0.1221895,-0.2237474,-0.1522947,-0.0451368,0,0,0,0,0,0,0,0,0,0,0,0,0,0,0,0,0,0,0,0,0,0
2451,B251,0,0,0,0,0,0,0,0,0,0,0,0,0,0,0,0,0,0,0,0,0,0,0,0,0,0,0,-0.0225684,-0.1316211,-0.1748632,-0.1992842,-0.2500632,-0.2519579,-0.5264421,-0.6429895,-0.2876632,-0.6411368,-1.1111579,-0.9945684,-0.9475789,-0.5527579,-0.5132632,-1.1826105,-1.3217263,-1.6018526,-1.8632,-1.8500632,-1.7109053,-1.9459368,-2.0154947,-1.5605053,-1.2822316,-1.7710737,-1.4270316,-1.5943579,-2.0305263,-1.8594526,-2.5832842,-0.7576842,-2.0982316,-1.004,-0.6072842,-0.5095158,-0.5114105,-0.2613474,-0.3440421,-0.3666105,-0.3328,-0.2895579,-0.2744842,-0.1221895,-0.2237474,-0.1522947,-0.0451368,0,0,0,0,0,0,0,0,0,0,0,0,0,0,0,0,0,0,0,0,0,0
2452,B252,-0.5954755,-0.5652814,-0.5666755,-0.4918038,-0.5414233,-0.4857433,-0.344473,-0.3218337,-0.376103,-0.4387117,-0.4745906,-0.406439,-0.3959875,-0.448679,-0.4013384,-0.3811367,-0.3844007,-0.3570031,-0.2854873,-0.2522129,-0.2483896,-0.2470873,-0.1977016,-0.1943791,-0.2128863,-0.251545,-0.3677635,-0.4192946,-0.4586713,-0.6023207,-0.6106769,-0.6053343,-0.6257197,-0.6901315,-0.6932536,-0.6101843,-0.5548299,-0.588864,-0.559129,-0.4334943,-0.4754922,-0.503833,-0.5162797,-0.4587047,-0.5619423,-0.5702567,-0.470425,-0.4399388,-0.3814456,-0.3683478,-0.398951,-0.4562254,-0.4693816,-0.4946337,-0.3789329,-0.2790595,-0.3343054,-0.3213329,-0.4484786,-0.4685885,-0.4176417,-0.4796077,-0.406681,-0.3557677,-0.5278163,-0.624768,-0.5362643,-0.4924633,-0.5020717,-0.5371075,-0.4988744,-0.4670859,-0.4887318,-0.5555144,-0.5341857,-0.7587005,-0.9552835,-0.8612369,-0.73632,-0.721369,-0.5901078,-0.7885857,-0.840409,-1.0446136,-1.2142915,-1.2441183,-1.1362393,-1.0672779,-0.9140035,-0.8727903,-0.815399,-0.8177697,-0.767833,-0.765337,-0.8000056,-0.7640515
2453,B253,0,0,0,0,0,0,0,0,0,0,0,0,0,0,0,0,0,0,0,0,0,0,0,0,0,0,0,-0.0112842,-0.0658105,-0.0874316,-0.0996421,-0.1250316,-0.1259789,-0.2632211,-0.3214947,-0.1438316,-0.3205684,-0.5555789,-0.4972842,-0.4737895,-0.2763789,-0.2566316,-0.5913053,-0.6608632,-0.8009263,-0.9316,-0.9250316,-0.8554526,-0.9729684,-1.0077474,-0.7802526,-0.6411158,-0.8855368,-0.7135158,-0.7971789,-1.0152632,-0.9297263,-1.2916421,-0.3788421,-1.0491158,-0.502,-0.3036421,-0.2547579,-0.2557053,-0.1306737,-0.1720211,-0.1833053,-0.1664,-0.1447789,-0.1372421,-0.0610947,-0.1118737,-0.0761474,-0.0225684,0,0,0,0,0,0,0,0,0,0,0,0,0,0,0,0,0,0,0,0,0,0
2454,B254,0,0,0,0,0,0,0,0,0,0,0,0,0,0,0,0,0,0,0,0,0,0,0,0,0,0,0,-0.0338526,-0.1974316,-0.2622947,-0.2989263,-0.3750947,-0.3779368,-0.7896632,-0.9644842,-0.4314947,-0.9617053,-1.6667368,-1.4918526,-1.4213684,-0.8291368,-0.7698947,-1.7739158,-1.9825895,-2.4027789,-2.7948,-2.7750947,-2.5663579,-2.9189053,-3.0232421,-2.3407579,-1.9233474,-2.6566105,-2.1405474,-2.3915368,-3.0457895,-2.7891789,-3.8749263,-1.1365263,-3.1473474,-1.506,-0.9109263,-0.7642737,-0.7671158,-0.3920211,-0.5160632,-0.5499158,-0.4992,-0.4343368,-0.4117263,-0.1832842,-0.3356211,-0.2284421,-0.0677053,0,0,0,0,0,0,0,0,0,0,0,0,0,0,0,0,0,0,0,0,0,0
2457,B255,0,0,0,0,0,0,0,0,0,0,0,0,0,0,0,0,0,0,0,0,0,0,0,0,0,0,0,-0.0338526,-0.1974316,-0.2622947,-0.2989263,-0.3750947,-0.3779368,-0.7896632,-0.9644842,-0.4314947,-0.9617053,-1.6667368,-1.4918526,-1.4213684,-0.8291368,-0.7698947,-1.7739158,-1.9825895,-2.4027789,-2.7948,-2.7750947,-2.5663579,-2.9189053,-3.0232421,-2.3407579,-1.9233474,-2.6566105,-2.1405474,-2.3915368,-3.0457895,-2.7891789,-3.8749263,-1.1365263,-3.1473474,-1.506,-0.9109263,-0.7642737,-0.7671158,-0.3920211,-0.5160632,-0.5499158,-0.4992,-0.4343368,-0.4117263,-0.1832842,-0.3356211,-0.2284421,-0.0677053,0,0,0,0,0,0,0,0,0,0,0,0,0,0,0,0,0,0,0,0,0,0
2458,B256,0,0,0,0,0,0,0,0,0,0,0,0,0,0,0,0,0,0,0,0,0,0,0,0,0,0,0,-0.0677053,-0.3948632,-0.5245895,-0.5978526,-0.7501895,-0.7558737,-1.5793263,-1.9289684,-0.8629895,-1.9234105,-3.3334737,-2.9837053,-2.8427368,-1.6582737,-1.5397895,-3.5478316,-3.9651789,-4.8055579,-5.5896,-5.5501895,-5.1327158,-5.8378105,-6.0464842,-4.6815158,-3.8466947,-5.3132211,-4.2810947,-4.7830737,-6.0915789,-5.5783579,-7.7498526,-2.2730526,-6.2946947,-3.012,-1.8218526,-1.5285474,-1.5342316,-0.7840421,-1.0321263,-1.0998316,-0.9984,-0.8686737,-0.8234526,-0.3665684,-0.6712421,-0.4568842,-0.1354105,0,0,0,0,0,0,0,0,0,0,0,0,0,0,0,0,0,0,0,0,0,0
2461,B257,-0.620287,-0.5888348,-0.590287,-0.5122957,-0.5639826,-0.5059826,-0.3588261,-0.3352435,-0.3917739,-0.4569913,-0.4943652,-0.4233739,-0.412487,-0.4673739,-0.4180609,-0.3970174,-0.4004174,-0.3718783,-0.2973826,-0.2627217,-0.2587391,-0.2573826,-0.2059391,-0.2024783,-0.2217565,-0.2620261,-0.383087,-0.4367652,-0.4777826,-0.6274174,-0.6361217,-0.6305565,-0.6517913,-0.718887,-0.7221391,-0.6356087,-0.5779478,-0.6134,-0.5824261,-0.4515565,-0.4953043,-0.5248261,-0.5377913,-0.4778174,-0.5853565,-0.5940174,-0.4900261,-0.4582696,-0.3973391,-0.3836957,-0.4155739,-0.4752348,-0.4889391,-0.5152435,-0.3947217,-0.290687,-0.3482348,-0.3347217,-0.4671652,-0.488113,-0.4350435,-0.4995913,-0.4236261,-0.3705913,-0.5498087,-0.6508,-0.5586087,-0.5129826,-0.5229913,-0.559487,-0.5196609,-0.4865478,-0.5090957,-0.5786609,-0.5564435,-0.790313,-0.995087,-0.8971217,-0.767,-0.7514261,-0.6146957,-0.8214435,-0.8754261,-1.0881391,-1.264887,-1.2959565,-1.1835826,-1.1117478,-0.952087,-0.9091565,-0.8493739,-0.8518435,-0.7998261,-0.7972261,-0.8333391,-0.795887
2464,B258,-0.8684017,-0.8243687,-0.8264017,-0.7172139,-0.7895757,-0.7083757,-0.5023565,-0.4693409,-0.5484835,-0.6397878,-0.6921113,-0.5927235,-0.5774817,-0.6543235,-0.5852852,-0.5558243,-0.5605843,-0.5206296,-0.4163357,-0.3678104,-0.3622348,-0.3603357,-0.2883148,-0.2834696,-0.3104591,-0.3668365,-0.5363217,-0.6114713,-0.6688957,-0.8783843,-0.8905704,-0.8827791,-0.9125078,-1.0064417,-1.0109948,-0.8898522,-0.809127,-0.85876,-0.8153965,-0.6321791,-0.6934261,-0.7347565,-0.7529078,-0.6689443,-0.8194991,-0.8316243,-0.6860365,-0.6415774,-0.5562748,-0.5371739,-0.5818035,-0.6653287,-0.6845148,-0.7213409,-0.5526104,-0.4069617,-0.4875287,-0.4686104,-0.6540313,-0.6833583,-0.6090609,-0.6994278,-0.5930765,-0.5188278,-0.7697322,-0.91112,-0.7820522,-0.7181757,-0.7321878,-0.7832817,-0.7275252,-0.681167,-0.7127339,-0.8101252,-0.7790209,-1.1064383,-1.3931217,-1.2559704,-1.0738,-1.0519965,-0.8605739,-1.1500209,-1.2255965,-1.5233948,-1.7708417,-1.8143391,-1.6570157,-1.556447,-1.3329217,-1.2728191,-1.1891235,-1.1925809,-1.1197565,-1.1161165,-1.1666748,-1.1142417
2467,B259,0,0,0,0,0,0,0,0,0,0,0,0,0,0,0,0,0,0,0,0,0,0,0,0,0,0,0,-0.0112842,-0.0658105,-0.0874316,-0.0996421,-0.1250316,-0.1259789,-0.2632211,-0.3214947,-0.1438316,-0.3205684,-0.5555789,-0.4972842,-0.4737895,-0.2763789,-0.2566316,-0.5913053,-0.6608632,-0.8009263,-0.9316,-0.9250316,-0.8554526,-0.9729684,-1.0077474,-0.7802526,-0.6411158,-0.8855368,-0.7135158,-0.7971789,-1.0152632,-0.9297263,-1.2916421,-0.3788421,-1.0491158,-0.502,-0.3036421,-0.2547579,-0.2557053,-0.1306737,-0.1720211,-0.1833053,-0.1664,-0.1447789,-0.1372421,-0.0610947,-0.1118737,-0.0761474,-0.0225684,0,0,0,0,0,0,0,0,0,0,0,0,0,0,0,0,0,0,0,0,0,0
2468,B260,-1.2405739,-1.1776696,-1.1805739,-1.0245913,-1.1279652,-1.0119652,-0.7176522,-0.670487,-0.7835478,-0.9139826,-0.9887304,-0.8467478,-0.8249739,-0.9347478,-0.8361217,-0.7940348,-0.8008348,-0.7437565,-0.5947652,-0.5254435,-0.5174783,-0.5147652,-0.4118783,-0.4049565,-0.443513,-0.5240522,-0.7661739,-0.8735304,-0.9555652,-1.2548348,-1.2722435,-1.261113,-1.3035826,-1.4377739,-1.4442783,-1.2712174,-1.1558957,-1.2268,-1.1648522,-0.903113,-0.9906087,-1.0496522,-1.0755826,-0.9556348,-1.170713,-1.1880348,-0.9800522,-0.9165391,-0.7946783,-0.7673913,-0.8311478,-0.9504696,-0.9778783,-1.030487,-0.7894435,-0.5813739,-0.6964696,-0.6694435,-0.9343304,-0.9762261,-0.870087,-0.9991826,-0.8472522,-0.7411826,-1.0996174,-1.3016,-1.1172174,-1.0259652,-1.0459826,-1.1189739,-1.0393217,-0.9730957,-1.0181913,-1.1573217,-1.112887,-1.5806261,-1.9901739,-1.7942435,-1.534,-1.5028522,-1.2293913,-1.642887,-1.7508522,-2.1762783,-2.5297739,-2.591913,-2.3671652,-2.2234957,-1.9041739,-1.818313,-1.6987478,-1.703687,-1.5996522,-1.5944522,-1.6666783,-1.5917739
2469,B261,-1.1165165,-1.0599026,-1.0625165,-0.9221322,-1.0151687,-0.9107687,-0.645887,-0.6034383,-0.705193,-0.8225843,-0.8898574,-0.762073,-0.7424765,-0.841273,-0.7525096,-0.7146313,-0.7207513,-0.6693809,-0.5352887,-0.4728991,-0.4657304,-0.4632887,-0.3706904,-0.3644609,-0.3991617,-0.471647,-0.6895565,-0.7861774,-0.8600087,-1.1293513,-1.1450191,-1.1350017,-1.1732243,-1.2939965,-1.2998504,-1.1440957,-1.0403061,-1.10412,-1.048367,-0.8128017,-0.8915478,-0.944687,-0.9680243,-0.8600713,-1.0536417,-1.0692313,-0.882047,-0.8248852,-0.7152104,-0.6906522,-0.748033,-0.8554226,-0.8800904,-0.9274383,-0.7104991,-0.5232365,-0.6268226,-0.6024991,-0.8408974,-0.8786035,-0.7830783,-0.8992643,-0.762527,-0.6670643,-0.9896557,-1.17144,-1.0054957,-0.9233687,-0.9413843,-1.0070765,-0.9353896,-0.8757861,-0.9163722,-1.0415896,-1.0015983,-1.4225635,-1.7911565,-1.6148191,-1.3806,-1.352567,-1.1064522,-1.4785983,-1.575767,-1.9586504,-2.2767965,-2.3327217,-2.1304487,-2.0011461,-1.7137565,-1.6364817,-1.528873,-1.5333183,-1.439687,-1.435007,-1.5000104,-1.4325965
2472,B262,-1.2405739,-1.1776696,-1.1805739,-1.0245913,-1.1279652,-1.0119652,-0.7176522,-0.670487,-0.7835478,-0.9139826,-0.9887304,-0.8467478,-0.8249739,-0.9347478,-0.8361217,-0.7940348,-0.8008348,-0.7437565,-0.5947652,-0.5254435,-0.5174783,-0.5147652,-0.4118783,-0.4049565,-0.443513,-0.5240522,-0.7661739,-0.8735304,-0.9555652,-1.2548348,-1.2722435,-1.261113,-1.3035826,-1.4377739,-1.4442783,-1.2712174,-1.1558957,-1.2268,-1.1648522,-0.903113,-0.9906087,-1.0496522,-1.0755826,-0.9556348,-1.170713,-1.1880348,-0.9800522,-0.9165391,-0.7946783,-0.7673913,-0.8311478,-0.9504696,-0.9778783,-1.030487,-0.7894435,-0.5813739,-0.6964696,-0.6694435,-0.9343304,-0.9762261,-0.870087,-0.9991826,-0.8472522,-0.7411826,-1.0996174,-1.3016,-1.1172174,-1.0259652,-1.0459826,-1.1189739,-1.0393217,-0.9730957,-1.0181913,-1.1573217,-1.112887,-1.5806261,-1.9901739,-1.7942435,-1.534,-1.5028522,-1.2293913,-1.642887,-1.7508522,-2.1762783,-2.5297739,-2.591913,-2.3671652,-2.2234957,-1.9041739,-1.818313,-1.6987478,-1.703687,-1.5996522,-1.5944522,-1.6666783,-1.5917739
2473,B263,-1.8608609,-1.7665043,-1.7708609,-1.536887,-1.6919478,-1.5179478,-1.0764783,-1.0057304,-1.1753217,-1.3709739,-1.4830957,-1.2701217,-1.2374609,-1.4021217,-1.2541826,-1.1910522,-1.2012522,-1.1156348,-0.8921478,-0.7881652,-0.7762174,-0.7721478,-0.6178174,-0.6074348,-0.6652696,-0.7860783,-1.1492609,-1.3102957,-1.4333478,-1.8822522,-1.9083652,-1.8916696,-1.9553739,-2.1566609,-2.1664174,-1.9068261,-1.7338435,-1.8402,-1.7472783,-1.3546696,-1.485913,-1.5744783,-1.6133739,-1.4334522,-1.7560696,-1.7820522,-1.4700783,-1.3748087,-1.1920174,-1.151087,-1.2467217,-1.4257043,-1.4668174,-1.5457304,-1.1841652,-0.8720609,-1.0447043,-1.0041652,-1.4014957,-1.4643391,-1.3051304,-1.4987739,-1.2708783,-1.1117739,-1.6494261,-1.9524,-1.6758261,-1.5389478,-1.5689739,-1.6784609,-1.5589826,-1.4596435,-1.527287,-1.7359826,-1.6693304,-2.3709391,-2.9852609,-2.6913652,-2.301,-2.2542783,-1.844087,-2.4643304,-2.6262783,-3.2644174,-3.7946609,-3.8878696,-3.5507478,-3.3352435,-2.8562609,-2.7274696,-2.5481217,-2.5555304,-2.3994783,-2.3916783,-2.5000174,-2.3876609
2474,B264,-1.8608609,-1.7665043,-1.7708609,-1.536887,-1.6919478,-1.5179478,-1.0764783,-1.0057304,-1.1753217,-1.3709739,-1.4830957,-1.2701217,-1.2374609,-1.4021217,-1.2541826,-1.1910522,-1.2012522,-1.1156348,-0.8921478,-0.7881652,-0.7762174,-0.7721478,-0.6178174,-0.6074348,-0.6652696,-0.7860783,-1.1492609,-1.3102957,-1.4333478,-1.8822522,-1.9083652,-1.8916696,-1.9553739,-2.1566609,-2.1664174,-1.9068261,-1.7338435,-1.8402,-1.7472783,-1.3546696,-1.485913,-1.5744783,-1.6133739,-1.4334522,-1.7560696,-1.7820522,-1.4700783,-1.3748087,-1.1920174,-1.151087,-1.2467217,-1.4257043,-1.4668174,-1.5457304,-1.1841652,-0.8720609,-1.0447043,-1.0041652,-1.4014957,-1.4643391,-1.3051304,-1.4987739,-1.2708783,-1.1117739,-1.6494261,-1.9524,-1.6758261,-1.5389478,-1.5689739,-1.6784609,-1.5589826,-1.4596435,-1.527287,-1.7359826,-1.6693304,-2.3709391,-2.9852609,-2.6913652,-2.301,-2.2542783,-1.844087,-2.4643304,-2.6262783,-3.2644174,-3.7946609,-3.8878696,-3.5507478,-3.3352435,-2.8562609,-2.7274696,-2.5481217,-2.5555304,-2.3994783,-2.3916783,-2.5000174,-2.3876609
2475,B265,-2.4811478,-2.3553391,-2.3611478,-2.0491826,-2.2559304,-2.0239304,-1.4353043,-1.3409739,-1.5670957,-1.8279652,-1.9774609,-1.6934957,-1.6499478,-1.8694957,-1.6722435,-1.5880696,-1.6016696,-1.487513,-1.1895304,-1.050887,-1.0349565,-1.0295304,-0.8237565,-0.809913,-0.8870261,-1.0481043,-1.5323478,-1.7470609,-1.9111304,-2.5096696,-2.544487,-2.5222261,-2.6071652,-2.8755478,-2.8885565,-2.5424348,-2.3117913,-2.4536,-2.3297043,-1.8062261,-1.9812174,-2.0993043,-2.1511652,-1.9112696,-2.3414261,-2.3760696,-1.9601043,-1.8330783,-1.5893565,-1.5347826,-1.6622957,-1.9009391,-1.9557565,-2.0609739,-1.578887,-1.1627478,-1.3929391,-1.338887,-1.8686609,-1.9524522,-1.7401739,-1.9983652,-1.6945043,-1.4823652,-2.1992348,-2.6032,-2.2344348,-2.0519304,-2.0919652,-2.2379478,-2.0786435,-1.9461913,-2.0363826,-2.3146435,-2.2257739,-3.1612522,-3.9803478,-3.588487,-3.068,-3.0057043,-2.4587826,-3.2857739,-3.5017043,-4.3525565,-5.0595478,-5.1838261,-4.7343304,-4.4469913,-3.8083478,-3.6366261,-3.3974957,-3.4073739,-3.1993043,-3.1889043,-3.3333565,-3.1835478
2478,B266,-1.2405739,-1.1776696,-1.1805739,-1.0245913,-1.1279652,-1.0119652,-0.7176522,-0.670487,-0.7835478,-0.9139826,-0.9887304,-0.8467478,-0.8249739,-0.9347478,-0.8361217,-0.7940348,-0.8008348,-0.7437565,-0.5947652,-0.5254435,-0.5174783,-0.5147652,-0.4118783,-0.4049565,-0.443513,-0.5240522,-0.7661739,-0.8735304,-0.9555652,-1.2548348,-1.2722435,-1.261113,-1.3035826,-1.4377739,-1.4442783,-1.2712174,-1.1558957,-1.2268,-1.1648522,-0.903113,-0.9906087,-1.0496522,-1.0755826,-0.9556348,-1.170713,-1.1880348,-0.9800522,-0.9165391,-0.7946783,-0.7673913,-0.8311478,-0.9504696,-0.9778783,-1.030487,-0.7894435,-0.5813739,-0.6964696,-0.6694435,-0.9343304,-0.9762261,-0.870087,-0.9991826,-0.8472522,-0.7411826,-1.0996174,-1.3016,-1.1172174,-1.0259652,-1.0459826,-1.1189739,-1.0393217,-0.9730957,-1.0181913,-1.1573217,-1.112887,-1.5806261,-1.9901739,-1.7942435,-1.534,-1.5028522,-1.2293913,-1.642887,-1.7508522,-2.1762783,-2.5297739,-2.591913,-2.3671652,-2.2234957,-1.9041739,-1.818313,-1.6987478,-1.703687,-1.5996522,-1.5944522,-1.6666783,-1.5917739
2479,B267,0,0,0,0,0,0,0,0,0,0,0,0,0,0,0,0,0,0,0,0,0,0,0,0,0,0,0,-0.0225684,-0.1316211,-0.1748632,-0.1992842,-0.2500632,-0.2519579,-0.5264421,-0.6429895,-0.2876632,-0.6411368,-1.1111579,-0.9945684,-0.9475789,-0.5527579,-0.5132632,-1.1826105,-1.3217263,-1.6018526,-1.8632,-1.8500632,-1.7109053,-1.9459368,-2.0154947,-1.5605053,-1.2822316,-1.7710737,-1.4270316,-1.5943579,-2.0305263,-1.8594526,-2.5832842,-0.7576842,-2.0982316,-1.004,-0.6072842,-0.5095158,-0.5114105,-0.2613474,-0.3440421,-0.3666105,-0.3328,-0.2895579,-0.2744842,-0.1221895,-0.2237474,-0.1522947,-0.0451368,0,0,0,0,0,0,0,0,0,0,0,0,0,0,0,0,0,0,0,0,0,0
2480,B268,-1.2405739,-1.1776696,-1.1805739,-1.0245913,-1.1279652,-1.0119652,-0.7176522,-0.670487,-0.7835478,-0.9139826,-0.9887304,-0.8467478,-0.8249739,-0.9347478,-0.8361217,-0.7940348,-0.8008348,-0.7437565,-0.5947652,-0.5254435,-0.5174783,-0.5147652,-0.4118783,-0.4049565,-0.443513,-0.5240522,-0.7661739,-0.8735304,-0.9555652,-1.2548348,-1.2722435,-1.261113,-1.3035826,-1.4377739,-1.4442783,-1.2712174,-1.1558957,-1.2268,-1.1648522,-0.903113,-0.9906087,-1.0496522,-1.0755826,-0.9556348,-1.170713,-1.1880348,-0.9800522,-0.9165391,-0.7946783,-0.7673913,-0.8311478,-0.9504696,-0.9778783,-1.030487,-0.7894435,-0.5813739,-0.6964696,-0.6694435,-0.9343304,-0.9762261,-0.870087,-0.9991826,-0.8472522,-0.7411826,-1.0996174,-1.3016,-1.1172174,-1.0259652,-1.0459826,-1.1189739,-1.0393217,-0.9730957,-1.0181913,-1.1573217,-1.112887,-1.5806261,-1.9901739,-1.7942435,-1.534,-1.5028522,-1.2293913,-1.642887,-1.7508522,-2.1762783,-2.5297739,-2.591913,-2.3671652,-2.2234957,-1.9041739,-1.818313,-1.6987478,-1.703687,-1.5996522,-1.5944522,-1.6666783,-1.5917739
2483,B269,-0.9304304,-0.8832522,-0.8854304,-0.7684435,-0.8459739,-0.7589739,-0.5382391,-0.5028652,-0.5876609,-0.685487,-0.7415478,-0.6350609,-0.6187304,-0.7010609,-0.6270913,-0.5955261,-0.6006261,-0.5578174,-0.4460739,-0.3940826,-0.3881087,-0.3860739,-0.3089087,-0.3037174,-0.3326348,-0.3930391,-0.5746304,-0.6551478,-0.7166739,-0.9411261,-0.9541826,-0.9458348,-0.977687,-1.0783304,-1.0832087,-0.953413,-0.8669217,-0.9201,-0.8736391,-0.6773348,-0.7429565,-0.7872391,-0.806687,-0.7167261,-0.8780348,-0.8910261,-0.7350391,-0.6874043,-0.5960087,-0.5755435,-0.6233609,-0.7128522,-0.7334087,-0.7728652,-0.5920826,-0.4360304,-0.5223522,-0.5020826,-0.7007478,-0.7321696,-0.6525652,-0.749387,-0.6354391,-0.555887,-0.824713,-0.9762,-0.837913,-0.7694739,-0.784487,-0.8392304,-0.7794913,-0.7298217,-0.7636435,-0.8679913,-0.8346652,-1.1854696,-1.4926304,-1.3456826,-1.1505,-1.1271391,-0.9220435,-1.2321652,-1.3131391,-1.6322087,-1.8973304,-1.9439348,-1.7753739,-1.6676217,-1.4281304,-1.3637348,-1.2740609,-1.2777652,-1.1997391,-1.1958391,-1.2500087,-1.1938304
2486,B270,-1.711992,-1.625184,-1.629192,-1.413936,-1.556592,-1.396512,-0.99036,-0.925272,-1.081296,-1.261296,-1.364448,-1.168512,-1.138464,-1.289952,-1.153848,-1.095768,-1.105152,-1.026384,-0.820776,-0.725112,-0.71412,-0.710376,-0.568392,-0.55884,-0.612048,-0.723192,-1.05732,-1.205472,-1.31868,-1.731672,-1.755696,-1.740336,-1.798944,-1.984128,-1.993104,-1.75428,-1.595136,-1.692984,-1.607496,-1.246296,-1.36704,-1.44852,-1.484304,-1.318776,-1.615584,-1.639488,-1.352472,-1.264824,-1.096656,-1.059,-1.146984,-1.311648,-1.349472,-1.422072,-1.089432,-0.802296,-0.961128,-0.923832,-1.289376,-1.347192,-1.20072,-1.378872,-1.169208,-1.022832,-1.517472,-1.796208,-1.54176,-1.415832,-1.443456,-1.544184,-1.434264,-1.342872,-1.405104,-1.597104,-1.535784,-2.181264,-2.74644,-2.476056,-2.11692,-2.073936,-1.69656,-2.267184,-2.416176,-3.003264,-3.491088,-3.57684,-3.266688,-3.068424,-2.62776,-2.509272,-2.344272,-2.351088,-2.20752,-2.200344,-2.300016,-2.196648
2489,B271,-0.620287,-0.5888348,-0.590287,-0.5122957,-0.5639826,-0.5059826,-0.3588261,-0.3352435,-0.3917739,-0.4569913,-0.4943652,-0.4233739,-0.412487,-0.4673739,-0.4180609,-0.3970174,-0.4004174,-0.3718783,-0.2973826,-0.2627217,-0.2587391,-0.2573826,-0.2059391,-0.2024783,-0.2217565,-0.2620261,-0.383087,-0.4367652,-0.4777826,-0.6274174,-0.6361217,-0.6305565,-0.6517913,-0.718887,-0.7221391,-0.6356087,-0.5779478,-0.6134,-0.5824261,-0.4515565,-0.4953043,-0.5248261,-0.5377913,-0.4778174,-0.5853565,-0.5940174,-0.4900261,-0.4582696,-0.3973391,-0.3836957,-0.4155739,-0.4752348,-0.4889391,-0.5152435,-0.3947217,-0.290687,-0.3482348,-0.3347217,-0.4671652,-0.488113,-0.4350435,-0.4995913,-0.4236261,-0.3705913,-0.5498087,-0.6508,-0.5586087,-0.5129826,-0.5229913,-0.559487,-0.5196609,-0.4865478,-0.5090957,-0.5786609,-0.5564435,-0.790313,-0.995087,-0.8971217,-0.767,-0.7514261,-0.6146957,-0.8214435,-0.8754261,-1.0881391,-1.264887,-1.2959565,-1.1835826,-1.1117478,-0.952087,-0.9091565,-0.8493739,-0.8518435,-0.7998261,-0.7972261,-0.8333391,-0.795887
2492,B272,-0.5582583,-0.5299513,-0.5312583,-0.4610661,-0.5075843,-0.4553843,-0.3229435,-0.3017191,-0.3525965,-0.4112922,-0.4449287,-0.3810365,-0.3712383,-0.4206365,-0.3762548,-0.3573157,-0.3603757,-0.3346904,-0.2676443,-0.2364496,-0.2328652,-0.2316443,-0.1853452,-0.1822304,-0.1995809,-0.2358235,-0.3447783,-0.3930887,-0.4300043,-0.5646757,-0.5725096,-0.5675009,-0.5866122,-0.6469983,-0.6499252,-0.5720478,-0.520153,-0.55206,-0.5241835,-0.4064009,-0.4457739,-0.4723435,-0.4840122,-0.4300357,-0.5268209,-0.5346157,-0.4410235,-0.4124426,-0.3576052,-0.3453261,-0.3740165,-0.4277113,-0.4400452,-0.4637191,-0.3552496,-0.2616183,-0.3134113,-0.3012496,-0.4204487,-0.4393017,-0.3915391,-0.4496322,-0.3812635,-0.3335322,-0.4948278,-0.58572,-0.5027478,-0.4616843,-0.4706922,-0.5035383,-0.4676948,-0.437893,-0.4581861,-0.5207948,-0.5007991,-0.7112817,-0.8955783,-0.8074096,-0.6903,-0.6762835,-0.5532261,-0.7392991,-0.7878835,-0.9793252,-1.1383983,-1.1663609,-1.0652243,-1.000573,-0.8568783,-0.8182409,-0.7644365,-0.7666591,-0.7198435,-0.7175035,-0.7500052,-0.7162983
2495,B273,-1.2405739,-1.1776696,-1.1805739,-1.0245913,-1.1279652,-1.0119652,-0.7176522,-0.670487,-0.7835478,-0.9139826,-0.9887304,-0.8467478,-0.8249739,-0.9347478,-0.8361217,-0.7940348,-0.8008348,-0.7437565,-0.5947652,-0.5254435,-0.5174783,-0.5147652,-0.4118783,-0.4049565,-0.443513,-0.5240522,-0.7661739,-0.8735304,-0.9555652,-1.2548348,-1.2722435,-1.261113,-1.3035826,-1.4377739,-1.4442783,-1.2712174,-1.1558957,-1.2268,-1.1648522,-0.903113,-0.9906087,-1.0496522,-1.0755826,-0.9556348,-1.170713,-1.1880348,-0.9800522,-0.9165391,-0.7946783,-0.7673913,-0.8311478,-0.9504696,-0.9778783,-1.030487,-0.7894435,-0.5813739,-0.6964696,-0.6694435,-0.9343304,-0.9762261,-0.870087,-0.9991826,-0.8472522,-0.7411826,-1.0996174,-1.3016,-1.1172174,-1.0259652,-1.0459826,-1.1189739,-1.0393217,-0.9730957,-1.0181913,-1.1573217,-1.112887,-1.5806261,-1.9901739,-1.7942435,-1.534,-1.5028522,-1.2293913,-1.642887,-1.7508522,-2.1762783,-2.5297739,-2.591913,-2.3671652,-2.2234957,-1.9041739,-1.818313,-1.6987478,-1.703687,-1.5996522,-1.5944522,-1.6666783,-1.5917739
2498,B274,-2.4811478,-2.3553391,-2.3611478,-2.0491826,-2.2559304,-2.0239304,-1.4353043,-1.3409739,-1.5670957,-1.8279652,-1.9774609,-1.6934957,-1.6499478,-1.8694957,-1.6722435,-1.5880696,-1.6016696,-1.487513,-1.1895304,-1.050887,-1.0349565,-1.0295304,-0.8237565,-0.809913,-0.8870261,-1.0481043,-1.5323478,-1.7470609,-1.9111304,-2.5096696,-2.544487,-2.5222261,-2.6071652,-2.8755478,-2.8885565,-2.5424348,-2.3117913,-2.4536,-2.3297043,-1.8062261,-1.9812174,-2.0993043,-2.1511652,-1.9112696,-2.3414261,-2.3760696,-1.9601043,-1.8330783,-1.5893565,-1.5347826,-1.6622957,-1.9009391,-1.9557565,-2.0609739,-1.578887,-1.1627478,-1.3929391,-1.338887,-1.8686609,-1.9524522,-1.7401739,-1.9983652,-1.6945043,-1.4823652,-2.1992348,-2.6032,-2.2344348,-2.0519304,-2.0919652,-2.2379478,-2.0786435,-1.9461913,-2.0363826,-2.3146435,-2.2257739,-3.1612522,-3.9803478,-3.588487,-3.068,-3.0057043,-2.4587826,-3.2857739,-3.5017043,-4.3525565,-5.0595478,-5.1838261,-4.7343304,-4.4469913,-3.8083478,-3.6366261,-3.3974957,-3.4073739,-3.1993043,-3.1889043,-3.3333565,-3.1835478
2501,B275,-2.4811478,-2.3553391,-2.3611478,-2.0491826,-2.2559304,-2.0239304,-1.4353043,-1.3409739,-1.5670957,-1.8279652,-1.9774609,-1.6934957,-1.6499478,-1.8694957,-1.6722435,-1.5880696,-1.6016696,-1.487513,-1.1895304,-1.050887,-1.0349565,-1.0295304,-0.8237565,-0.809913,-0.8870261,-1.0481043,-1.5323478,-1.7470609,-1.9111304,-2.5096696,-2.544487,-2.5222261,-2.6071652,-2.8755478,-2.8885565,-2.5424348,-2.3117913,-2.4536,-2.3297043,-1.8062261,-1.9812174,-2.0993043,-2.1511652,-1.9112696,-2.3414261,-2.3760696,-1.9601043,-1.8330783,-1.5893565,-1.5347826,-1.6622957,-1.9009391,-1.9557565,-2.0609739,-1.578887,-1.1627478,-1.3929391,-1.338887,-1.8686609,-1.9524522,-1.7401739,-1.9983652,-1.6945043,-1.4823652,-2.1992348,-2.6032,-2.2344348,-2.0519304,-2.0919652,-2.2379478,-2.0786435,-1.9461913,-2.0363826,-2.3146435,-2.2257739,-3.1612522,-3.9803478,-3.588487,-3.068,-3.0057043,-2.4587826,-3.2857739,-3.5017043,-4.3525565,-5.0595478,-5.1838261,-4.7343304,-4.4469913,-3.8083478,-3.6366261,-3.3974957,-3.4073739,-3.1993043,-3.1889043,-3.3333565,-3.1835478
2502,B276,-3.7217217,-3.5330087,-3.5417217,-3.0737739,-3.3838957,-3.0358957,-2.1529565,-2.0114609,-2.3506435,-2.7419478,-2.9661913,-2.5402435,-2.4749217,-2.8042435,-2.5083652,-2.3821043,-2.4025043,-2.2312696,-1.7842957,-1.5763304,-1.5524348,-1.5442957,-1.2356348,-1.2148696,-1.3305391,-1.5721565,-2.2985217,-2.6205913,-2.8666957,-3.7645043,-3.8167304,-3.7833391,-3.9107478,-4.3133217,-4.3328348,-3.8136522,-3.467687,-3.6804,-3.4945565,-2.7093391,-2.9718261,-3.1489565,-3.2267478,-2.8669043,-3.5121391,-3.5641043,-2.9401565,-2.7496174,-2.3840348,-2.3021739,-2.4934435,-2.8514087,-2.9336348,-3.0914609,-2.3683304,-1.7441217,-2.0894087,-2.0083304,-2.8029913,-2.9286783,-2.6102609,-2.9975478,-2.5417565,-2.2235478,-3.2988522,-3.9048,-3.3516522,-3.0778957,-3.1379478,-3.3569217,-3.1179652,-2.919287,-3.0545739,-3.4719652,-3.3386609,-4.7418783,-5.9705217,-5.3827304,-4.602,-4.5085565,-3.6881739,-4.9286609,-5.2525565,-6.5288348,-7.5893217,-7.7757391,-7.1014957,-6.670487,-5.7125217,-5.4549391,-5.0962435,-5.1110609,-4.7989565,-4.7833565,-5.0000348,-4.7753217
2503,B277,-1.8608609,-1.7665043,-1.7708609,-1.536887,-1.6919478,-1.5179478,-1.0764783,-1.0057304,-1.1753217,-1.3709739,-1.4830957,-1.2701217,-1.2374609,-1.4021217,-1.2541826,-1.1910522,-1.2012522,-1.1156348,-0.8921478,-0.7881652,-0.7762174,-0.7721478,-0.6178174,-0.6074348,-0.6652696,-0.7860783,-1.1492609,-1.3102957,-1.4333478,-1.8822522,-1.9083652,-1.8916696,-1.9553739,-2.1566609,-2.1664174,-1.9068261,-1.7338435,-1.8402,-1.7472783,-1.3546696,-1.485913,-1.5744783,-1.6133739,-1.4334522,-1.7560696,-1.7820522,-1.4700783,-1.3748087,-1.1920174,-1.151087,-1.2467217,-1.4257043,-1.4668174,-1.5457304,-1.1841652,-0.8720609,-1.0447043,-1.0041652,-1.4014957,-1.4643391,-1.3051304,-1.4987739,-1.2708783,-1.1117739,-1.6494261,-1.9524,-1.6758261,-1.5389478,-1.5689739,-1.6784609,-1.5589826,-1.4596435,-1.527287,-1.7359826,-1.6693304,-2.3709391,-2.9852609,-2.6913652,-2.301,-2.2542783,-1.844087,-2.4643304,-2.6262783,-3.2644174,-3.7946609,-3.8878696,-3.5507478,-3.3352435,-2.8562609,-2.7274696,-2.5481217,-2.5555304,-2.3994783,-2.3916783,-2.5000174,-2.3876609
2504,B278,-0.9924591,-0.9421357,-0.9444591,-0.819673,-0.9023722,-0.8095722,-0.5741217,-0.5363896,-0.6268383,-0.7311861,-0.7909843,-0.6773983,-0.6599791,-0.7477983,-0.6688974,-0.6352278,-0.6406678,-0.5950052,-0.4758122,-0.4203548,-0.4139826,-0.4118122,-0.3295026,-0.3239652,-0.3548104,-0.4192417,-0.6129391,-0.6988243,-0.7644522,-1.0038678,-1.0177948,-1.0088904,-1.0428661,-1.1502191,-1.1554226,-1.0169739,-0.9247165,-0.98144,-0.9318817,-0.7224904,-0.792487,-0.8397217,-0.8604661,-0.7645078,-0.9365704,-0.9504278,-0.7840417,-0.7332313,-0.6357426,-0.613913,-0.6649183,-0.7603757,-0.7823026,-0.8243896,-0.6315548,-0.4650991,-0.5571757,-0.5355548,-0.7474643,-0.7809809,-0.6960696,-0.7993461,-0.6778017,-0.5929461,-0.8796939,-1.04128,-0.8937739,-0.8207722,-0.8367861,-0.8951791,-0.8314574,-0.7784765,-0.814553,-0.9258574,-0.8903096,-1.2645009,-1.5921391,-1.4353948,-1.2272,-1.2022817,-0.983513,-1.3143096,-1.4006817,-1.7410226,-2.0238191,-2.0735304,-1.8937322,-1.7787965,-1.5233391,-1.4546504,-1.3589983,-1.3629496,-1.2797217,-1.2755617,-1.3333426,-1.2734191
2507,B279,-0.9924591,-0.9421357,-0.9444591,-0.819673,-0.9023722,-0.8095722,-0.5741217,-0.5363896,-0.6268383,-0.7311861,-0.7909843,-0.6773983,-0.6599791,-0.7477983,-0.6688974,-0.6352278,-0.6406678,-0.5950052,-0.4758122,-0.4203548,-0.4139826,-0.4118122,-0.3295026,-0.3239652,-0.3548104,-0.4192417,-0.6129391,-0.6988243,-0.7644522,-1.0038678,-1.0177948,-1.0088904,-1.0428661,-1.1502191,-1.1554226,-1.0169739,-0.9247165,-0.98144,-0.9318817,-0.7224904,-0.792487,-0.8397217,-0.8604661,-0.7645078,-0.9365704,-0.9504278,-0.7840417,-0.7332313,-0.6357426,-0.613913,-0.6649183,-0.7603757,-0.7823026,-0.8243896,-0.6315548,-0.4650991,-0.5571757,-0.5355548,-0.7474643,-0.7809809,-0.6960696,-0.7993461,-0.6778017,-0.5929461,-0.8796939,-1.04128,-0.8937739,-0.8207722,-0.8367861,-0.8951791,-0.8314574,-0.7784765,-0.814553,-0.9258574,-0.8903096,-1.2645009,-1.5921391,-1.4353948,-1.2272,-1.2022817,-0.983513,-1.3143096,-1.4006817,-1.7410226,-2.0238191,-2.0735304,-1.8937322,-1.7787965,-1.5233391,-1.4546504,-1.3589983,-1.3629496,-1.2797217,-1.2755617,-1.3333426,-1.2734191
2510,B280,-0.7443443,-0.7066017,-0.7083443,-0.6147548,-0.6767791,-0.6071791,-0.4305913,-0.4022922,-0.4701287,-0.5483896,-0.5932383,-0.5080487,-0.4949843,-0.5608487,-0.501673,-0.4764209,-0.4805009,-0.4462539,-0.3568591,-0.3152661,-0.310487,-0.3088591,-0.247127,-0.2429739,-0.2661078,-0.3144313,-0.4597043,-0.5241183,-0.5733391,-0.7529009,-0.7633461,-0.7566678,-0.7821496,-0.8626643,-0.866567,-0.7627304,-0.6935374,-0.73608,-0.6989113,-0.5418678,-0.5943652,-0.6297913,-0.6453496,-0.5733809,-0.7024278,-0.7128209,-0.5880313,-0.5499235,-0.476807,-0.4604348,-0.4986887,-0.5702817,-0.586727,-0.6182922,-0.4736661,-0.3488243,-0.4178817,-0.4016661,-0.5605983,-0.5857357,-0.5220522,-0.5995096,-0.5083513,-0.4447096,-0.6597704,-0.78096,-0.6703304,-0.6155791,-0.6275896,-0.6713843,-0.623593,-0.5838574,-0.6109148,-0.694393,-0.6677322,-0.9483757,-1.1941043,-1.0765461,-0.9204,-0.9017113,-0.7376348,-0.9857322,-1.0505113,-1.305767,-1.5178643,-1.5551478,-1.4202991,-1.3340974,-1.1425043,-1.0909878,-1.0192487,-1.0222122,-0.9597913,-0.9566713,-1.000007,-0.9550643
2512,B281,-1.2405739,-1.1776696,-1.1805739,-1.0245913,-1.1279652,-1.0119652,-0.7176522,-0.670487,-0.7835478,-0.9139826,-0.9887304,-0.8467478,-0.8249739,-0.9347478,-0.8361217,-0.7940348,-0.8008348,-0.7437565,-0.5947652,-0.5254435,-0.5174783,-0.5147652,-0.4118783,-0.4049565,-0.443513,-0.5240522,-0.7661739,-0.8735304,-0.9555652,-1.2548348,-1.2722435,-1.261113,-1.3035826,-1.4377739,-1.4442783,-1.2712174,-1.1558957,-1.2268,-1.1648522,-0.903113,-0.9906087,-1.0496522,-1.0755826,-0.9556348,-1.170713,-1.1880348,-0.9800522,-0.9165391,-0.7946783,-0.7673913,-0.8311478,-0.9504696,-0.9778783,-1.030487,-0.7894435,-0.5813739,-0.6964696,-0.6694435,-0.9343304,-0.9762261,-0.870087,-0.9991826,-0.8472522,-0.7411826,-1.0996174,-1.3016,-1.1172174,-1.0259652,-1.0459826,-1.1189739,-1.0393217,-0.9730957,-1.0181913,-1.1573217,-1.112887,-1.5806261,-1.9901739,-1.7942435,-1.534,-1.5028522,-1.2293913,-1.642887,-1.7508522,-2.1762783,-2.5297739,-2.591913,-2.3671652,-2.2234957,-1.9041739,-1.818313,-1.6987478,-1.703687,-1.5996522,-1.5944522,-1.6666783,-1.5917739
2515,B282,-0.8684017,-0.8243687,-0.8264017,-0.7172139,-0.7895757,-0.7083757,-0.5023565,-0.4693409,-0.5484835,-0.6397878,-0.6921113,-0.5927235,-0.5774817,-0.6543235,-0.5852852,-0.5558243,-0.5605843,-0.5206296,-0.4163357,-0.3678104,-0.3622348,-0.3603357,-0.2883148,-0.2834696,-0.3104591,-0.3668365,-0.5363217,-0.6114713,-0.6688957,-0.8783843,-0.8905704,-0.8827791,-0.9125078,-1.0064417,-1.0109948,-0.8898522,-0.809127,-0.85876,-0.8153965,-0.6321791,-0.6934261,-0.7347565,-0.7529078,-0.6689443,-0.8194991,-0.8316243,-0.6860365,-0.6415774,-0.5562748,-0.5371739,-0.5818035,-0.6653287,-0.6845148,-0.7213409,-0.5526104,-0.4069617,-0.4875287,-0.4686104,-0.6540313,-0.6833583,-0.6090609,-0.6994278,-0.5930765,-0.5188278,-0.7697322,-0.91112,-0.7820522,-0.7181757,-0.7321878,-0.7832817,-0.7275252,-0.681167,-0.7127339,-0.8101252,-0.7790209,-1.1064383,-1.3931217,-1.2559704,-1.0738,-1.0519965,-0.8605739,-1.1500209,-1.2255965,-1.5233948,-1.7708417,-1.8143391,-1.6570157,-1.556447,-1.3329217,-1.2728191,-1.1891235,-1.1925809,-1.1197565,-1.1161165,-1.1666748,-1.1142417
2517,B283,0,0,0,0,0,0,0,0,0,0,0,0,0,0,0,0,0,0,0,0,0,0,0,0,0,0,0,-0.1015579,-0.5922947,-0.7868842,-0.8967789,-1.1252842,-1.1338105,-2.3689895,-2.8934526,-1.2944842,-2.8851158,-5.0002105,-4.4755579,-4.2641053,-2.4874105,-2.3096842,-5.3217474,-5.9477684,-7.2083368,-8.3844,-8.3252842,-7.6990737,-8.7567158,-9.0697263,-7.0222737,-5.7700421,-7.9698316,-6.4216421,-7.1746105,-9.1373684,-8.3675368,-11.6247789,-3.4095789,-9.4420421,-4.518,-2.7327789,-2.2928211,-2.3013474,-1.1760632,-1.5481895,-1.6497474,-1.4976,-1.3030105,-1.2351789,-0.5498526,-1.0068632,-0.6853263,-0.2031158,0,0,0,0,0,0,0,0,0,0,0,0,0,0,0,0,0,0,0,0,0,0
2520,B284,-0.620287,-0.5888348,-0.590287,-0.5122957,-0.5639826,-0.5059826,-0.3588261,-0.3352435,-0.3917739,-0.4569913,-0.4943652,-0.4233739,-0.412487,-0.4673739,-0.4180609,-0.3970174,-0.4004174,-0.3718783,-0.2973826,-0.2627217,-0.2587391,-0.2573826,-0.2059391,-0.2024783,-0.2217565,-0.2620261,-0.383087,-0.4367652,-0.4777826,-0.6274174,-0.6361217,-0.6305565,-0.6517913,-0.718887,-0.7221391,-0.6356087,-0.5779478,-0.6134,-0.5824261,-0.4515565,-0.4953043,-0.5248261,-0.5377913,-0.4778174,-0.5853565,-0.5940174,-0.4900261,-0.4582696,-0.3973391,-0.3836957,-0.4155739,-0.4752348,-0.4889391,-0.5152435,-0.3947217,-0.290687,-0.3482348,-0.3347217,-0.4671652,-0.488113,-0.4350435,-0.4995913,-0.4236261,-0.3705913,-0.5498087,-0.6508,-0.5586087,-0.5129826,-0.5229913,-0.559487,-0.5196609,-0.4865478,-0.5090957,-0.5786609,-0.5564435,-0.790313,-0.995087,-0.8971217,-0.767,-0.7514261,-0.6146957,-0.8214435,-0.8754261,-1.0881391,-1.264887,-1.2959565,-1.1835826,-1.1117478,-0.952087,-0.9091565,-0.8493739,-0.8518435,-0.7998261,-0.7972261,-0.8333391,-0.795887
2521,B285,-0.620287,-0.5888348,-0.590287,-0.5122957,-0.5639826,-0.5059826,-0.3588261,-0.3352435,-0.3917739,-0.4569913,-0.4943652,-0.4233739,-0.412487,-0.4673739,-0.4180609,-0.3970174,-0.4004174,-0.3718783,-0.2973826,-0.2627217,-0.2587391,-0.2573826,-0.2059391,-0.2024783,-0.2217565,-0.2620261,-0.383087,-0.4367652,-0.4777826,-0.6274174,-0.6361217,-0.6305565,-0.6517913,-0.718887,-0.7221391,-0.6356087,-0.5779478,-0.6134,-0.5824261,-0.4515565,-0.4953043,-0.5248261,-0.5377913,-0.4778174,-0.5853565,-0.5940174,-0.4900261,-0.4582696,-0.3973391,-0.3836957,-0.4155739,-0.4752348,-0.4889391,-0.5152435,-0.3947217,-0.290687,-0.3482348,-0.3347217,-0.4671652,-0.488113,-0.4350435,-0.4995913,-0.4236261,-0.3705913,-0.5498087,-0.6508,-0.5586087,-0.5129826,-0.5229913,-0.559487,-0.5196609,-0.4865478,-0.5090957,-0.5786609,-0.5564435,-0.790313,-0.995087,-0.8971217,-0.767,-0.7514261,-0.6146957,-0.8214435,-0.8754261,-1.0881391,-1.264887,-1.2959565,-1.1835826,-1.1117478,-0.952087,-0.9091565,-0.8493739,-0.8518435,-0.7998261,-0.7972261,-0.8333391,-0.795887
2524,B286,-1.3646313,-1.2954365,-1.2986313,-1.1270504,-1.2407617,-1.1131617,-0.7894174,-0.7375357,-0.8619026,-1.0053809,-1.0876035,-0.9314226,-0.9074713,-1.0282226,-0.9197339,-0.8734383,-0.8809183,-0.8181322,-0.6542417,-0.5779878,-0.5692261,-0.5662417,-0.4530661,-0.4454522,-0.4878643,-0.5764574,-0.8427913,-0.9608835,-1.0511217,-1.3803183,-1.3994678,-1.3872243,-1.4339409,-1.5815513,-1.5887061,-1.3983391,-1.2714852,-1.34948,-1.2813374,-0.9934243,-1.0896696,-1.1546174,-1.1831409,-1.0511983,-1.2877843,-1.3068383,-1.0780574,-1.008193,-0.8741461,-0.8441304,-0.9142626,-1.0455165,-1.0756661,-1.1335357,-0.8683878,-0.6395113,-0.7661165,-0.7363878,-1.0277635,-1.0738487,-0.9570957,-1.0991009,-0.9319774,-0.8153009,-1.2095791,-1.43176,-1.2289391,-1.1285617,-1.1505809,-1.2308713,-1.1432539,-1.0704052,-1.1200104,-1.2730539,-1.2241757,-1.7386887,-2.1891913,-1.9736678,-1.6874,-1.6531374,-1.3523304,-1.8071757,-1.9259374,-2.3939061,-2.7827513,-2.8511043,-2.6038817,-2.4458452,-2.0945913,-2.0001443,-1.8686226,-1.8740557,-1.7596174,-1.7538974,-1.8333461,-1.7509513
2525,B287,-0.620287,-0.5888348,-0.590287,-0.5122957,-0.5639826,-0.5059826,-0.3588261,-0.3352435,-0.3917739,-0.4569913,-0.4943652,-0.4233739,-0.412487,-0.4673739,-0.4180609,-0.3970174,-0.4004174,-0.3718783,-0.2973826,-0.2627217,-0.2587391,-0.2573826,-0.2059391,-0.2024783,-0.2217565,-0.2620261,-0.383087,-0.4367652,-0.4777826,-0.6274174,-0.6361217,-0.6305565,-0.6517913,-0.718887,-0.7221391,-0.6356087,-0.5779478,-0.6134,-0.5824261,-0.4515565,-0.4953043,-0.5248261,-0.5377913,-0.4778174,-0.5853565,-0.5940174,-0.4900261,-0.4582696,-0.3973391,-0.3836957,-0.4155739,-0.4752348,-0.4889391,-0.5152435,-0.3947217,-0.290687,-0.3482348,-0.3347217,-0.4671652,-0.488113,-0.4350435,-0.4995913,-0.4236261,-0.3705913,-0.5498087,-0.6508,-0.5586087,-0.5129826,-0.5229913,-0.559487,-0.5196609,-0.4865478,-0.5090957,-0.5786609,-0.5564435,-0.790313,-0.995087,-0.8971217,-0.767,-0.7514261,-0.6146957,-0.8214435,-0.8754261,-1.0881391,-1.264887,-1.2959565,-1.1835826,-1.1117478,-0.952087,-0.9091565,-0.8493739,-0.8518435,-0.7998261,-0.7972261,-0.8333391,-0.795887
2528,B288,-0.620287,-0.5888348,-0.590287,-0.5122957,-0.5639826,-0.5059826,-0.3588261,-0.3352435,-0.3917739,-0.4569913,-0.4943652,-0.4233739,-0.412487,-0.4673739,-0.4180609,-0.3970174,-0.4004174,-0.3718783,-0.2973826,-0.2627217,-0.2587391,-0.2573826,-0.2059391,-0.2024783,-0.2217565,-0.2620261,-0.383087,-0.4367652,-0.4777826,-0.6274174,-0.6361217,-0.6305565,-0.6517913,-0.718887,-0.7221391,-0.6356087,-0.5779478,-0.6134,-0.5824261,-0.4515565,-0.4953043,-0.5248261,-0.5377913,-0.4778174,-0.5853565,-0.5940174,-0.4900261,-0.4582696,-0.3973391,-0.3836957,-0.4155739,-0.4752348,-0.4889391,-0.5152435,-0.3947217,-0.290687,-0.3482348,-0.3347217,-0.4671652,-0.488113,-0.4350435,-0.4995913,-0.4236261,-0.3705913,-0.5498087,-0.6508,-0.5586087,-0.5129826,-0.5229913,-0.559487,-0.5196609,-0.4865478,-0.5090957,-0.5786609,-0.5564435,-0.790313,-0.995087,-0.8971217,-0.767,-0.7514261,-0.6146957,-0.8214435,-0.8754261,-1.0881391,-1.264887,-1.2959565,-1.1835826,-1.1117478,-0.952087,-0.9091565,-0.8493739,-0.8518435,-0.7998261,-0.7972261,-0.8333391,-0.795887
2531,B289,0,0,0,0,0,0,0,0,0,0,0,0,0,0,0,0,0,0,0,0,0,0,0,0,0,0,0,-0.0338526,-0.1974316,-0.2622947,-0.2989263,-0.3750947,-0.3779368,-0.7896632,-0.9644842,-0.4314947,-0.9617053,-1.6667368,-1.4918526,-1.4213684,-0.8291368,-0.7698947,-1.7739158,-1.9825895,-2.4027789,-2.7948,-2.7750947,-2.5663579,-2.9189053,-3.0232421,-2.3407579,-1.9233474,-2.6566105,-2.1405474,-2.3915368,-3.0457895,-2.7891789,-3.8749263,-1.1365263,-3.1473474,-1.506,-0.9109263,-0.7642737,-0.7671158,-0.3920211,-0.5160632,-0.5499158,-0.4992,-0.4343368,-0.4117263,-0.1832842,-0.3356211,-0.2284421,-0.0677053,0,0,0,0,0,0,0,0,0,0,0,0,0,0,0,0,0,0,0,0,0,0
2534,B290,0,0,0,0,0,0,0,0,0,0,0,0,0,0,0,0,0,0,0,0,0,0,0,0,0,0,0,-0.0338526,-0.1974316,-0.2622947,-0.2989263,-0.3750947,-0.3779368,-0.7896632,-0.9644842,-0.4314947,-0.9617053,-1.6667368,-1.4918526,-1.4213684,-0.8291368,-0.7698947,-1.7739158,-1.9825895,-2.4027789,-2.7948,-2.7750947,-2.5663579,-2.9189053,-3.0232421,-2.3407579,-1.9233474,-2.6566105,-2.1405474,-2.3915368,-3.0457895,-2.7891789,-3.8749263,-1.1365263,-3.1473474,-1.506,-0.9109263,-0.7642737,-0.7671158,-0.3920211,-0.5160632,-0.5499158,-0.4992,-0.4343368,-0.4117263,-0.1832842,-0.3356211,-0.2284421,-0.0677053,0,0,0,0,0,0,0,0,0,0,0,0,0,0,0,0,0,0,0,0,0,0
2537,B291,0,0,0,0,0,0,0,0,0,0,0,0,0,0,0,0,0,0,0,0,0,0,0,0,0,0,0,-0.0225684,-0.1316211,-0.1748632,-0.1992842,-0.2500632,-0.2519579,-0.5264421,-0.6429895,-0.2876632,-0.6411368,-1.1111579,-0.9945684,-0.9475789,-0.5527579,-0.5132632,-1.1826105,-1.3217263,-1.6018526,-1.8632,-1.8500632,-1.7109053,-1.9459368,-2.0154947,-1.5605053,-1.2822316,-1.7710737,-1.4270316,-1.5943579,-2.0305263,-1.8594526,-2.5832842,-0.7576842,-2.0982316,-1.004,-0.6072842,-0.5095158,-0.5114105,-0.2613474,-0.3440421,-0.3666105,-0.3328,-0.2895579,-0.2744842,-0.1221895,-0.2237474,-0.1522947,-0.0451368,0,0,0,0,0,0,0,0,0,0,0,0,0,0,0,0,0,0,0,0,0,0
2538,B292,0,0,0,0,0,0,0,0,0,0,0,0,0,0,0,0,0,0,0,0,0,0,0,0,0,0,0,-0.0338526,-0.1974316,-0.2622947,-0.2989263,-0.3750947,-0.3779368,-0.7896632,-0.9644842,-0.4314947,-0.9617053,-1.6667368,-1.4918526,-1.4213684,-0.8291368,-0.7698947,-1.7739158,-1.9825895,-2.4027789,-2.7948,-2.7750947,-2.5663579,-2.9189053,-3.0232421,-2.3407579,-1.9233474,-2.6566105,-2.1405474,-2.3915368,-3.0457895,-2.7891789,-3.8749263,-1.1365263,-3.1473474,-1.506,-0.9109263,-0.7642737,-0.7671158,-0.3920211,-0.5160632,-0.5499158,-0.4992,-0.4343368,-0.4117263,-0.1832842,-0.3356211,-0.2284421,-0.0677053,0,0,0,0,0,0,0,0,0,0,0,0,0,0,0,0,0,0,0,0,0,0
2541,B293,0,0,0,0,0,0,0,0,0,0,0,0,0,0,0,0,0,0,0,0,0,0,0,0,0,0,0,-0.0225684,-0.1316211,-0.1748632,-0.1992842,-0.2500632,-0.2519579,-0.5264421,-0.6429895,-0.2876632,-0.6411368,-1.1111579,-0.9945684,-0.9475789,-0.5527579,-0.5132632,-1.1826105,-1.3217263,-1.6018526,-1.8632,-1.8500632,-1.7109053,-1.9459368,-2.0154947,-1.5605053,-1.2822316,-1.7710737,-1.4270316,-1.5943579,-2.0305263,-1.8594526,-2.5832842,-0.7576842,-2.0982316,-1.004,-0.6072842,-0.5095158,-0.5114105,-0.2613474,-0.3440421,-0.3666105,-0.3328,-0.2895579,-0.2744842,-0.1221895,-0.2237474,-0.1522947,-0.0451368,0,0,0,0,0,0,0,0,0,0,0,0,0,0,0,0,0,0,0,0,0,0
2542,B294,0,0,0,0,0,0,0,0,0,0,0,0,0,0,0,0,0,0,0,0,0,0,0,0,0,0,0,-0.0338526,-0.1974316,-0.2622947,-0.2989263,-0.3750947,-0.3779368,-0.7896632,-0.9644842,-0.4314947,-0.9617053,-1.6667368,-1.4918526,-1.4213684,-0.8291368,-0.7698947,-1.7739158,-1.9825895,-2.4027789,-2.7948,-2.7750947,-2.5663579,-2.9189053,-3.0232421,-2.3407579,-1.9233474,-2.6566105,-2.1405474,-2.3915368,-3.0457895,-2.7891789,-3.8749263,-1.1365263,-3.1473474,-1.506,-0.9109263,-0.7642737,-0.7671158,-0.3920211,-0.5160632,-0.5499158,-0.4992,-0.4343368,-0.4117263,-0.1832842,-0.3356211,-0.2284421,-0.0677053,0,0,0,0,0,0,0,0,0,0,0,0,0,0,0,0,0,0,0,0,0,0
2545,B295,0,0,0,0,0,0,0,0,0,0,0,0,0,0,0,0,0,0,0,0,0,0,0,0,0,0,0,-0.0225684,-0.1316211,-0.1748632,-0.1992842,-0.2500632,-0.2519579,-0.5264421,-0.6429895,-0.2876632,-0.6411368,-1.1111579,-0.9945684,-0.9475789,-0.5527579,-0.5132632,-1.1826105,-1.3217263,-1.6018526,-1.8632,-1.8500632,-1.7109053,-1.9459368,-2.0154947,-1.5605053,-1.2822316,-1.7710737,-1.4270316,-1.5943579,-2.0305263,-1.8594526,-2.5832842,-0.7576842,-2.0982316,-1.004,-0.6072842,-0.5095158,-0.5114105,-0.2613474,-0.3440421,-0.3666105,-0.3328,-0.2895579,-0.2744842,-0.1221895,-0.2237474,-0.1522947,-0.0451368,0,0,0,0,0,0,0,0,0,0,0,0,0,0,0,0,0,0,0,0,0,0
2546,B296,-1.2405739,-1.1776696,-1.1805739,-1.0245913,-1.1279652,-1.0119652,-0.7176522,-0.670487,-0.7835478,-0.9139826,-0.9887304,-0.8467478,-0.8249739,-0.9347478,-0.8361217,-0.7940348,-0.8008348,-0.7437565,-0.5947652,-0.5254435,-0.5174783,-0.5147652,-0.4118783,-0.4049565,-0.443513,-0.5240522,-0.7661739,-0.8735304,-0.9555652,-1.2548348,-1.2722435,-1.261113,-1.3035826,-1.4377739,-1.4442783,-1.2712174,-1.1558957,-1.2268,-1.1648522,-0.903113,-0.9906087,-1.0496522,-1.0755826,-0.9556348,-1.170713,-1.1880348,-0.9800522,-0.9165391,-0.7946783,-0.7673913,-0.8311478,-0.9504696,-0.9778783,-1.030487,-0.7894435,-0.5813739,-0.6964696,-0.6694435,-0.9343304,-0.9762261,-0.870087,-0.9991826,-0.8472522,-0.7411826,-1.0996174,-1.3016,-1.1172174,-1.0259652,-1.0459826,-1.1189739,-1.0393217,-0.9730957,-1.0181913,-1.1573217,-1.112887,-1.5806261,-1.9901739,-1.7942435,-1.534,-1.5028522,-1.2293913,-1.642887,-1.7508522,-2.1762783,-2.5297739,-2.591913,-2.3671652,-2.2234957,-1.9041739,-1.818313,-1.6987478,-1.703687,-1.5996522,-1.5944522,-1.6666783,-1.5917739
2549,B297,-1.141328,-1.083456,-1.086128,-0.942624,-1.037728,-0.931008,-0.66024,-0.616848,-0.720864,-0.840864,-0.909632,-0.779008,-0.758976,-0.859968,-0.769232,-0.730512,-0.736768,-0.684256,-0.547184,-0.483408,-0.47608,-0.473584,-0.378928,-0.37256,-0.408032,-0.482128,-0.70488,-0.803648,-0.87912,-1.154448,-1.170464,-1.160224,-1.199296,-1.322752,-1.328736,-1.16952,-1.063424,-1.128656,-1.071664,-0.830864,-0.91136,-0.96568,-0.989536,-0.879184,-1.077056,-1.092992,-0.901648,-0.843216,-0.731104,-0.706,-0.764656,-0.874432,-0.899648,-0.948048,-0.726288,-0.534864,-0.640752,-0.615888,-0.859584,-0.898128,-0.80048,-0.919248,-0.779472,-0.681888,-1.011648,-1.197472,-1.02784,-0.943888,-0.962304,-1.029456,-0.956176,-0.895248,-0.936736,-1.064736,-1.023856,-1.454176,-1.83096,-1.650704,-1.41128,-1.382624,-1.13104,-1.511456,-1.610784,-2.002176,-2.327392,-2.38456,-2.177792,-2.045616,-1.75184,-1.672848,-1.562848,-1.567392,-1.47168,-1.466896,-1.533344,-1.464432
2552,B298,-0.620287,-0.5888348,-0.590287,-0.5122957,-0.5639826,-0.5059826,-0.3588261,-0.3352435,-0.3917739,-0.4569913,-0.4943652,-0.4233739,-0.412487,-0.4673739,-0.4180609,-0.3970174,-0.4004174,-0.3718783,-0.2973826,-0.2627217,-0.2587391,-0.2573826,-0.2059391,-0.2024783,-0.2217565,-0.2620261,-0.383087,-0.4367652,-0.4777826,-0.6274174,-0.6361217,-0.6305565,-0.6517913,-0.718887,-0.7221391,-0.6356087,-0.5779478,-0.6134,-0.5824261,-0.4515565,-0.4953043,-0.5248261,-0.5377913,-0.4778174,-0.5853565,-0.5940174,-0.4900261,-0.4582696,-0.3973391,-0.3836957,-0.4155739,-0.4752348,-0.4889391,-0.5152435,-0.3947217,-0.290687,-0.3482348,-0.3347217,-0.4671652,-0.488113,-0.4350435,-0.4995913,-0.4236261,-0.3705913,-0.5498087,-0.6508,-0.5586087,-0.5129826,-0.5229913,-0.559487,-0.5196609,-0.4865478,-0.5090957,-0.5786609,-0.5564435,-0.790313,-0.995087,-0.8971217,-0.767,-0.7514261,-0.6146957,-0.8214435,-0.8754261,-1.0881391,-1.264887,-1.2959565,-1.1835826,-1.1117478,-0.952087,-0.9091565,-0.8493739,-0.8518435,-0.7998261,-0.7972261,-0.8333391,-0.795887
2555,B299,-0.620287,-0.5888348,-0.590287,-0.5122957,-0.5639826,-0.5059826,-0.3588261,-0.3352435,-0.3917739,-0.4569913,-0.4943652,-0.4233739,-0.412487,-0.4673739,-0.4180609,-0.3970174,-0.4004174,-0.3718783,-0.2973826,-0.2627217,-0.2587391,-0.2573826,-0.2059391,-0.2024783,-0.2217565,-0.2620261,-0.383087,-0.4367652,-0.4777826,-0.6274174,-0.6361217,-0.6305565,-0.6517913,-0.718887,-0.7221391,-0.6356087,-0.5779478,-0.6134,-0.5824261,-0.4515565,-0.4953043,-0.5248261,-0.5377913,-0.4778174,-0.5853565,-0.5940174,-0.4900261,-0.4582696,-0.3973391,-0.3836957,-0.4155739,-0.4752348,-0.4889391,-0.5152435,-0.3947217,-0.290687,-0.3482348,-0.3347217,-0.4671652,-0.488113,-0.4350435,-0.4995913,-0.4236261,-0.3705913,-0.5498087,-0.6508,-0.5586087,-0.5129826,-0.5229913,-0.559487,-0.5196609,-0.4865478,-0.5090957,-0.5786609,-0.5564435,-0.790313,-0.995087,-0.8971217,-0.767,-0.7514261,-0.6146957,-0.8214435,-0.8754261,-1.0881391,-1.264887,-1.2959565,-1.1835826,-1.1117478,-0.952087,-0.9091565,-0.8493739,-0.8518435,-0.7998261,-0.7972261,-0.8333391,-0.795887
2558,B300,-0.620287,-0.5888348,-0.590287,-0.5122957,-0.5639826,-0.5059826,-0.3588261,-0.3352435,-0.3917739,-0.4569913,-0.4943652,-0.4233739,-0.412487,-0.4673739,-0.4180609,-0.3970174,-0.4004174,-0.3718783,-0.2973826,-0.2627217,-0.2587391,-0.2573826,-0.2059391,-0.2024783,-0.2217565,-0.2620261,-0.383087,-0.4367652,-0.4777826,-0.6274174,-0.6361217,-0.6305565,-0.6517913,-0.718887,-0.7221391,-0.6356087,-0.5779478,-0.6134,-0.5824261,-0.4515565,-0.4953043,-0.5248261,-0.5377913,-0.4778174,-0.5853565,-0.5940174,-0.4900261,-0.4582696,-0.3973391,-0.3836957,-0.4155739,-0.4752348,-0.4889391,-0.5152435,-0.3947217,-0.290687,-0.3482348,-0.3347217,-0.4671652,-0.488113,-0.4350435,-0.4995913,-0.4236261,-0.3705913,-0.5498087,-0.6508,-0.5586087,-0.5129826,-0.5229913,-0.559487,-0.5196609,-0.4865478,-0.5090957,-0.5786609,-0.5564435,-0.790313,-0.995087,-0.8971217,-0.767,-0.7514261,-0.6146957,-0.8214435,-0.8754261,-1.0881391,-1.264887,-1.2959565,-1.1835826,-1.1117478,-0.952087,-0.9091565,-0.8493739,-0.8518435,-0.7998261,-0.7972261,-0.8333391,-0.795887
2561,B301,0,0,0,0,0,0,0,0,0,0,0,0,0,0,0,0,0,0,0,0,0,0,0,0,0,0,0,-0.0180547,-0.1052968,-0.1398905,-0.1594274,-0.2000505,-0.2015663,-0.4211537,-0.5143916,-0.2301305,-0.5129095,-0.8889263,-0.7956547,-0.7580632,-0.4422063,-0.4106105,-0.9460884,-1.0573811,-1.2814821,-1.49056,-1.4800505,-1.3687242,-1.5567495,-1.6123958,-1.2484042,-1.0257853,-1.4168589,-1.1416253,-1.2754863,-1.6244211,-1.4875621,-2.0666274,-0.6061474,-1.6785853,-0.8032,-0.4858274,-0.4076126,-0.4091284,-0.2090779,-0.2752337,-0.2932884,-0.26624,-0.2316463,-0.2195874,-0.0977516,-0.1789979,-0.1218358,-0.0361095,0,0,0,0,0,0,0,0,0,0,0,0,0,0,0,0,0,0,0,0,0,0
2562,B302,0,0,0,0,0,0,0,0,0,0,0,0,0,0,0,0,0,0,0,0,0,0,0,0,0,0,0,-0.0225684,-0.1316211,-0.1748632,-0.1992842,-0.2500632,-0.2519579,-0.5264421,-0.6429895,-0.2876632,-0.6411368,-1.1111579,-0.9945684,-0.9475789,-0.5527579,-0.5132632,-1.1826105,-1.3217263,-1.6018526,-1.8632,-1.8500632,-1.7109053,-1.9459368,-2.0154947,-1.5605053,-1.2822316,-1.7710737,-1.4270316,-1.5943579,-2.0305263,-1.8594526,-2.5832842,-0.7576842,-2.0982316,-1.004,-0.6072842,-0.5095158,-0.5114105,-0.2613474,-0.3440421,-0.3666105,-0.3328,-0.2895579,-0.2744842,-0.1221895,-0.2237474,-0.1522947,-0.0451368,0,0,0,0,0,0,0,0,0,0,0,0,0,0,0,0,0,0,0,0,0,0
2565,B303,0,0,0,0,0,0,0,0,0,0,0,0,0,0,0,0,0,0,0,0,0,0,0,0,0,0,0,-0.0225684,-0.1316211,-0.1748632,-0.1992842,-0.2500632,-0.2519579,-0.5264421,-0.6429895,-0.2876632,-0.6411368,-1.1111579,-0.9945684,-0.9475789,-0.5527579,-0.5132632,-1.1826105,-1.3217263,-1.6018526,-1.8632,-1.8500632,-1.7109053,-1.9459368,-2.0154947,-1.5605053,-1.2822316,-1.7710737,-1.4270316,-1.5943579,-2.0305263,-1.8594526,-2.5832842,-0.7576842,-2.0982316,-1.004,-0.6072842,-0.5095158,-0.5114105,-0.2613474,-0.3440421,-0.3666105,-0.3328,-0.2895579,-0.2744842,-0.1221895,-0.2237474,-0.1522947,-0.0451368,0,0,0,0,0,0,0,0,0,0,0,0,0,0,0,0,0,0,0,0,0,0
2568,B304,0,0,0,0,0,0,0,0,0,0,0,0,0,0,0,0,0,0,0,0,0,0,0,0,0,0,0,-0.0162493,-0.0947672,-0.1259015,-0.1434846,-0.1800455,-0.1814097,-0.3790383,-0.4629524,-0.2071175,-0.4616185,-0.8000337,-0.7160893,-0.6822568,-0.3979857,-0.3695495,-0.8514796,-0.9516429,-1.1533339,-1.341504,-1.3320455,-1.2318518,-1.4010745,-1.4511562,-1.1235638,-0.9232067,-1.2751731,-1.0274627,-1.1479377,-1.4619789,-1.3388059,-1.8599646,-0.5455326,-1.5107267,-0.72288,-0.4372446,-0.3668514,-0.3682156,-0.1881701,-0.2477103,-0.2639596,-0.239616,-0.2084817,-0.1976286,-0.0879764,-0.1610981,-0.1096522,-0.0324985,0,0,0,0,0,0,0,0,0,0,0,0,0,0,0,0,0,0,0,0,0,0
2571,B305,0,0,0,0,0,0,0,0,0,0,0,0,0,0,0,0,0,0,0,0,0,0,0,0,0,0,0,-0.0078989,-0.0460674,-0.0612021,-0.0697495,-0.0875221,-0.0881853,-0.1842547,-0.2250463,-0.1006821,-0.2243979,-0.3889053,-0.3480989,-0.3316526,-0.1934653,-0.1796421,-0.4139137,-0.4626042,-0.5606484,-0.65212,-0.6475221,-0.5988168,-0.6810779,-0.7054232,-0.5461768,-0.4487811,-0.6198758,-0.4994611,-0.5580253,-0.7106842,-0.6508084,-0.9041495,-0.2651895,-0.7343811,-0.3514,-0.2125495,-0.1783305,-0.1789937,-0.0914716,-0.1204147,-0.1283137,-0.11648,-0.1013453,-0.0960695,-0.0427663,-0.0783116,-0.0533032,-0.0157979,0,0,0,0,0,0,0,0,0,0,0,0,0,0,0,0,0,0,0,0,0,0
2574,B306,0,0,0,0,0,0,0,0,0,0,0,0,0,0,0,0,0,0,0,0,0,0,0,0,0,0,0,-0.0069962,-0.0408025,-0.0542076,-0.0617781,-0.0775196,-0.0781069,-0.1631971,-0.1993267,-0.0891756,-0.1987524,-0.3444589,-0.3083162,-0.2937495,-0.1713549,-0.1591116,-0.3666093,-0.4097352,-0.4965743,-0.577592,-0.5735196,-0.5303806,-0.6032404,-0.6248034,-0.4837566,-0.3974918,-0.5490328,-0.4423798,-0.4942509,-0.6294632,-0.5764303,-0.8008181,-0.2348821,-0.6504518,-0.31124,-0.1882581,-0.1579499,-0.1585373,-0.0810177,-0.1066531,-0.1136493,-0.103168,-0.0897629,-0.0850901,-0.0378787,-0.0693617,-0.0472114,-0.0139924,0,0,0,0,0,0,0,0,0,0,0,0,0,0,0,0,0,0,0,0,0,0
2577,B307,0,0,0,0,0,0,0,0,0,0,0,0,0,0,0,0,0,0,0,0,0,0,0,0,0,0,0,-0.0225684,-0.1316211,-0.1748632,-0.1992842,-0.2500632,-0.2519579,-0.5264421,-0.6429895,-0.2876632,-0.6411368,-1.1111579,-0.9945684,-0.9475789,-0.5527579,-0.5132632,-1.1826105,-1.3217263,-1.6018526,-1.8632,-1.8500632,-1.7109053,-1.9459368,-2.0154947,-1.5605053,-1.2822316,-1.7710737,-1.4270316,-1.5943579,-2.0305263,-1.8594526,-2.5832842,-0.7576842,-2.0982316,-1.004,-0.6072842,-0.5095158,-0.5114105,-0.2613474,-0.3440421,-0.3666105,-0.3328,-0.2895579,-0.2744842,-0.1221895,-0.2237474,-0.1522947,-0.0451368,0,0,0,0,0,0,0,0,0,0,0,0,0,0,0,0,0,0,0,0,0,0
2580,B308,0,0,0,0,0,0,0,0,0,0,0,0,0,0,0,0,0,0,0,0,0,0,0,0,0,0,0,-0.0225684,-0.1316211,-0.1748632,-0.1992842,-0.2500632,-0.2519579,-0.5264421,-0.6429895,-0.2876632,-0.6411368,-1.1111579,-0.9945684,-0.9475789,-0.5527579,-0.5132632,-1.1826105,-1.3217263,-1.6018526,-1.8632,-1.8500632,-1.7109053,-1.9459368,-2.0154947,-1.5605053,-1.2822316,-1.7710737,-1.4270316,-1.5943579,-2.0305263,-1.8594526,-2.5832842,-0.7576842,-2.0982316,-1.004,-0.6072842,-0.5095158,-0.5114105,-0.2613474,-0.3440421,-0.3666105,-0.3328,-0.2895579,-0.2744842,-0.1221895,-0.2237474,-0.1522947,-0.0451368,0,0,0,0,0,0,0,0,0,0,0,0,0,0,0,0,0,0,0,0,0,0
2581,B309,0,0,0,0,0,0,0,0,0,0,0,0,0,0,0,0,0,0,0,0,0,0,0,0,0,0,0,-0.0225684,-0.1316211,-0.1748632,-0.1992842,-0.2500632,-0.2519579,-0.5264421,-0.6429895,-0.2876632,-0.6411368,-1.1111579,-0.9945684,-0.9475789,-0.5527579,-0.5132632,-1.1826105,-1.3217263,-1.6018526,-1.8632,-1.8500632,-1.7109053,-1.9459368,-2.0154947,-1.5605053,-1.2822316,-1.7710737,-1.4270316,-1.5943579,-2.0305263,-1.8594526,-2.5832842,-0.7576842,-2.0982316,-1.004,-0.6072842,-0.5095158,-0.5114105,-0.2613474,-0.3440421,-0.3666105,-0.3328,-0.2895579,-0.2744842,-0.1221895,-0.2237474,-0.1522947,-0.0451368,0,0,0,0,0,0,0,0,0,0,0,0,0,0,0,0,0,0,0,0,0,0
2582,B310,0,0,0,0,0,0,0,0,0,0,0,0,0,0,0,0,0,0,0,0,0,0,0,0,0,0,0,-0.0451368,-0.2632421,-0.3497263,-0.3985684,-0.5001263,-0.5039158,-1.0528842,-1.2859789,-0.5753263,-1.2822737,-2.2223158,-1.9891368,-1.8951579,-1.1055158,-1.0265263,-2.3652211,-2.6434526,-3.2037053,-3.7264,-3.7001263,-3.4218105,-3.8918737,-4.0309895,-3.1210105,-2.5644632,-3.5421474,-2.8540632,-3.1887158,-4.0610526,-3.7189053,-5.1665684,-1.5153684,-4.1964632,-2.008,-1.2145684,-1.0190316,-1.0228211,-0.5226947,-0.6880842,-0.7332211,-0.6656,-0.5791158,-0.5489684,-0.2443789,-0.4474947,-0.3045895,-0.0902737,0,0,0,0,0,0,0,0,0,0,0,0,0,0,0,0,0,0,0,0,0,0
2585,B311,0,0,0,0,0,0,0,0,0,0,0,0,0,0,0,0,0,0,0,0,0,0,0,0,0,0,0,-0.0338526,-0.1974316,-0.2622947,-0.2989263,-0.3750947,-0.3779368,-0.7896632,-0.9644842,-0.4314947,-0.9617053,-1.6667368,-1.4918526,-1.4213684,-0.8291368,-0.7698947,-1.7739158,-1.9825895,-2.4027789,-2.7948,-2.7750947,-2.5663579,-2.9189053,-3.0232421,-2.3407579,-1.9233474,-2.6566105,-2.1405474,-2.3915368,-3.0457895,-2.7891789,-3.8749263,-1.1365263,-3.1473474,-1.506,-0.9109263,-0.7642737,-0.7671158,-0.3920211,-0.5160632,-0.5499158,-0.4992,-0.4343368,-0.4117263,-0.1832842,-0.3356211,-0.2284421,-0.0677053,0,0,0,0,0,0,0,0,0,0,0,0,0,0,0,0,0,0,0,0,0,0
2586,B312,0,0,0,0,0,0,0,0,0,0,0,0,0,0,0,0,0,0,0,0,0,0,0,0,0,0,0,-0.0812463,-0.4738358,-0.6295074,-0.7174232,-0.9002274,-0.9070484,-1.8951916,-2.3147621,-1.0355874,-2.3080926,-4.0001684,-3.5804463,-3.4112842,-1.9899284,-1.8477474,-4.2573979,-4.7582147,-5.7666695,-6.70752,-6.6602274,-6.1592589,-7.0053726,-7.2557811,-5.6178189,-4.6160337,-6.3758653,-5.1373137,-5.7396884,-7.3098947,-6.6940295,-9.2998232,-2.7276632,-7.5536337,-3.6144,-2.1862232,-1.8342568,-1.8410779,-0.9408505,-1.2385516,-1.3197979,-1.19808,-1.0424084,-0.9881432,-0.4398821,-0.8054905,-0.5482611,-0.1624926,0,0,0,0,0,0,0,0,0,0,0,0,0,0,0,0,0,0,0,0,0,0
2587,B313,0,0,0,0,0,0,0,0,0,0,0,0,0,0,0,0,0,0,0,0,0,0,0,0,0,0,0,-0.0677053,-0.3948632,-0.5245895,-0.5978526,-0.7501895,-0.7558737,-1.5793263,-1.9289684,-0.8629895,-1.9234105,-3.3334737,-2.9837053,-2.8427368,-1.6582737,-1.5397895,-3.5478316,-3.9651789,-4.8055579,-5.5896,-5.5501895,-5.1327158,-5.8378105,-6.0464842,-4.6815158,-3.8466947,-5.3132211,-4.2810947,-4.7830737,-6.0915789,-5.5783579,-7.7498526,-2.2730526,-6.2946947,-3.012,-1.8218526,-1.5285474,-1.5342316,-0.7840421,-1.0321263,-1.0998316,-0.9984,-0.8686737,-0.8234526,-0.3665684,-0.6712421,-0.4568842,-0.1354105,0,0,0,0,0,0,0,0,0,0,0,0,0,0,0,0,0,0,0,0,0,0
2590,B314,-4.9622957,-4.7106783,-4.7222957,-4.0983652,-4.5118609,-4.0478609,-2.8706087,-2.6819478,-3.1341913,-3.6559304,-3.9549217,-3.3869913,-3.2998957,-3.7389913,-3.344487,-3.1761391,-3.2033391,-2.9750261,-2.3790609,-2.1017739,-2.069913,-2.0590609,-1.647513,-1.6198261,-1.7740522,-2.0962087,-3.0646957,-3.4941217,-3.8222609,-5.0193391,-5.0889739,-5.0444522,-5.2143304,-5.7510957,-5.777113,-5.0848696,-4.6235826,-4.9072,-4.6594087,-3.6124522,-3.9624348,-4.1986087,-4.3023304,-3.8225391,-4.6828522,-4.7521391,-3.9202087,-3.6661565,-3.178713,-3.0695652,-3.3245913,-3.8018783,-3.911513,-4.1219478,-3.1577739,-2.3254957,-2.7858783,-2.6777739,-3.7373217,-3.9049043,-3.4803478,-3.9967304,-3.3890087,-2.9647304,-4.3984696,-5.2064,-4.4688696,-4.1038609,-4.1839304,-4.4758957,-4.157287,-3.8923826,-4.0727652,-4.629287,-4.4515478,-6.3225043,-7.9606957,-7.1769739,-6.136,-6.0114087,-4.9175652,-6.5715478,-7.0034087,-8.705113,-10.1190957,-10.3676522,-9.4686609,-8.8939826,-7.6166957,-7.2732522,-6.7949913,-6.8147478,-6.3986087,-6.3778087,-6.666713,-6.3670957
2593,B315,-1.8608609,-1.7665043,-1.7708609,-1.536887,-1.6919478,-1.5179478,-1.0764783,-1.0057304,-1.1753217,-1.3709739,-1.4830957,-1.2701217,-1.2374609,-1.4021217,-1.2541826,-1.1910522,-1.2012522,-1.1156348,-0.8921478,-0.7881652,-0.7762174,-0.7721478,-0.6178174,-0.6074348,-0.6652696,-0.7860783,-1.1492609,-1.3102957,-1.4333478,-1.8822522,-1.9083652,-1.8916696,-1.9553739,-2.1566609,-2.1664174,-1.9068261,-1.7338435,-1.8402,-1.7472783,-1.3546696,-1.485913,-1.5744783,-1.6133739,-1.4334522,-1.7560696,-1.7820522,-1.4700783,-1.3748087,-1.1920174,-1.151087,-1.2467217,-1.4257043,-1.4668174,-1.5457304,-1.1841652,-0.8720609,-1.0447043,-1.0041652,-1.4014957,-1.4643391,-1.3051304,-1.4987739,-1.2708783,-1.1117739,-1.6494261,-1.9524,-1.6758261,-1.5389478,-1.5689739,-1.6784609,-1.5589826,-1.4596435,-1.527287,-1.7359826,-1.6693304,-2.3709391,-2.9852609,-2.6913652,-2.301,-2.2542783,-1.844087,-2.4643304,-2.6262783,-3.2644174,-3.7946609,-3.8878696,-3.5507478,-3.3352435,-2.8562609,-2.7274696,-2.5481217,-2.5555304,-2.3994783,-2.3916783,-2.5000174,-2.3876609
2596,B316,-0.620287,-0.5888348,-0.590287,-0.5122957,-0.5639826,-0.5059826,-0.3588261,-0.3352435,-0.3917739,-0.4569913,-0.4943652,-0.4233739,-0.412487,-0.4673739,-0.4180609,-0.3970174,-0.4004174,-0.3718783,-0.2973826,-0.2627217,-0.2587391,-0.2573826,-0.2059391,-0.2024783,-0.2217565,-0.2620261,-0.383087,-0.4367652,-0.4777826,-0.6274174,-0.6361217,-0.6305565,-0.6517913,-0.718887,-0.7221391,-0.6356087,-0.5779478,-0.6134,-0.5824261,-0.4515565,-0.4953043,-0.5248261,-0.5377913,-0.4778174,-0.5853565,-0.5940174,-0.4900261,-0.4582696,-0.3973391,-0.3836957,-0.4155739,-0.4752348,-0.4889391,-0.5152435,-0.3947217,-0.290687,-0.3482348,-0.3347217,-0.4671652,-0.488113,-0.4350435,-0.4995913,-0.4236261,-0.3705913,-0.5498087,-0.6508,-0.5586087,-0.5129826,-0.5229913,-0.559487,-0.5196609,-0.4865478,-0.5090957,-0.5786609,-0.5564435,-0.790313,-0.995087,-0.8971217,-0.767,-0.7514261,-0.6146957,-0.8214435,-0.8754261,-1.0881391,-1.264887,-1.2959565,-1.1835826,-1.1117478,-0.952087,-0.9091565,-0.8493739,-0.8518435,-0.7998261,-0.7972261,-0.8333391,-0.795887
2597,B317,-0.620287,-0.5888348,-0.590287,-0.5122957,-0.5639826,-0.5059826,-0.3588261,-0.3352435,-0.3917739,-0.4569913,-0.4943652,-0.4233739,-0.412487,-0.4673739,-0.4180609,-0.3970174,-0.4004174,-0.3718783,-0.2973826,-0.2627217,-0.2587391,-0.2573826,-0.2059391,-0.2024783,-0.2217565,-0.2620261,-0.383087,-0.4367652,-0.4777826,-0.6274174,-0.6361217,-0.6305565,-0.6517913,-0.718887,-0.7221391,-0.6356087,-0.5779478,-0.6134,-0.5824261,-0.4515565,-0.4953043,-0.5248261,-0.5377913,-0.4778174,-0.5853565,-0.5940174,-0.4900261,-0.4582696,-0.3973391,-0.3836957,-0.4155739,-0.4752348,-0.4889391,-0.5152435,-0.3947217,-0.290687,-0.3482348,-0.3347217,-0.4671652,-0.488113,-0.4350435,-0.4995913,-0.4236261,-0.3705913,-0.5498087,-0.6508,-0.5586087,-0.5129826,-0.5229913,-0.559487,-0.5196609,-0.4865478,-0.5090957,-0.5786609,-0.5564435,-0.790313,-0.995087,-0.8971217,-0.767,-0.7514261,-0.6146957,-0.8214435,-0.8754261,-1.0881391,-1.264887,-1.2959565,-1.1835826,-1.1117478,-0.952087,-0.9091565,-0.8493739,-0.8518435,-0.7998261,-0.7972261,-0.8333391,-0.795887
2598,B318,-0.620287,-0.5888348,-0.590287,-0.5122957,-0.5639826,-0.5059826,-0.3588261,-0.3352435,-0.3917739,-0.4569913,-0.4943652,-0.4233739,-0.412487,-0.4673739,-0.4180609,-0.3970174,-0.4004174,-0.3718783,-0.2973826,-0.2627217,-0.2587391,-0.2573826,-0.2059391,-0.2024783,-0.2217565,-0.2620261,-0.383087,-0.4367652,-0.4777826,-0.6274174,-0.6361217,-0.6305565,-0.6517913,-0.718887,-0.7221391,-0.6356087,-0.5779478,-0.6134,-0.5824261,-0.4515565,-0.4953043,-0.5248261,-0.5377913,-0.4778174,-0.5853565,-0.5940174,-0.4900261,-0.4582696,-0.3973391,-0.3836957,-0.4155739,-0.4752348,-0.4889391,-0.5152435,-0.3947217,-0.290687,-0.3482348,-0.3347217,-0.4671652,-0.488113,-0.4350435,-0.4995913,-0.4236261,-0.3705913,-0.5498087,-0.6508,-0.5586087,-0.5129826,-0.5229913,-0.559487,-0.5196609,-0.4865478,-0.5090957,-0.5786609,-0.5564435,-0.790313,-0.995087,-0.8971217,-0.767,-0.7514261,-0.6146957,-0.8214435,-0.8754261,-1.0881391,-1.264887,-1.2959565,-1.1835826,-1.1117478,-0.952087,-0.9091565,-0.8493739,-0.8518435,-0.7998261,-0.7972261,-0.8333391,-0.795887
2601,B319,0,0,0,0,0,0,0,0,0,0,0,0,0,0,0,0,0,0,0,0,0,0,0,0,0,0,0,-0.0045137,-0.0263242,-0.0349726,-0.0398568,-0.0500126,-0.0503916,-0.1052884,-0.1285979,-0.0575326,-0.1282274,-0.2222316,-0.1989137,-0.1895158,-0.1105516,-0.1026526,-0.2365221,-0.2643453,-0.3203705,-0.37264,-0.3700126,-0.3421811,-0.3891874,-0.4030989,-0.3121011,-0.2564463,-0.3542147,-0.2854063,-0.3188716,-0.4061053,-0.3718905,-0.5166568,-0.1515368,-0.4196463,-0.2008,-0.1214568,-0.1019032,-0.1022821,-0.0522695,-0.0688084,-0.0733221,-0.06656,-0.0579116,-0.0548968,-0.0244379,-0.0447495,-0.0304589,-0.0090274,0,0,0,0,0,0,0,0,0,0,0,0,0,0,0,0,0,0,0,0,0,0
2604,B320,-1.6127461,-1.5309704,-1.5347461,-1.3319687,-1.4663548,-1.3155548,-0.9329478,-0.871633,-1.0186122,-1.1881774,-1.2853496,-1.1007722,-1.0724661,-1.2151722,-1.0869583,-1.0322452,-1.0410852,-0.9668835,-0.7731948,-0.6830765,-0.6727217,-0.6691948,-0.5354417,-0.5264435,-0.576567,-0.6812678,-0.9960261,-1.1355896,-1.2422348,-1.6312852,-1.6539165,-1.639447,-1.6946574,-1.8691061,-1.8775617,-1.6525826,-1.5026643,-1.59484,-1.5143078,-1.174047,-1.2877913,-1.3645478,-1.3982574,-1.2423252,-1.521927,-1.5444452,-1.2740678,-1.1915009,-1.0330817,-0.9976087,-1.0804922,-1.2356104,-1.2712417,-1.339633,-1.0262765,-0.7557861,-0.9054104,-0.8702765,-1.2146296,-1.2690939,-1.131113,-1.2989374,-1.1014278,-0.9635374,-1.4295026,-1.69208,-1.4523826,-1.3337548,-1.3597774,-1.4546661,-1.3511183,-1.2650243,-1.3236487,-1.5045183,-1.446753,-2.0548139,-2.5872261,-2.3325165,-1.9942,-1.9537078,-1.5982087,-2.135753,-2.2761078,-2.8291617,-3.2887061,-3.369487,-3.0773148,-2.8905443,-2.4754261,-2.363807,-2.2083722,-2.214793,-2.0795478,-2.0727878,-2.1666817,-2.0693061
2607,B321,-0.9924591,-0.9421357,-0.9444591,-0.819673,-0.9023722,-0.8095722,-0.5741217,-0.5363896,-0.6268383,-0.7311861,-0.7909843,-0.6773983,-0.6599791,-0.7477983,-0.6688974,-0.6352278,-0.6406678,-0.5950052,-0.4758122,-0.4203548,-0.4139826,-0.4118122,-0.3295026,-0.3239652,-0.3548104,-0.4192417,-0.6129391,-0.6988243,-0.7644522,-1.0038678,-1.0177948,-1.0088904,-1.0428661,-1.1502191,-1.1554226,-1.0169739,-0.9247165,-0.98144,-0.9318817,-0.7224904,-0.792487,-0.8397217,-0.8604661,-0.7645078,-0.9365704,-0.9504278,-0.7840417,-0.7332313,-0.6357426,-0.613913,-0.6649183,-0.7603757,-0.7823026,-0.8243896,-0.6315548,-0.4650991,-0.5571757,-0.5355548,-0.7474643,-0.7809809,-0.6960696,-0.7993461,-0.6778017,-0.5929461,-0.8796939,-1.04128,-0.8937739,-0.8207722,-0.8367861,-0.8951791,-0.8314574,-0.7784765,-0.814553,-0.9258574,-0.8903096,-1.2645009,-1.5921391,-1.4353948,-1.2272,-1.2022817,-0.983513,-1.3143096,-1.4006817,-1.7410226,-2.0238191,-2.0735304,-1.8937322,-1.7787965,-1.5233391,-1.4546504,-1.3589983,-1.3629496,-1.2797217,-1.2755617,-1.3333426,-1.2734191
2610,B322,-1.8608609,-1.7665043,-1.7708609,-1.536887,-1.6919478,-1.5179478,-1.0764783,-1.0057304,-1.1753217,-1.3709739,-1.4830957,-1.2701217,-1.2374609,-1.4021217,-1.2541826,-1.1910522,-1.2012522,-1.1156348,-0.8921478,-0.7881652,-0.7762174,-0.7721478,-0.6178174,-0.6074348,-0.6652696,-0.7860783,-1.1492609,-1.3102957,-1.4333478,-1.8822522,-1.9083652,-1.8916696,-1.9553739,-2.1566609,-2.1664174,-1.9068261,-1.7338435,-1.8402,-1.7472783,-1.3546696,-1.485913,-1.5744783,-1.6133739,-1.4334522,-1.7560696,-1.7820522,-1.4700783,-1.3748087,-1.1920174,-1.151087,-1.2467217,-1.4257043,-1.4668174,-1.5457304,-1.1841652,-0.8720609,-1.0447043,-1.0041652,-1.4014957,-1.4643391,-1.3051304,-1.4987739,-1.2708783,-1.1117739,-1.6494261,-1.9524,-1.6758261,-1.5389478,-1.5689739,-1.6784609,-1.5589826,-1.4596435,-1.527287,-1.7359826,-1.6693304,-2.3709391,-2.9852609,-2.6913652,-2.301,-2.2542783,-1.844087,-2.4643304,-2.6262783,-3.2644174,-3.7946609,-3.8878696,-3.5507478,-3.3352435,-2.8562609,-2.7274696,-2.5481217,-2.5555304,-2.3994783,-2.3916783,-2.5000174,-2.3876609
2613,B323,-0.7443443,-0.7066017,-0.7083443,-0.6147548,-0.6767791,-0.6071791,-0.4305913,-0.4022922,-0.4701287,-0.5483896,-0.5932383,-0.5080487,-0.4949843,-0.5608487,-0.501673,-0.4764209,-0.4805009,-0.4462539,-0.3568591,-0.3152661,-0.310487,-0.3088591,-0.247127,-0.2429739,-0.2661078,-0.3144313,-0.4597043,-0.5241183,-0.5733391,-0.7529009,-0.7633461,-0.7566678,-0.7821496,-0.8626643,-0.866567,-0.7627304,-0.6935374,-0.73608,-0.6989113,-0.5418678,-0.5943652,-0.6297913,-0.6453496,-0.5733809,-0.7024278,-0.7128209,-0.5880313,-0.5499235,-0.476807,-0.4604348,-0.4986887,-0.5702817,-0.586727,-0.6182922,-0.4736661,-0.3488243,-0.4178817,-0.4016661,-0.5605983,-0.5857357,-0.5220522,-0.5995096,-0.5083513,-0.4447096,-0.6597704,-0.78096,-0.6703304,-0.6155791,-0.6275896,-0.6713843,-0.623593,-0.5838574,-0.6109148,-0.694393,-0.6677322,-0.9483757,-1.1941043,-1.0765461,-0.9204,-0.9017113,-0.7376348,-0.9857322,-1.0505113,-1.305767,-1.5178643,-1.5551478,-1.4202991,-1.3340974,-1.1425043,-1.0909878,-1.0192487,-1.0222122,-0.9597913,-0.9566713,-1.000007,-0.9550643
2616,B324,-2.4811478,-2.3553391,-2.3611478,-2.0491826,-2.2559304,-2.0239304,-1.4353043,-1.3409739,-1.5670957,-1.8279652,-1.9774609,-1.6934957,-1.6499478,-1.8694957,-1.6722435,-1.5880696,-1.6016696,-1.487513,-1.1895304,-1.050887,-1.0349565,-1.0295304,-0.8237565,-0.809913,-0.8870261,-1.0481043,-1.5323478,-1.7470609,-1.9111304,-2.5096696,-2.544487,-2.5222261,-2.6071652,-2.8755478,-2.8885565,-2.5424348,-2.3117913,-2.4536,-2.3297043,-1.8062261,-1.9812174,-2.0993043,-2.1511652,-1.9112696,-2.3414261,-2.3760696,-1.9601043,-1.8330783,-1.5893565,-1.5347826,-1.6622957,-1.9009391,-1.9557565,-2.0609739,-1.578887,-1.1627478,-1.3929391,-1.338887,-1.8686609,-1.9524522,-1.7401739,-1.9983652,-1.6945043,-1.4823652,-2.1992348,-2.6032,-2.2344348,-2.0519304,-2.0919652,-2.2379478,-2.0786435,-1.9461913,-2.0363826,-2.3146435,-2.2257739,-3.1612522,-3.9803478,-3.588487,-3.068,-3.0057043,-2.4587826,-3.2857739,-3.5017043,-4.3525565,-5.0595478,-5.1838261,-4.7343304,-4.4469913,-3.8083478,-3.6366261,-3.3974957,-3.4073739,-3.1993043,-3.1889043,-3.3333565,-3.1835478
2619,B325,-0.9924591,-0.9421357,-0.9444591,-0.819673,-0.9023722,-0.8095722,-0.5741217,-0.5363896,-0.6268383,-0.7311861,-0.7909843,-0.6773983,-0.6599791,-0.7477983,-0.6688974,-0.6352278,-0.6406678,-0.5950052,-0.4758122,-0.4203548,-0.4139826,-0.4118122,-0.3295026,-0.3239652,-0.3548104,-0.4192417,-0.6129391,-0.6988243,-0.7644522,-1.0038678,-1.0177948,-1.0088904,-1.0428661,-1.1502191,-1.1554226,-1.0169739,-0.9247165,-0.98144,-0.9318817,-0.7224904,-0.792487,-0.8397217,-0.8604661,-0.7645078,-0.9365704,-0.9504278,-0.7840417,-0.7332313,-0.6357426,-0.613913,-0.6649183,-0.7603757,-0.7823026,-0.8243896,-0.6315548,-0.4650991,-0.5571757,-0.5355548,-0.7474643,-0.7809809,-0.6960696,-0.7993461,-0.6778017,-0.5929461,-0.8796939,-1.04128,-0.8937739,-0.8207722,-0.8367861,-0.8951791,-0.8314574,-0.7784765,-0.814553,-0.9258574,-0.8903096,-1.2645009,-1.5921391,-1.4353948,-1.2272,-1.2022817,-0.983513,-1.3143096,-1.4006817,-1.7410226,-2.0238191,-2.0735304,-1.8937322,-1.7787965,-1.5233391,-1.4546504,-1.3589983,-1.3629496,-1.2797217,-1.2755617,-1.3333426,-1.2734191
2622,B326,0,0,0,0,0,0,0,0,0,0,0,0,0,0,0,0,0,0,0,0,0,0,0,0,0,0,0,-0.0270821,-0.1579453,-0.2098358,-0.2391411,-0.3000758,-0.3023495,-0.6317305,-0.7715874,-0.3451958,-0.7693642,-1.3333895,-1.1934821,-1.1370947,-0.6633095,-0.6159158,-1.4191326,-1.5860716,-1.9222232,-2.23584,-2.2200758,-2.0530863,-2.3351242,-2.4185937,-1.8726063,-1.5386779,-2.1252884,-1.7124379,-1.9132295,-2.4366316,-2.2313432,-3.0999411,-0.9092211,-2.5178779,-1.2048,-0.7287411,-0.6114189,-0.6136926,-0.3136168,-0.4128505,-0.4399326,-0.39936,-0.3474695,-0.3293811,-0.1466274,-0.2684968,-0.1827537,-0.0541642,0,0,0,0,0,0,0,0,0,0,0,0,0,0,0,0,0,0,0,0,0,0
2625,B327,0,0,0,0,0,0,0,0,0,0,0,0,0,0,0,0,0,0,0,0,0,0,0,0,0,0,0,-0.0297903,-0.1737398,-0.2308194,-0.2630552,-0.3300834,-0.3325844,-0.6949036,-0.8487461,-0.3797154,-0.8463006,-1.4667284,-1.3128303,-1.2508042,-0.7296404,-0.6775074,-1.5610459,-1.7446787,-2.1144455,-2.459424,-2.4420834,-2.2583949,-2.5686366,-2.6604531,-2.0598669,-1.6925457,-2.3378173,-1.8836817,-2.1045524,-2.6802947,-2.4544775,-3.4099352,-1.0001432,-2.7696657,-1.32528,-0.8016152,-0.6725608,-0.6750619,-0.3449785,-0.4541356,-0.4839259,-0.439296,-0.3822164,-0.3623192,-0.1612901,-0.2953465,-0.2010291,-0.0595806,0,0,0,0,0,0,0,0,0,0,0,0,0,0,0,0,0,0,0,0,0,0
2628,B328,-0.9924591,-0.9421357,-0.9444591,-0.819673,-0.9023722,-0.8095722,-0.5741217,-0.5363896,-0.6268383,-0.7311861,-0.7909843,-0.6773983,-0.6599791,-0.7477983,-0.6688974,-0.6352278,-0.6406678,-0.5950052,-0.4758122,-0.4203548,-0.4139826,-0.4118122,-0.3295026,-0.3239652,-0.3548104,-0.4192417,-0.6129391,-0.6988243,-0.7644522,-1.0038678,-1.0177948,-1.0088904,-1.0428661,-1.1502191,-1.1554226,-1.0169739,-0.9247165,-0.98144,-0.9318817,-0.7224904,-0.792487,-0.8397217,-0.8604661,-0.7645078,-0.9365704,-0.9504278,-0.7840417,-0.7332313,-0.6357426,-0.613913,-0.6649183,-0.7603757,-0.7823026,-0.8243896,-0.6315548,-0.4650991,-0.5571757,-0.5355548,-0.7474643,-0.7809809,-0.6960696,-0.7993461,-0.6778017,-0.5929461,-0.8796939,-1.04128,-0.8937739,-0.8207722,-0.8367861,-0.8951791,-0.8314574,-0.7784765,-0.814553,-0.9258574,-0.8903096,-1.2645009,-1.5921391,-1.4353948,-1.2272,-1.2022817,-0.983513,-1.3143096,-1.4006817,-1.7410226,-2.0238191,-2.0735304,-1.8937322,-1.7787965,-1.5233391,-1.4546504,-1.3589983,-1.3629496,-1.2797217,-1.2755617,-1.3333426,-1.2734191
2629,B329,-1.2653854,-1.201223,-1.2041854,-1.0450831,-1.1505245,-1.0322045,-0.7320052,-0.6838967,-0.7992188,-0.9322623,-1.008505,-0.8636828,-0.8414734,-0.9534428,-0.8528442,-0.8099155,-0.8168515,-0.7586317,-0.6066605,-0.5359523,-0.5278278,-0.5250605,-0.4201158,-0.4130557,-0.4523833,-0.5345332,-0.7814974,-0.891001,-0.9746765,-1.2799315,-1.2976883,-1.2863353,-1.3296543,-1.4665294,-1.4731638,-1.2966417,-1.1790136,-1.251336,-1.1881492,-0.9211753,-1.0104209,-1.0706452,-1.0970943,-0.9747475,-1.1941273,-1.2117955,-0.9996532,-0.9348699,-0.8105718,-0.7827391,-0.8477708,-0.969479,-0.9974358,-1.0510967,-0.8052323,-0.5930014,-0.710399,-0.6828323,-0.953017,-0.9957506,-0.8874887,-1.0191663,-0.8641972,-0.7560063,-1.1216097,-1.327632,-1.1395617,-1.0464845,-1.0669023,-1.1413534,-1.0601082,-0.9925576,-1.0385551,-1.1804682,-1.1351447,-1.6122386,-2.0299774,-1.8301283,-1.56468,-1.5329092,-1.2539791,-1.6757447,-1.7858692,-2.2198038,-2.5803694,-2.6437513,-2.4145085,-2.2679656,-1.9422574,-1.8546793,-1.7327228,-1.7377607,-1.6316452,-1.6263412,-1.7000118,-1.6236094
2630,B330,-0.620287,-0.5888348,-0.590287,-0.5122957,-0.5639826,-0.5059826,-0.3588261,-0.3352435,-0.3917739,-0.4569913,-0.4943652,-0.4233739,-0.412487,-0.4673739,-0.4180609,-0.3970174,-0.4004174,-0.3718783,-0.2973826,-0.2627217,-0.2587391,-0.2573826,-0.2059391,-0.2024783,-0.2217565,-0.2620261,-0.383087,-0.4367652,-0.4777826,-0.6274174,-0.6361217,-0.6305565,-0.6517913,-0.718887,-0.7221391,-0.6356087,-0.5779478,-0.6134,-0.5824261,-0.4515565,-0.4953043,-0.5248261,-0.5377913,-0.4778174,-0.5853565,-0.5940174,-0.4900261,-0.4582696,-0.3973391,-0.3836957,-0.4155739,-0.4752348,-0.4889391,-0.5152435,-0.3947217,-0.290687,-0.3482348,-0.3347217,-0.4671652,-0.488113,-0.4350435,-0.4995913,-0.4236261,-0.3705913,-0.5498087,-0.6508,-0.5586087,-0.5129826,-0.5229913,-0.559487,-0.5196609,-0.4865478,-0.5090957,-0.5786609,-0.5564435,-0.790313,-0.995087,-0.8971217,-0.767,-0.7514261,-0.6146957,-0.8214435,-0.8754261,-1.0881391,-1.264887,-1.2959565,-1.1835826,-1.1117478,-0.952087,-0.9091565,-0.8493739,-0.8518435,-0.7998261,-0.7972261,-0.8333391,-0.795887
2631,B331,-1.8608609,-1.7665043,-1.7708609,-1.536887,-1.6919478,-1.5179478,-1.0764783,-1.0057304,-1.1753217,-1.3709739,-1.4830957,-1.2701217,-1.2374609,-1.4021217,-1.2541826,-1.1910522,-1.2012522,-1.1156348,-0.8921478,-0.7881652,-0.7762174,-0.7721478,-0.6178174,-0.6074348,-0.6652696,-0.7860783,-1.1492609,-1.3102957,-1.4333478,-1.8822522,-1.9083652,-1.8916696,-1.9553739,-2.1566609,-2.1664174,-1.9068261,-1.7338435,-1.8402,-1.7472783,-1.3546696,-1.485913,-1.5744783,-1.6133739,-1.4334522,-1.7560696,-1.7820522,-1.4700783,-1.3748087,-1.1920174,-1.151087,-1.2467217,-1.4257043,-1.4668174,-1.5457304,-1.1841652,-0.8720609,-1.0447043,-1.0041652,-1.4014957,-1.4643391,-1.3051304,-1.4987739,-1.2708783,-1.1117739,-1.6494261,-1.9524,-1.6758261,-1.5389478,-1.5689739,-1.6784609,-1.5589826,-1.4596435,-1.527287,-1.7359826,-1.6693304,-2.3709391,-2.9852609,-2.6913652,-2.301,-2.2542783,-1.844087,-2.4643304,-2.6262783,-3.2644174,-3.7946609,-3.8878696,-3.5507478,-3.3352435,-2.8562609,-2.7274696,-2.5481217,-2.5555304,-2.3994783,-2.3916783,-2.5000174,-2.3876609
2632,B332,0,0,0,0,0,0,0,0,0,0,0,0,0,0,0,0,0,0,0,0,0,0,0,0,0,0,0,-0.0225684,-0.1316211,-0.1748632,-0.1992842,-0.2500632,-0.2519579,-0.5264421,-0.6429895,-0.2876632,-0.6411368,-1.1111579,-0.9945684,-0.9475789,-0.5527579,-0.5132632,-1.1826105,-1.3217263,-1.6018526,-1.8632,-1.8500632,-1.7109053,-1.9459368,-2.0154947,-1.5605053,-1.2822316,-1.7710737,-1.4270316,-1.5943579,-2.0305263,-1.8594526,-2.5832842,-0.7576842,-2.0982316,-1.004,-0.6072842,-0.5095158,-0.5114105,-0.2613474,-0.3440421,-0.3666105,-0.3328,-0.2895579,-0.2744842,-0.1221895,-0.2237474,-0.1522947,-0.0451368,0,0,0,0,0,0,0,0,0,0,0,0,0,0,0,0,0,0,0,0,0,0
2633,B333,-0.8684017,-0.8243687,-0.8264017,-0.7172139,-0.7895757,-0.7083757,-0.5023565,-0.4693409,-0.5484835,-0.6397878,-0.6921113,-0.5927235,-0.5774817,-0.6543235,-0.5852852,-0.5558243,-0.5605843,-0.5206296,-0.4163357,-0.3678104,-0.3622348,-0.3603357,-0.2883148,-0.2834696,-0.3104591,-0.3668365,-0.5363217,-0.6114713,-0.6688957,-0.8783843,-0.8905704,-0.8827791,-0.9125078,-1.0064417,-1.0109948,-0.8898522,-0.809127,-0.85876,-0.8153965,-0.6321791,-0.6934261,-0.7347565,-0.7529078,-0.6689443,-0.8194991,-0.8316243,-0.6860365,-0.6415774,-0.5562748,-0.5371739,-0.5818035,-0.6653287,-0.6845148,-0.7213409,-0.5526104,-0.4069617,-0.4875287,-0.4686104,-0.6540313,-0.6833583,-0.6090609,-0.6994278,-0.5930765,-0.5188278,-0.7697322,-0.91112,-0.7820522,-0.7181757,-0.7321878,-0.7832817,-0.7275252,-0.681167,-0.7127339,-0.8101252,-0.7790209,-1.1064383,-1.3931217,-1.2559704,-1.0738,-1.0519965,-0.8605739,-1.1500209,-1.2255965,-1.5233948,-1.7708417,-1.8143391,-1.6570157,-1.556447,-1.3329217,-1.2728191,-1.1891235,-1.1925809,-1.1197565,-1.1161165,-1.1666748,-1.1142417
2636,B334,0,0,0,0,0,0,0,0,0,0,0,0,0,0,0,0,0,0,0,0,0,0,0,0,0,0,0,-0.0338526,-0.1974316,-0.2622947,-0.2989263,-0.3750947,-0.3779368,-0.7896632,-0.9644842,-0.4314947,-0.9617053,-1.6667368,-1.4918526,-1.4213684,-0.8291368,-0.7698947,-1.7739158,-1.9825895,-2.4027789,-2.7948,-2.7750947,-2.5663579,-2.9189053,-3.0232421,-2.3407579,-1.9233474,-2.6566105,-2.1405474,-2.3915368,-3.0457895,-2.7891789,-3.8749263,-1.1365263,-3.1473474,-1.506,-0.9109263,-0.7642737,-0.7671158,-0.3920211,-0.5160632,-0.5499158,-0.4992,-0.4343368,-0.4117263,-0.1832842,-0.3356211,-0.2284421,-0.0677053,0,0,0,0,0,0,0,0,0,0,0,0,0,0,0,0,0,0,0,0,0,0
2639,B335,0,0,0,0,0,0,0,0,0,0,0,0,0,0,0,0,0,0,0,0,0,0,0,0,0,0,0,-0.0338526,-0.1974316,-0.2622947,-0.2989263,-0.3750947,-0.3779368,-0.7896632,-0.9644842,-0.4314947,-0.9617053,-1.6667368,-1.4918526,-1.4213684,-0.8291368,-0.7698947,-1.7739158,-1.9825895,-2.4027789,-2.7948,-2.7750947,-2.5663579,-2.9189053,-3.0232421,-2.3407579,-1.9233474,-2.6566105,-2.1405474,-2.3915368,-3.0457895,-2.7891789,-3.8749263,-1.1365263,-3.1473474,-1.506,-0.9109263,-0.7642737,-0.7671158,-0.3920211,-0.5160632,-0.5499158,-0.4992,-0.4343368,-0.4117263,-0.1832842,-0.3356211,-0.2284421,-0.0677053,0,0,0,0,0,0,0,0,0,0,0,0,0,0,0,0,0,0,0,0,0,0
2642,B336,-0.7443443,-0.7066017,-0.7083443,-0.6147548,-0.6767791,-0.6071791,-0.4305913,-0.4022922,-0.4701287,-0.5483896,-0.5932383,-0.5080487,-0.4949843,-0.5608487,-0.501673,-0.4764209,-0.4805009,-0.4462539,-0.3568591,-0.3152661,-0.310487,-0.3088591,-0.247127,-0.2429739,-0.2661078,-0.3144313,-0.4597043,-0.5241183,-0.5733391,-0.7529009,-0.7633461,-0.7566678,-0.7821496,-0.8626643,-0.866567,-0.7627304,-0.6935374,-0.73608,-0.6989113,-0.5418678,-0.5943652,-0.6297913,-0.6453496,-0.5733809,-0.7024278,-0.7128209,-0.5880313,-0.5499235,-0.476807,-0.4604348,-0.4986887,-0.5702817,-0.586727,-0.6182922,-0.4736661,-0.3488243,-0.4178817,-0.4016661,-0.5605983,-0.5857357,-0.5220522,-0.5995096,-0.5083513,-0.4447096,-0.6597704,-0.78096,-0.6703304,-0.6155791,-0.6275896,-0.6713843,-0.623593,-0.5838574,-0.6109148,-0.694393,-0.6677322,-0.9483757,-1.1941043,-1.0765461,-0.9204,-0.9017113,-0.7376348,-0.9857322,-1.0505113,-1.305767,-1.5178643,-1.5551478,-1.4202991,-1.3340974,-1.1425043,-1.0909878,-1.0192487,-1.0222122,-0.9597913,-0.9566713,-1.000007,-0.9550643
2645,B337,0,0,0,0,0,0,0,0,0,0,0,0,0,0,0,0,0,0,0,0,0,0,0,0,0,0,0,-0.0338526,-0.1974316,-0.2622947,-0.2989263,-0.3750947,-0.3779368,-0.7896632,-0.9644842,-0.4314947,-0.9617053,-1.6667368,-1.4918526,-1.4213684,-0.8291368,-0.7698947,-1.7739158,-1.9825895,-2.4027789,-2.7948,-2.7750947,-2.5663579,-2.9189053,-3.0232421,-2.3407579,-1.9233474,-2.6566105,-2.1405474,-2.3915368,-3.0457895,-2.7891789,-3.8749263,-1.1365263,-3.1473474,-1.506,-0.9109263,-0.7642737,-0.7671158,-0.3920211,-0.5160632,-0.5499158,-0.4992,-0.4343368,-0.4117263,-0.1832842,-0.3356211,-0.2284421,-0.0677053,0,0,0,0,0,0,0,0,0,0,0,0,0,0,0,0,0,0,0,0,0,0
2646,B338,0,0,0,0,0,0,0,0,0,0,0,0,0,0,0,0,0,0,0,0,0,0,0,0,0,0,0,-0.0338526,-0.1974316,-0.2622947,-0.2989263,-0.3750947,-0.3779368,-0.7896632,-0.9644842,-0.4314947,-0.9617053,-1.6667368,-1.4918526,-1.4213684,-0.8291368,-0.7698947,-1.7739158,-1.9825895,-2.4027789,-2.7948,-2.7750947,-2.5663579,-2.9189053,-3.0232421,-2.3407579,-1.9233474,-2.6566105,-2.1405474,-2.3915368,-3.0457895,-2.7891789,-3.8749263,-1.1365263,-3.1473474,-1.506,-0.9109263,-0.7642737,-0.7671158,-0.3920211,-0.5160632,-0.5499158,-0.4992,-0.4343368,-0.4117263,-0.1832842,-0.3356211,-0.2284421,-0.0677053,0,0,0,0,0,0,0,0,0,0,0,0,0,0,0,0,0,0,0,0,0,0
2649,B339,0,0,0,0,0,0,0,0,0,0,0,0,0,0,0,0,0,0,0,0,0,0,0,0,0,0,0,-0.0451368,-0.2632421,-0.3497263,-0.3985684,-0.5001263,-0.5039158,-1.0528842,-1.2859789,-0.5753263,-1.2822737,-2.2223158,-1.9891368,-1.8951579,-1.1055158,-1.0265263,-2.3652211,-2.6434526,-3.2037053,-3.7264,-3.7001263,-3.4218105,-3.8918737,-4.0309895,-3.1210105,-2.5644632,-3.5421474,-2.8540632,-3.1887158,-4.0610526,-3.7189053,-5.1665684,-1.5153684,-4.1964632,-2.008,-1.2145684,-1.0190316,-1.0228211,-0.5226947,-0.6880842,-0.7332211,-0.6656,-0.5791158,-0.5489684,-0.2443789,-0.4474947,-0.3045895,-0.0902737,0,0,0,0,0,0,0,0,0,0,0,0,0,0,0,0,0,0,0,0,0,0
2650,B340,0,0,0,0,0,0,0,0,0,0,0,0,0,0,0,0,0,0,0,0,0,0,0,0,0,0,0,-0.0225684,-0.1316211,-0.1748632,-0.1992842,-0.2500632,-0.2519579,-0.5264421,-0.6429895,-0.2876632,-0.6411368,-1.1111579,-0.9945684,-0.9475789,-0.5527579,-0.5132632,-1.1826105,-1.3217263,-1.6018526,-1.8632,-1.8500632,-1.7109053,-1.9459368,-2.0154947,-1.5605053,-1.2822316,-1.7710737,-1.4270316,-1.5943579,-2.0305263,-1.8594526,-2.5832842,-0.7576842,-2.0982316,-1.004,-0.6072842,-0.5095158,-0.5114105,-0.2613474,-0.3440421,-0.3666105,-0.3328,-0.2895579,-0.2744842,-0.1221895,-0.2237474,-0.1522947,-0.0451368,0,0,0,0,0,0,0,0,0,0,0,0,0,0,0,0,0,0,0,0,0,0
2651,B341,0,0,0,0,0,0,0,0,0,0,0,0,0,0,0,0,0,0,0,0,0,0,0,0,0,0,0,-0.0045137,-0.0263242,-0.0349726,-0.0398568,-0.0500126,-0.0503916,-0.1052884,-0.1285979,-0.0575326,-0.1282274,-0.2222316,-0.1989137,-0.1895158,-0.1105516,-0.1026526,-0.2365221,-0.2643453,-0.3203705,-0.37264,-0.3700126,-0.3421811,-0.3891874,-0.4030989,-0.3121011,-0.2564463,-0.3542147,-0.2854063,-0.3188716,-0.4061053,-0.3718905,-0.5166568,-0.1515368,-0.4196463,-0.2008,-0.1214568,-0.1019032,-0.1022821,-0.0522695,-0.0688084,-0.0733221,-0.06656,-0.0579116,-0.0548968,-0.0244379,-0.0447495,-0.0304589,-0.0090274,0,0,0,0,0,0,0,0,0,0,0,0,0,0,0,0,0,0,0,0,0,0
2654,B342,-0.5954755,-0.5652814,-0.5666755,-0.4918038,-0.5414233,-0.4857433,-0.344473,-0.3218337,-0.376103,-0.4387117,-0.4745906,-0.406439,-0.3959875,-0.448679,-0.4013384,-0.3811367,-0.3844007,-0.3570031,-0.2854873,-0.2522129,-0.2483896,-0.2470873,-0.1977016,-0.1943791,-0.2128863,-0.251545,-0.3677635,-0.4192946,-0.4586713,-0.6023207,-0.6106769,-0.6053343,-0.6257197,-0.6901315,-0.6932536,-0.6101843,-0.5548299,-0.588864,-0.559129,-0.4334943,-0.4754922,-0.503833,-0.5162797,-0.4587047,-0.5619423,-0.5702567,-0.470425,-0.4399388,-0.3814456,-0.3683478,-0.398951,-0.4562254,-0.4693816,-0.4946337,-0.3789329,-0.2790595,-0.3343054,-0.3213329,-0.4484786,-0.4685885,-0.4176417,-0.4796077,-0.406681,-0.3557677,-0.5278163,-0.624768,-0.5362643,-0.4924633,-0.5020717,-0.5371075,-0.4988744,-0.4670859,-0.4887318,-0.5555144,-0.5341857,-0.7587005,-0.9552835,-0.8612369,-0.73632,-0.721369,-0.5901078,-0.7885857,-0.840409,-1.0446136,-1.2142915,-1.2441183,-1.1362393,-1.0672779,-0.9140035,-0.8727903,-0.815399,-0.8177697,-0.767833,-0.765337,-0.8000056,-0.7640515
2657,B343,-0.620287,-0.5888348,-0.590287,-0.5122957,-0.5639826,-0.5059826,-0.3588261,-0.3352435,-0.3917739,-0.4569913,-0.4943652,-0.4233739,-0.412487,-0.4673739,-0.4180609,-0.3970174,-0.4004174,-0.3718783,-0.2973826,-0.2627217,-0.2587391,-0.2573826,-0.2059391,-0.2024783,-0.2217565,-0.2620261,-0.383087,-0.4367652,-0.4777826,-0.6274174,-0.6361217,-0.6305565,-0.6517913,-0.718887,-0.7221391,-0.6356087,-0.5779478,-0.6134,-0.5824261,-0.4515565,-0.4953043,-0.5248261,-0.5377913,-0.4778174,-0.5853565,-0.5940174,-0.4900261,-0.4582696,-0.3973391,-0.3836957,-0.4155739,-0.4752348,-0.4889391,-0.5152435,-0.3947217,-0.290687,-0.3482348,-0.3347217,-0.4671652,-0.488113,-0.4350435,-0.4995913,-0.4236261,-0.3705913,-0.5498087,-0.6508,-0.5586087,-0.5129826,-0.5229913,-0.559487,-0.5196609,-0.4865478,-0.5090957,-0.5786609,-0.5564435,-0.790313,-0.995087,-0.8971217,-0.767,-0.7514261,-0.6146957,-0.8214435,-0.8754261,-1.0881391,-1.264887,-1.2959565,-1.1835826,-1.1117478,-0.952087,-0.9091565,-0.8493739,-0.8518435,-0.7998261,-0.7972261,-0.8333391,-0.795887
2658,B344,0,0,0,0,0,0,0,0,0,0,0,0,0,0,0,0,0,0,0,0,0,0,0,0,0,0,0,-0.0094787,-0.0552808,-0.0734425,-0.0836994,-0.1050265,-0.1058223,-0.2211057,-0.2700556,-0.1208185,-0.2692775,-0.4666863,-0.4177187,-0.3979832,-0.2321583,-0.2155705,-0.4966964,-0.5551251,-0.6727781,-0.782544,-0.7770265,-0.7185802,-0.8172935,-0.8465078,-0.6554122,-0.5385373,-0.7438509,-0.5993533,-0.6696303,-0.8528211,-0.7809701,-1.0849794,-0.3182274,-0.8812573,-0.42168,-0.2550594,-0.2139966,-0.2147924,-0.1097659,-0.1444977,-0.1539764,-0.139776,-0.1216143,-0.1152834,-0.0513196,-0.0939739,-0.0639638,-0.0189575,0,0,0,0,0,0,0,0,0,0,0,0,0,0,0,0,0,0,0,0,0,0
2661,B345,0,0,0,0,0,0,0,0,0,0,0,0,0,0,0,0,0,0,0,0,0,0,0,0,0,0,0,-0.0090274,-0.0526484,-0.0699453,-0.0797137,-0.1000253,-0.1007832,-0.2105768,-0.2571958,-0.1150653,-0.2564547,-0.4444632,-0.3978274,-0.3790316,-0.2211032,-0.2053053,-0.4730442,-0.5286905,-0.6407411,-0.74528,-0.7400253,-0.6843621,-0.7783747,-0.8061979,-0.6242021,-0.5128926,-0.7084295,-0.5708126,-0.6377432,-0.8122105,-0.7437811,-1.0333137,-0.3030737,-0.8392926,-0.4016,-0.2429137,-0.2038063,-0.2045642,-0.1045389,-0.1376168,-0.1466442,-0.13312,-0.1158232,-0.1097937,-0.0488758,-0.0894989,-0.0609179,-0.0180547,0,0,0,0,0,0,0,0,0,0,0,0,0,0,0,0,0,0,0,0,0,0
2664,B346,0,0,0,0,0,0,0,0,0,0,0,0,0,0,0,0,0,0,0,0,0,0,0,0,0,0,0,-0.0157979,-0.0921347,-0.1224042,-0.1394989,-0.1750442,-0.1763705,-0.3685095,-0.4500926,-0.2013642,-0.4487958,-0.7778105,-0.6961979,-0.6633053,-0.3869305,-0.3592842,-0.8278274,-0.9252084,-1.1212968,-1.30424,-1.2950442,-1.1976337,-1.3621558,-1.4108463,-1.0923537,-0.8975621,-1.2397516,-0.9989221,-1.1160505,-1.4213684,-1.3016168,-1.8082989,-0.5303789,-1.4687621,-0.7028,-0.4250989,-0.3566611,-0.3579874,-0.1829432,-0.2408295,-0.2566274,-0.23296,-0.2026905,-0.1921389,-0.0855326,-0.1566232,-0.1066063,-0.0315958,0,0,0,0,0,0,0,0,0,0,0,0,0,0,0,0,0,0,0,0,0,0
2667,B347,-1.2405739,-1.1776696,-1.1805739,-1.0245913,-1.1279652,-1.0119652,-0.7176522,-0.670487,-0.7835478,-0.9139826,-0.9887304,-0.8467478,-0.8249739,-0.9347478,-0.8361217,-0.7940348,-0.8008348,-0.7437565,-0.5947652,-0.5254435,-0.5174783,-0.5147652,-0.4118783,-0.4049565,-0.443513,-0.5240522,-0.7661739,-0.8735304,-0.9555652,-1.2548348,-1.2722435,-1.261113,-1.3035826,-1.4377739,-1.4442783,-1.2712174,-1.1558957,-1.2268,-1.1648522,-0.903113,-0.9906087,-1.0496522,-1.0755826,-0.9556348,-1.170713,-1.1880348,-0.9800522,-0.9165391,-0.7946783,-0.7673913,-0.8311478,-0.9504696,-0.9778783,-1.030487,-0.7894435,-0.5813739,-0.6964696,-0.6694435,-0.9343304,-0.9762261,-0.870087,-0.9991826,-0.8472522,-0.7411826,-1.0996174,-1.3016,-1.1172174,-1.0259652,-1.0459826,-1.1189739,-1.0393217,-0.9730957,-1.0181913,-1.1573217,-1.112887,-1.5806261,-1.9901739,-1.7942435,-1.534,-1.5028522,-1.2293913,-1.642887,-1.7508522,-2.1762783,-2.5297739,-2.591913,-2.3671652,-2.2234957,-1.9041739,-1.818313,-1.6987478,-1.703687,-1.5996522,-1.5944522,-1.6666783,-1.5917739
2670,B348,0,0,0,0,0,0,0,0,0,0,0,0,0,0,0,0,0,0,0,0,0,0,0,0,0,0,0,-0.0338526,-0.1974316,-0.2622947,-0.2989263,-0.3750947,-0.3779368,-0.7896632,-0.9644842,-0.4314947,-0.9617053,-1.6667368,-1.4918526,-1.4213684,-0.8291368,-0.7698947,-1.7739158,-1.9825895,-2.4027789,-2.7948,-2.7750947,-2.5663579,-2.9189053,-3.0232421,-2.3407579,-1.9233474,-2.6566105,-2.1405474,-2.3915368,-3.0457895,-2.7891789,-3.8749263,-1.1365263,-3.1473474,-1.506,-0.9109263,-0.7642737,-0.7671158,-0.3920211,-0.5160632,-0.5499158,-0.4992,-0.4343368,-0.4117263,-0.1832842,-0.3356211,-0.2284421,-0.0677053,0,0,0,0,0,0,0,0,0,0,0,0,0,0,0,0,0,0,0,0,0,0
2673,B349,0,0,0,0,0,0,0,0,0,0,0,0,0,0,0,0,0,0,0,0,0,0,0,0,0,0,0,-0.0451368,-0.2632421,-0.3497263,-0.3985684,-0.5001263,-0.5039158,-1.0528842,-1.2859789,-0.5753263,-1.2822737,-2.2223158,-1.9891368,-1.8951579,-1.1055158,-1.0265263,-2.3652211,-2.6434526,-3.2037053,-3.7264,-3.7001263,-3.4218105,-3.8918737,-4.0309895,-3.1210105,-2.5644632,-3.5421474,-2.8540632,-3.1887158,-4.0610526,-3.7189053,-5.1665684,-1.5153684,-4.1964632,-2.008,-1.2145684,-1.0190316,-1.0228211,-0.5226947,-0.6880842,-0.7332211,-0.6656,-0.5791158,-0.5489684,-0.2443789,-0.4474947,-0.3045895,-0.0902737,0,0,0,0,0,0,0,0,0,0,0,0,0,0,0,0,0,0,0,0,0,0
2674,B350,0,0,0,0,0,0,0,0,0,0,0,0,0,0,0,0,0,0,0,0,0,0,0,0,0,0,0,-0.0677053,-0.3948632,-0.5245895,-0.5978526,-0.7501895,-0.7558737,-1.5793263,-1.9289684,-0.8629895,-1.9234105,-3.3334737,-2.9837053,-2.8427368,-1.6582737,-1.5397895,-3.5478316,-3.9651789,-4.8055579,-5.5896,-5.5501895,-5.1327158,-5.8378105,-6.0464842,-4.6815158,-3.8466947,-5.3132211,-4.2810947,-4.7830737,-6.0915789,-5.5783579,-7.7498526,-2.2730526,-6.2946947,-3.012,-1.8218526,-1.5285474,-1.5342316,-0.7840421,-1.0321263,-1.0998316,-0.9984,-0.8686737,-0.8234526,-0.3665684,-0.6712421,-0.4568842,-0.1354105,0,0,0,0,0,0,0,0,0,0,0,0,0,0,0,0,0,0,0,0,0,0
2677,B351,-2.4811478,-2.3553391,-2.3611478,-2.0491826,-2.2559304,-2.0239304,-1.4353043,-1.3409739,-1.5670957,-1.8279652,-1.9774609,-1.6934957,-1.6499478,-1.8694957,-1.6722435,-1.5880696,-1.6016696,-1.487513,-1.1895304,-1.050887,-1.0349565,-1.0295304,-0.8237565,-0.809913,-0.8870261,-1.0481043,-1.5323478,-1.7470609,-1.9111304,-2.5096696,-2.544487,-2.5222261,-2.6071652,-2.8755478,-2.8885565,-2.5424348,-2.3117913,-2.4536,-2.3297043,-1.8062261,-1.9812174,-2.0993043,-2.1511652,-1.9112696,-2.3414261,-2.3760696,-1.9601043,-1.8330783,-1.5893565,-1.5347826,-1.6622957,-1.9009391,-1.9557565,-2.0609739,-1.578887,-1.1627478,-1.3929391,-1.338887,-1.8686609,-1.9524522,-1.7401739,-1.9983652,-1.6945043,-1.4823652,-2.1992348,-2.6032,-2.2344348,-2.0519304,-2.0919652,-2.2379478,-2.0786435,-1.9461913,-2.0363826,-2.3146435,-2.2257739,-3.1612522,-3.9803478,-3.588487,-3.068,-3.0057043,-2.4587826,-3.2857739,-3.5017043,-4.3525565,-5.0595478,-5.1838261,-4.7343304,-4.4469913,-3.8083478,-3.6366261,-3.3974957,-3.4073739,-3.1993043,-3.1889043,-3.3333565,-3.1835478
2678,B352,-1.2405739,-1.1776696,-1.1805739,-1.0245913,-1.1279652,-1.0119652,-0.7176522,-0.670487,-0.7835478,-0.9139826,-0.9887304,-0.8467478,-0.8249739,-0.9347478,-0.8361217,-0.7940348,-0.8008348,-0.7437565,-0.5947652,-0.5254435,-0.5174783,-0.5147652,-0.4118783,-0.4049565,-0.443513,-0.5240522,-0.7661739,-0.8735304,-0.9555652,-1.2548348,-1.2722435,-1.261113,-1.3035826,-1.4377739,-1.4442783,-1.2712174,-1.1558957,-1.2268,-1.1648522,-0.903113,-0.9906087,-1.0496522,-1.0755826,-0.9556348,-1.170713,-1.1880348,-0.9800522,-0.9165391,-0.7946783,-0.7673913,-0.8311478,-0.9504696,-0.9778783,-1.030487,-0.7894435,-0.5813739,-0.6964696,-0.6694435,-0.9343304,-0.9762261,-0.870087,-0.9991826,-0.8472522,-0.7411826,-1.0996174,-1.3016,-1.1172174,-1.0259652,-1.0459826,-1.1189739,-1.0393217,-0.9730957,-1.0181913,-1.1573217,-1.112887,-1.5806261,-1.9901739,-1.7942435,-1.534,-1.5028522,-1.2293913,-1.642887,-1.7508522,-2.1762783,-2.5297739,-2.591913,-2.3671652,-2.2234957,-1.9041739,-1.818313,-1.6987478,-1.703687,-1.5996522,-1.5944522,-1.6666783,-1.5917739
2681,B353,0,0,0,0,0,0,0,0,0,0,0,0,0,0,0,0,0,0,0,0,0,0,0,0,0,0,0,-0.0090274,-0.0526484,-0.0699453,-0.0797137,-0.1000253,-0.1007832,-0.2105768,-0.2571958,-0.1150653,-0.2564547,-0.4444632,-0.3978274,-0.3790316,-0.2211032,-0.2053053,-0.4730442,-0.5286905,-0.6407411,-0.74528,-0.7400253,-0.6843621,-0.7783747,-0.8061979,-0.6242021,-0.5128926,-0.7084295,-0.5708126,-0.6377432,-0.8122105,-0.7437811,-1.0333137,-0.3030737,-0.8392926,-0.4016,-0.2429137,-0.2038063,-0.2045642,-0.1045389,-0.1376168,-0.1466442,-0.13312,-0.1158232,-0.1097937,-0.0488758,-0.0894989,-0.0609179,-0.0180547,0,0,0,0,0,0,0,0,0,0,0,0,0,0,0,0,0,0,0,0,0,0
2684,B354,0,0,0,0,0,0,0,0,0,0,0,0,0,0,0,0,0,0,0,0,0,0,0,0,0,0,0,-0.0139924,-0.0816051,-0.1084152,-0.1235562,-0.1550392,-0.1562139,-0.3263941,-0.3986535,-0.1783512,-0.3975048,-0.6889179,-0.6166324,-0.5874989,-0.3427099,-0.3182232,-0.7332185,-0.8194703,-0.9931486,-1.155184,-1.1470392,-1.0607613,-1.2064808,-1.2496067,-0.9675133,-0.7949836,-1.0980657,-0.8847596,-0.9885019,-1.2589263,-1.1528606,-1.6016362,-0.4697642,-1.3009036,-0.62248,-0.3765162,-0.3158998,-0.3170745,-0.1620354,-0.2133061,-0.2272985,-0.206336,-0.1795259,-0.1701802,-0.0757575,-0.1387234,-0.0944227,-0.0279848,0,0,0,0,0,0,0,0,0,0,0,0,0,0,0,0,0,0,0,0,0,0
2687,B355,0,0,0,0,0,0,0,0,0,0,0,0,0,0,0,0,0,0,0,0,0,0,0,0,0,0,0,-0.0338526,-0.1974316,-0.2622947,-0.2989263,-0.3750947,-0.3779368,-0.7896632,-0.9644842,-0.4314947,-0.9617053,-1.6667368,-1.4918526,-1.4213684,-0.8291368,-0.7698947,-1.7739158,-1.9825895,-2.4027789,-2.7948,-2.7750947,-2.5663579,-2.9189053,-3.0232421,-2.3407579,-1.9233474,-2.6566105,-2.1405474,-2.3915368,-3.0457895,-2.7891789,-3.8749263,-1.1365263,-3.1473474,-1.506,-0.9109263,-0.7642737,-0.7671158,-0.3920211,-0.5160632,-0.5499158,-0.4992,-0.4343368,-0.4117263,-0.1832842,-0.3356211,-0.2284421,-0.0677053,0,0,0,0,0,0,0,0,0,0,0,0,0,0,0,0,0,0,0,0,0,0
2688,B356,0,0,0,0,0,0,0,0,0,0,0,0,0,0,0,0,0,0,0,0,0,0,0,0,0,0,0,-0.0338526,-0.1974316,-0.2622947,-0.2989263,-0.3750947,-0.3779368,-0.7896632,-0.9644842,-0.4314947,-0.9617053,-1.6667368,-1.4918526,-1.4213684,-0.8291368,-0.7698947,-1.7739158,-1.9825895,-2.4027789,-2.7948,-2.7750947,-2.5663579,-2.9189053,-3.0232421,-2.3407579,-1.9233474,-2.6566105,-2.1405474,-2.3915368,-3.0457895,-2.7891789,-3.8749263,-1.1365263,-3.1473474,-1.506,-0.9109263,-0.7642737,-0.7671158,-0.3920211,-0.5160632,-0.5499158,-0.4992,-0.4343368,-0.4117263,-0.1832842,-0.3356211,-0.2284421,-0.0677053,0,0,0,0,0,0,0,0,0,0,0,0,0,0,0,0,0,0,0,0,0,0
2691,B357,0,0,0,0,0,0,0,0,0,0,0,0,0,0,0,0,0,0,0,0,0,0,0,0,0,0,0,-0.0451368,-0.2632421,-0.3497263,-0.3985684,-0.5001263,-0.5039158,-1.0528842,-1.2859789,-0.5753263,-1.2822737,-2.2223158,-1.9891368,-1.8951579,-1.1055158,-1.0265263,-2.3652211,-2.6434526,-3.2037053,-3.7264,-3.7001263,-3.4218105,-3.8918737,-4.0309895,-3.1210105,-2.5644632,-3.5421474,-2.8540632,-3.1887158,-4.0610526,-3.7189053,-5.1665684,-1.5153684,-4.1964632,-2.008,-1.2145684,-1.0190316,-1.0228211,-0.5226947,-0.6880842,-0.7332211,-0.6656,-0.5791158,-0.5489684,-0.2443789,-0.4474947,-0.3045895,-0.0902737,0,0,0,0,0,0,0,0,0,0,0,0,0,0,0,0,0,0,0,0,0,0
2692,B358,0,0,0,0,0,0,0,0,0,0,0,0,0,0,0,0,0,0,0,0,0,0,0,0,0,0,0,-0.04288,-0.25008,-0.33224,-0.37864,-0.47512,-0.47872,-1.00024,-1.22168,-0.54656,-1.21816,-2.1112,-1.88968,-1.8004,-1.05024,-0.9752,-2.24696,-2.51128,-3.04352,-3.54008,-3.51512,-3.25072,-3.69728,-3.82944,-2.96496,-2.43624,-3.36504,-2.71136,-3.02928,-3.858,-3.53296,-4.90824,-1.4396,-3.98664,-1.9076,-1.15384,-0.96808,-0.97168,-0.49656,-0.65368,-0.69656,-0.63232,-0.55016,-0.52152,-0.23216,-0.42512,-0.28936,-0.08576,0,0,0,0,0,0,0,0,0,0,0,0,0,0,0,0,0,0,0,0,0,0
2695,B359,-2.4811478,-2.3553391,-2.3611478,-2.0491826,-2.2559304,-2.0239304,-1.4353043,-1.3409739,-1.5670957,-1.8279652,-1.9774609,-1.6934957,-1.6499478,-1.8694957,-1.6722435,-1.5880696,-1.6016696,-1.487513,-1.1895304,-1.050887,-1.0349565,-1.0295304,-0.8237565,-0.809913,-0.8870261,-1.0481043,-1.5323478,-1.7470609,-1.9111304,-2.5096696,-2.544487,-2.5222261,-2.6071652,-2.8755478,-2.8885565,-2.5424348,-2.3117913,-2.4536,-2.3297043,-1.8062261,-1.9812174,-2.0993043,-2.1511652,-1.9112696,-2.3414261,-2.3760696,-1.9601043,-1.8330783,-1.5893565,-1.5347826,-1.6622957,-1.9009391,-1.9557565,-2.0609739,-1.578887,-1.1627478,-1.3929391,-1.338887,-1.8686609,-1.9524522,-1.7401739,-1.9983652,-1.6945043,-1.4823652,-2.1992348,-2.6032,-2.2344348,-2.0519304,-2.0919652,-2.2379478,-2.0786435,-1.9461913,-2.0363826,-2.3146435,-2.2257739,-3.1612522,-3.9803478,-3.588487,-3.068,-3.0057043,-2.4587826,-3.2857739,-3.5017043,-4.3525565,-5.0595478,-5.1838261,-4.7343304,-4.4469913,-3.8083478,-3.6366261,-3.3974957,-3.4073739,-3.1993043,-3.1889043,-3.3333565,-3.1835478
2698,B360,-1.2405739,-1.1776696,-1.1805739,-1.0245913,-1.1279652,-1.0119652,-0.7176522,-0.670487,-0.7835478,-0.9139826,-0.9887304,-0.8467478,-0.8249739,-0.9347478,-0.8361217,-0.7940348,-0.8008348,-0.7437565,-0.5947652,-0.5254435,-0.5174783,-0.5147652,-0.4118783,-0.4049565,-0.443513,-0.5240522,-0.7661739,-0.8735304,-0.9555652,-1.2548348,-1.2722435,-1.261113,-1.3035826,-1.4377739,-1.4442783,-1.2712174,-1.1558957,-1.2268,-1.1648522,-0.903113,-0.9906087,-1.0496522,-1.0755826,-0.9556348,-1.170713,-1.1880348,-0.9800522,-0.9165391,-0.7946783,-0.7673913,-0.8311478,-0.9504696,-0.9778783,-1.030487,-0.7894435,-0.5813739,-0.6964696,-0.6694435,-0.9343304,-0.9762261,-0.870087,-0.9991826,-0.8472522,-0.7411826,-1.0996174,-1.3016,-1.1172174,-1.0259652,-1.0459826,-1.1189739,-1.0393217,-0.9730957,-1.0181913,-1.1573217,-1.112887,-1.5806261,-1.9901739,-1.7942435,-1.534,-1.5028522,-1.2293913,-1.642887,-1.7508522,-2.1762783,-2.5297739,-2.591913,-2.3671652,-2.2234957,-1.9041739,-1.818313,-1.6987478,-1.703687,-1.5996522,-1.5944522,-1.6666783,-1.5917739
2699,B361,-1.2405739,-1.1776696,-1.1805739,-1.0245913,-1.1279652,-1.0119652,-0.7176522,-0.670487,-0.7835478,-0.9139826,-0.9887304,-0.8467478,-0.8249739,-0.9347478,-0.8361217,-0.7940348,-0.8008348,-0.7437565,-0.5947652,-0.5254435,-0.5174783,-0.5147652,-0.4118783,-0.4049565,-0.443513,-0.5240522,-0.7661739,-0.8735304,-0.9555652,-1.2548348,-1.2722435,-1.261113,-1.3035826,-1.4377739,-1.4442783,-1.2712174,-1.1558957,-1.2268,-1.1648522,-0.903113,-0.9906087,-1.0496522,-1.0755826,-0.9556348,-1.170713,-1.1880348,-0.9800522,-0.9165391,-0.7946783,-0.7673913,-0.8311478,-0.9504696,-0.9778783,-1.030487,-0.7894435,-0.5813739,-0.6964696,-0.6694435,-0.9343304,-0.9762261,-0.870087,-0.9991826,-0.8472522,-0.7411826,-1.0996174,-1.3016,-1.1172174,-1.0259652,-1.0459826,-1.1189739,-1.0393217,-0.9730957,-1.0181913,-1.1573217,-1.112887,-1.5806261,-1.9901739,-1.7942435,-1.534,-1.5028522,-1.2293913,-1.642887,-1.7508522,-2.1762783,-2.5297739,-2.591913,-2.3671652,-2.2234957,-1.9041739,-1.818313,-1.6987478,-1.703687,-1.5996522,-1.5944522,-1.6666783,-1.5917739
2702,B362,-0.8684017,-0.8243687,-0.8264017,-0.7172139,-0.7895757,-0.7083757,-0.5023565,-0.4693409,-0.5484835,-0.6397878,-0.6921113,-0.5927235,-0.5774817,-0.6543235,-0.5852852,-0.5558243,-0.5605843,-0.5206296,-0.4163357,-0.3678104,-0.3622348,-0.3603357,-0.2883148,-0.2834696,-0.3104591,-0.3668365,-0.5363217,-0.6114713,-0.6688957,-0.8783843,-0.8905704,-0.8827791,-0.9125078,-1.0064417,-1.0109948,-0.8898522,-0.809127,-0.85876,-0.8153965,-0.6321791,-0.6934261,-0.7347565,-0.7529078,-0.6689443,-0.8194991,-0.8316243,-0.6860365,-0.6415774,-0.5562748,-0.5371739,-0.5818035,-0.6653287,-0.6845148,-0.7213409,-0.5526104,-0.4069617,-0.4875287,-0.4686104,-0.6540313,-0.6833583,-0.6090609,-0.6994278,-0.5930765,-0.5188278,-0.7697322,-0.91112,-0.7820522,-0.7181757,-0.7321878,-0.7832817,-0.7275252,-0.681167,-0.7127339,-0.8101252,-0.7790209,-1.1064383,-1.3931217,-1.2559704,-1.0738,-1.0519965,-0.8605739,-1.1500209,-1.2255965,-1.5233948,-1.7708417,-1.8143391,-1.6570157,-1.556447,-1.3329217,-1.2728191,-1.1891235,-1.1925809,-1.1197565,-1.1161165,-1.1666748,-1.1142417
2705,B363,0,0,0,0,0,0,0,0,0,0,0,0,0,0,0,0,0,0,0,0,0,0,0,0,0,0,0,-0.0338526,-0.1974316,-0.2622947,-0.2989263,-0.3750947,-0.3779368,-0.7896632,-0.9644842,-0.4314947,-0.9617053,-1.6667368,-1.4918526,-1.4213684,-0.8291368,-0.7698947,-1.7739158,-1.9825895,-2.4027789,-2.7948,-2.7750947,-2.5663579,-2.9189053,-3.0232421,-2.3407579,-1.9233474,-2.6566105,-2.1405474,-2.3915368,-3.0457895,-2.7891789,-3.8749263,-1.1365263,-3.1473474,-1.506,-0.9109263,-0.7642737,-0.7671158,-0.3920211,-0.5160632,-0.5499158,-0.4992,-0.4343368,-0.4117263,-0.1832842,-0.3356211,-0.2284421,-0.0677053,0,0,0,0,0,0,0,0,0,0,0,0,0,0,0,0,0,0,0,0,0,0
2708,B364,-1.2405739,-1.1776696,-1.1805739,-1.0245913,-1.1279652,-1.0119652,-0.7176522,-0.670487,-0.7835478,-0.9139826,-0.9887304,-0.8467478,-0.8249739,-0.9347478,-0.8361217,-0.7940348,-0.8008348,-0.7437565,-0.5947652,-0.5254435,-0.5174783,-0.5147652,-0.4118783,-0.4049565,-0.443513,-0.5240522,-0.7661739,-0.8735304,-0.9555652,-1.2548348,-1.2722435,-1.261113,-1.3035826,-1.4377739,-1.4442783,-1.2712174,-1.1558957,-1.2268,-1.1648522,-0.903113,-0.9906087,-1.0496522,-1.0755826,-0.9556348,-1.170713,-1.1880348,-0.9800522,-0.9165391,-0.7946783,-0.7673913,-0.8311478,-0.9504696,-0.9778783,-1.030487,-0.7894435,-0.5813739,-0.6964696,-0.6694435,-0.9343304,-0.9762261,-0.870087,-0.9991826,-0.8472522,-0.7411826,-1.0996174,-1.3016,-1.1172174,-1.0259652,-1.0459826,-1.1189739,-1.0393217,-0.9730957,-1.0181913,-1.1573217,-1.112887,-1.5806261,-1.9901739,-1.7942435,-1.534,-1.5028522,-1.2293913,-1.642887,-1.7508522,-2.1762783,-2.5297739,-2.591913,-2.3671652,-2.2234957,-1.9041739,-1.818313,-1.6987478,-1.703687,-1.5996522,-1.5944522,-1.6666783,-1.5917739
2711,B365,0,0,0,0,0,0,0,0,0,0,0,0,0,0,0,0,0,0,0,0,0,0,0,0,0,0,0,-0.0180547,-0.1052968,-0.1398905,-0.1594274,-0.2000505,-0.2015663,-0.4211537,-0.5143916,-0.2301305,-0.5129095,-0.8889263,-0.7956547,-0.7580632,-0.4422063,-0.4106105,-0.9460884,-1.0573811,-1.2814821,-1.49056,-1.4800505,-1.3687242,-1.5567495,-1.6123958,-1.2484042,-1.0257853,-1.4168589,-1.1416253,-1.2754863,-1.6244211,-1.4875621,-2.0666274,-0.6061474,-1.6785853,-0.8032,-0.4858274,-0.4076126,-0.4091284,-0.2090779,-0.2752337,-0.2932884,-0.26624,-0.2316463,-0.2195874,-0.0977516,-0.1789979,-0.1218358,-0.0361095,0,0,0,0,0,0,0,0,0,0,0,0,0,0,0,0,0,0,0,0,0,0
2712,B366,0,0,0,0,0,0,0,0,0,0,0,0,0,0,0,0,0,0,0,0,0,0,0,0,0,0,0,-0.0135411,-0.0789726,-0.1049179,-0.1195705,-0.1500379,-0.1511747,-0.3158653,-0.3857937,-0.1725979,-0.3846821,-0.6666947,-0.5967411,-0.5685474,-0.3316547,-0.3079579,-0.7095663,-0.7930358,-0.9611116,-1.11792,-1.1100379,-1.0265432,-1.1675621,-1.2092968,-0.9363032,-0.7693389,-1.0626442,-0.8562189,-0.9566147,-1.2183158,-1.1156716,-1.5499705,-0.4546105,-1.2589389,-0.6024,-0.3643705,-0.3057095,-0.3068463,-0.1568084,-0.2064253,-0.2199663,-0.19968,-0.1737347,-0.1646905,-0.0733137,-0.1342484,-0.0913768,-0.0270821,0,0,0,0,0,0,0,0,0,0,0,0,0,0,0,0,0,0,0,0,0,0
2715,B367,0,0,0,0,0,0,0,0,0,0,0,0,0,0,0,0,0,0,0,0,0,0,0,0,0,0,0,-0.0519074,-0.3027284,-0.4021853,-0.4583537,-0.5751453,-0.5795032,-1.2108168,-1.4788758,-0.6616253,-1.4746147,-2.5556632,-2.2875074,-2.1794316,-1.2713432,-1.1805053,-2.7200042,-3.0399705,-3.6842611,-4.28536,-4.2551453,-3.9350821,-4.4756547,-4.6356379,-3.5891621,-2.9491326,-4.0734695,-3.2821726,-3.6670232,-4.6702105,-4.2767411,-5.9415537,-1.7426737,-4.8259326,-2.3092,-1.3967537,-1.1718863,-1.1762442,-0.6010989,-0.7912968,-0.8432042,-0.76544,-0.6659832,-0.6313137,-0.2810358,-0.5146189,-0.3502779,-0.1038147,0,0,0,0,0,0,0,0,0,0,0,0,0,0,0,0,0,0,0,0,0,0
2718,B368,0,0,0,0,0,0,0,0,0,0,0,0,0,0,0,0,0,0,0,0,0,0,0,0,0,0,0,-0.12864,-0.75024,-0.99672,-1.13592,-1.42536,-1.43616,-3.00072,-3.66504,-1.63968,-3.65448,-6.3336,-5.66904,-5.4012,-3.15072,-2.9256,-6.74088,-7.53384,-9.13056,-10.62024,-10.54536,-9.75216,-11.09184,-11.48832,-8.89488,-7.30872,-10.09512,-8.13408,-9.08784,-11.574,-10.59888,-14.72472,-4.3188,-11.95992,-5.7228,-3.46152,-2.90424,-2.91504,-1.48968,-1.96104,-2.08968,-1.89696,-1.65048,-1.56456,-0.69648,-1.27536,-0.86808,-0.25728,0,0,0,0,0,0,0,0,0,0,0,0,0,0,0,0,0,0,0,0,0,0
2721,B369,0,0,0,0,0,0,0,0,0,0,0,0,0,0,0,0,0,0,0,0,0,0,0,0,0,0,0,-0.0631916,-0.3685389,-0.4896168,-0.5579958,-0.7001768,-0.7054821,-1.4740379,-1.8003705,-0.8054568,-1.7951832,-3.1112421,-2.7847916,-2.6532211,-1.5477221,-1.4371368,-3.3113095,-3.7008337,-4.4851874,-5.21696,-5.1801768,-4.7905347,-5.4486232,-5.6433853,-4.3694147,-3.5902484,-4.9590063,-3.9956884,-4.4642021,-5.6854737,-5.2064674,-7.2331958,-2.1215158,-5.8750484,-2.8112,-1.7003958,-1.4266442,-1.4319495,-0.7317726,-0.9633179,-1.0265095,-0.93184,-0.8107621,-0.7685558,-0.3421305,-0.6264926,-0.4264253,-0.1263832,0,0,0,0,0,0,0,0,0,0,0,0,0,0,0,0,0,0,0,0,0,0
2724,B370,0,0,0,0,0,0,0,0,0,0,0,0,0,0,0,0,0,0,0,0,0,0,0,0,0,0,0,-0.0327242,-0.1908505,-0.2535516,-0.2889621,-0.3625916,-0.3653389,-0.7633411,-0.9323347,-0.4171116,-0.9296484,-1.6111789,-1.4421242,-1.3739895,-0.8014989,-0.7442316,-1.7147853,-1.9165032,-2.3226863,-2.70164,-2.6825916,-2.4808126,-2.8216084,-2.9224674,-2.2627326,-1.8592358,-2.5680568,-2.0691958,-2.3118189,-2.9442632,-2.6962063,-3.7457621,-1.0986421,-3.0424358,-1.4558,-0.8805621,-0.7387979,-0.7415453,-0.3789537,-0.4988611,-0.5315853,-0.48256,-0.4198589,-0.3980021,-0.1771747,-0.3244337,-0.2208274,-0.0654484,0,0,0,0,0,0,0,0,0,0,0,0,0,0,0,0,0,0,0,0,0,0
2727,B371,-0.7443443,-0.7066017,-0.7083443,-0.6147548,-0.6767791,-0.6071791,-0.4305913,-0.4022922,-0.4701287,-0.5483896,-0.5932383,-0.5080487,-0.4949843,-0.5608487,-0.501673,-0.4764209,-0.4805009,-0.4462539,-0.3568591,-0.3152661,-0.310487,-0.3088591,-0.247127,-0.2429739,-0.2661078,-0.3144313,-0.4597043,-0.5241183,-0.5733391,-0.7529009,-0.7633461,-0.7566678,-0.7821496,-0.8626643,-0.866567,-0.7627304,-0.6935374,-0.73608,-0.6989113,-0.5418678,-0.5943652,-0.6297913,-0.6453496,-0.5733809,-0.7024278,-0.7128209,-0.5880313,-0.5499235,-0.476807,-0.4604348,-0.4986887,-0.5702817,-0.586727,-0.6182922,-0.4736661,-0.3488243,-0.4178817,-0.4016661,-0.5605983,-0.5857357,-0.5220522,-0.5995096,-0.5083513,-0.4447096,-0.6597704,-0.78096,-0.6703304,-0.6155791,-0.6275896,-0.6713843,-0.623593,-0.5838574,-0.6109148,-0.694393,-0.6677322,-0.9483757,-1.1941043,-1.0765461,-0.9204,-0.9017113,-0.7376348,-0.9857322,-1.0505113,-1.305767,-1.5178643,-1.5551478,-1.4202991,-1.3340974,-1.1425043,-1.0909878,-1.0192487,-1.0222122,-0.9597913,-0.9566713,-1.000007,-0.9550643
2730,B372,-0.8311845,-0.7890386,-0.7909845,-0.6864762,-0.7557367,-0.6780167,-0.480827,-0.4492263,-0.524977,-0.6123683,-0.6624494,-0.567321,-0.5527325,-0.626281,-0.5602016,-0.5320033,-0.5365593,-0.4983169,-0.3984927,-0.3520471,-0.3467104,-0.3448927,-0.2759584,-0.2713209,-0.2971537,-0.351115,-0.5133365,-0.5852654,-0.6402287,-0.8407393,-0.8524031,-0.8449457,-0.8734003,-0.9633085,-0.9676664,-0.8517157,-0.7744501,-0.821956,-0.780451,-0.6050857,-0.6637078,-0.703267,-0.7206403,-0.6402753,-0.7843777,-0.7959833,-0.656635,-0.6140812,-0.5324344,-0.5141522,-0.556869,-0.6368146,-0.6551784,-0.6904263,-0.5289271,-0.3895205,-0.4666346,-0.4485271,-0.6260014,-0.6540715,-0.5829583,-0.6694523,-0.567659,-0.4965923,-0.7367437,-0.872072,-0.7485357,-0.6873967,-0.7008083,-0.7497125,-0.6963456,-0.6519741,-0.6821882,-0.7754056,-0.7456343,-1.0590195,-1.3334165,-1.2021431,-1.02778,-1.006911,-0.8236922,-1.1007343,-1.173071,-1.4581064,-1.6949485,-1.7365817,-1.5860007,-1.4897421,-1.2757965,-1.2182697,-1.138161,-1.1414703,-1.071767,-1.068283,-1.1166744,-1.0664885
2733,B373,-1.4886887,-1.4132035,-1.4166887,-1.2295096,-1.3535583,-1.2143583,-0.8611826,-0.8045843,-0.9402574,-1.0967791,-1.1864765,-1.0160974,-0.9899687,-1.1216974,-1.0033461,-0.9528417,-0.9610017,-0.8925078,-0.7137183,-0.6305322,-0.6209739,-0.6177183,-0.4942539,-0.4859478,-0.5322157,-0.6288626,-0.9194087,-1.0482365,-1.1466783,-1.5058017,-1.5266922,-1.5133357,-1.5642991,-1.7253287,-1.7331339,-1.5254609,-1.3870748,-1.47216,-1.3978226,-1.0837357,-1.1887304,-1.2595826,-1.2906991,-1.1467617,-1.4048557,-1.4256417,-1.1760626,-1.099847,-0.9536139,-0.9208696,-0.9973774,-1.1405635,-1.1734539,-1.2365843,-0.9473322,-0.6976487,-0.8357635,-0.8033322,-1.1211965,-1.1714713,-1.0441043,-1.1990191,-1.0167026,-0.8894191,-1.3195409,-1.56192,-1.3406609,-1.2311583,-1.2551791,-1.3427687,-1.2471861,-1.1677148,-1.2218296,-1.3887861,-1.3354643,-1.8967513,-2.3882087,-2.1530922,-1.8408,-1.8034226,-1.4752696,-1.9714643,-2.1010226,-2.6115339,-3.0357287,-3.1102957,-2.8405983,-2.6681948,-2.2850087,-2.1819757,-2.0384974,-2.0444243,-1.9195826,-1.9133426,-2.0000139,-1.9101287
2736,B374,0,0,0,0,0,0,0,0,0,0,0,0,0,0,0,0,0,0,0,0,0,0,0,0,0,0,0,-0.0338526,-0.1974316,-0.2622947,-0.2989263,-0.3750947,-0.3779368,-0.7896632,-0.9644842,-0.4314947,-0.9617053,-1.6667368,-1.4918526,-1.4213684,-0.8291368,-0.7698947,-1.7739158,-1.9825895,-2.4027789,-2.7948,-2.7750947,-2.5663579,-2.9189053,-3.0232421,-2.3407579,-1.9233474,-2.6566105,-2.1405474,-2.3915368,-3.0457895,-2.7891789,-3.8749263,-1.1365263,-3.1473474,-1.506,-0.9109263,-0.7642737,-0.7671158,-0.3920211,-0.5160632,-0.5499158,-0.4992,-0.4343368,-0.4117263,-0.1832842,-0.3356211,-0.2284421,-0.0677053,0,0,0,0,0,0,0,0,0,0,0,0,0,0,0,0,0,0,0,0,0,0
2423,B375,0,0,0,0,0,0,0,0,0,0,0,0,0,0,0,0,0,0,0,0,0,0,0,0,0,0,0,-0.0022568,-0.0131621,-0.0174863,-0.0199284,-0.0250063,-0.0251958,-0.0526442,-0.0642989,-0.0287663,-0.0641137,-0.1111158,-0.0994568,-0.0947579,-0.0552758,-0.0513263,-0.1182611,-0.1321726,-0.1601853,-0.18632,-0.1850063,-0.1710905,-0.1945937,-0.2015495,-0.1560505,-0.1282232,-0.1771074,-0.1427032,-0.1594358,-0.2030526,-0.1859453,-0.2583284,-0.0757684,-0.2098232,-0.1004,-0.0607284,-0.0509516,-0.0511411,-0.0261347,-0.0344042,-0.0366611,-0.03328,-0.0289558,-0.0274484,-0.0122189,-0.0223747,-0.0152295,-0.0045137,0,0,0,0,0,0,0,0,0,0,0,0,0,0,0,0,0,0,0,0,0,0
1,B376,-301.08,-301.08,-301.08,-301.08,-301.08,-301.08,-301.08,-301.08,-301.08,-301.08,-301.08,-301.08,-301.08,-301.08,-301.08,-301.08,-301.08,-301.08,-301.08,-301.08,-301.08,-301.08,-301.08,-301.08,-301.08,-301.08,-301.08,-301.08,-301.08,-301.08,-301.08,-301.08,-301.08,-301.08,-301.08,-301.08,-301.08,-301.08,-301.08,-301.08,-301.08,-301.08,-301.08,-301.08,-301.08,-301.08,-301.08,-301.08,-301.08,-301.08,-301.08,-301.08,-301.08,-301.08,-301.08,-301.08,-301.08,-301.08,-301.08,-301.08,-301.08,-301.08,-301.08,-301.08,-301.08,-301.08,-301.08,-301.08,-301.08,-301.08,-301.08,-301.08,-301.08,-301.08,-301.08,-301.08,-301.08,-301.08,-301.08,-301.08,-301.08,-301.08,-301.08,-301.08,-301.08,-301.08,-301.08,-301.08,-301.08,-301.08,-301.08,-301.08,-301.08,-301.08,-301.08,-301.08
2,B377,-300,-300,-300,-300,-300,-300,-300,-300,-300,-300,-300,-300,-300,-300,-300,-300,-300,-300,-300,-300,-300,-300,-300,-300,-300,-300,-300,-300,-300,-300,-300,-300,-300,-300,-300,-300,-300,-300,-300,-300,-300,-300,-300,-300,-300,-300,-300,-300,-300,-300,-300,-300,-300,-300,-300,-300,-300,-300,-300,-300,-300,-300,-300,-300,-300,-300,-300,-300,-300,-300,-300,-300,-300,-300,-300,-300,-300,-300,-300,-300,-300,-300,-300,-300,-300,-300,-300,-300,-300,-300,-300,-300,-300,-300,-300,-300
3,B378,-349.97,-349.97,-349.97,-349.97,-349.97,-349.97,-349.97,-349.97,-349.97,-349.97,-349.97,-349.97,-349.97,-349.97,-349.97,-349.97,-349.97,-349.97,-349.97,-349.97,-349.97,-349.97,-349.97,-349.97,-349.97,-349.97,-349.97,-349.97,-349.97,-349.97,-349.97,-349.97,-349.97,-349.97,-349.97,-349.97,-349.97,-349.97,-349.97,-349.97,-349.97,-349.97,-349.97,-349.97,-349.97,-349.97,-349.97,-349.97,-349.97,-349.97,-349.97,-349.97,-349.97,-349.97,-349.97,-349.97,-349.97,-349.97,-349.97,-349.97,-349.97,-349.97,-349.97,-349.97,-349.97,-349.97,-349.97,-349.97,-349.97,-349.97,-349.97,-349.97,-349.97,-349.97,-349.97,-349.97,-349.97,-349.97,-349.97,-349.97,-349.97,-349.97,-349.97,-349.97,-349.97,-349.97,-349.97,-349.97,-349.97,-349.97,-349.97,-349.97,-349.97,-349.97,-349.97,-349.97
24,B379,-54.79,-54.79,-54.79,-54.79,-54.79,-54.79,-54.79,-54.79,-54.79,-54.79,-54.79,-54.79,-54.79,-54.79,-54.79,-54.79,-54.79,-54.79,-54.79,-54.79,-54.79,-54.79,-54.79,-54.79,-54.79,-54.79,-54.79,-54.79,-54.79,-54.79,-54.79,-54.79,-54.79,-54.79,-54.79,-54.79,-54.79,-54.79,-54.79,-54.79,-54.79,-54.79,-54.79,-54.79,-54.79,-54.79,-54.79,-54.79,-54.79,-54.79,-54.79,-54.79,-54.79,-54.79,-54.79,-54.79,-54.79,-54.79,-54.79,-54.79,-54.79,-54.79,-54.79,-54.79,-54.79,-54.79,-54.79,-54.79,-54.79,-54.79,-54.79,-54.79,-54.79,-54.79,-54.79,-54.79,-54.79,-54.79,-54.79,-54.79,-54.79,-54.79,-54.79,-54.79,-54.79,-54.79,-54.79,-54.79,-54.79,-54.79,-54.79,-54.79,-54.79,-54.79,-54.79,-54.79
25,B380,-53.94,-53.94,-53.94,-53.94,-53.94,-53.94,-53.94,-53.94,-53.94,-53.94,-53.94,-53.94,-53.94,-53.94,-53.94,-53.94,-53.94,-53.94,-53.94,-53.94,-53.94,-53.94,-53.94,-53.94,-53.94,-53.94,-53.94,-53.94,-53.94,-53.94,-53.94,-53.94,-53.94,-53.94,-53.94,-53.94,-53.94,-53.94,-53.94,-53.94,-53.94,-53.94,-53.94,-53.94,-53.94,-53.94,-53.94,-53.94,-53.94,-53.94,-53.94,-53.94,-53.94,-53.94,-53.94,-53.94,-53.94,-53.94,-53.94,-53.94,-53.94,-53.94,-53.94,-53.94,-53.94,-53.94,-53.94,-53.94,-53.94,-53.94,-53.94,-53.94,-53.94,-53.94,-53.94,-53.94,-53.94,-53.94,-53.94,-53.94,-53.94,-53.94,-53.94,-53.94,-53.94,-53.94,-53.94,-53.94,-53.94,-53.94,-53.94,-53.94,-53.94,-53.94,-53.94,-53.94
26,B381,-12.72,-12.72,-12.72,-12.72,-12.72,-12.72,-12.72,-12.72,-12.72,-12.72,-12.72,-12.72,-12.72,-12.72,-12.72,-12.72,-12.72,-12.72,-12.72,-12.72,-12.72,-12.72,-12.72,-12.72,-12.72,-12.72,-12.72,-12.72,-12.72,-12.72,-12.72,-12.72,-12.72,-12.72,-12.72,-12.72,-12.72,-12.72,-12.72,-12.72,-12.72,-12.72,-12.72,-12.72,-12.72,-12.72,-12.72,-12.72,-12.72,-12.72,-12.72,-12.72,-12.72,-12.72,-12.72,-12.72,-12.72,-12.72,-12.72,-12.72,-12.72,-12.72,-12.72,-12.72,-12.72,-12.72,-12.72,-12.72,-12.72,-12.72,-12.72,-12.72,-12.72,-12.72,-12.72,-12.72,-12.72,-12.72,-12.72,-12.72,-12.72,-12.72,-12.72,-12.72,-12.72,-12.72,-12.72,-12.72,-12.72,-12.72,-12.72,-12.72,-12.72,-12.72,-12.72,-12.72
27,B382,-11.99,-11.99,-11.99,-11.99,-11.99,-11.99,-11.99,-11.99,-11.99,-11.99,-11.99,-11.99,-11.99,-11.99,-11.99,-11.99,-11.99,-11.99,-11.99,-11.99,-11.99,-11.99,-11.99,-11.99,-11.99,-11.99,-11.99,-11.99,-11.99,-11.99,-11.99,-11.99,-11.99,-11.99,-11.99,-11.99,-11.99,-11.99,-11.99,-11.99,-11.99,-11.99,-11.99,-11.99,-11.99,-11.99,-11.99,-11.99,-11.99,-11.99,-11.99,-11.99,-11.99,-11.99,-11.99,-11.99,-11.99,-11.99,-11.99,-11.99,-11.99,-11.99,-11.99,-11.99,-11.99,-11.99,-11.99,-11.99,-11.99,-11.99,-11.99,-11.99,-11.99,-11.99,-11.99,-11.99,-11.99,-11.99,-11.99,-11.99,-11.99,-11.99,-11.99,-11.99,-11.99,-11.99,-11.99,-11.99,-11.99,-11.99,-11.99,-11.99,-11.99,-11.99,-11.99,-11.99
545,B383,-312.18,-312.18,-312.18,-312.18,-312.18,-312.18,-312.18,-312.18,-312.18,-312.18,-312.18,-312.18,-312.18,-312.18,-312.18,-312.18,-312.18,-312.18,-312.18,-312.18,-312.18,-312.18,-312.18,-312.18,-312.18,-312.18,-312.18,-312.18,-312.18,-312.18,-312.18,-312.18,-312.18,-312.18,-312.18,-312.18,-312.18,-312.18,-312.18,-312.18,-312.18,-312.18,-312.18,-312.18,-312.18,-312.18,-312.18,-312.18,-312.18,-312.18,-312.18,-312.18,-312.18,-312.18,-312.18,-312.18,-312.18,-312.18,-312.18,-312.18,-312.18,-312.18,-312.18,-312.18,-312.18,-312.18,-312.18,-312.18,-312.18,-312.18,-312.18,-312.18,-312.18,-312.18,-312.18,-312.18,-312.18,-312.18,-312.18,-312.18,-312.18,-312.18,-312.18,-312.18,-312.18,-312.18,-312.18,-312.18,-312.18,-312.18,-312.18,-312.18,-312.18,-312.18,-312.18,-312.18
574,B384,-228.72,-228.72,-228.72,-228.72,-228.72,-228.72,-228.72,-228.72,-228.72,-228.72,-228.72,-228.72,-228.72,-228.72,-228.72,-228.72,-228.72,-228.72,-228.72,-228.72,-228.72,-228.72,-228.72,-228.72,-228.72,-228.72,-228.72,-228.72,-228.72,-228.72,-228.72,-228.72,-228.72,-228.72,-228.72,-228.72,-228.72,-228.72,-228.72,-228.72,-228.72,-228.72,-228.72,-228.72,-228.72,-228.72,-228.72,-228.72,-228.72,-228.72,-228.72,-228.72,-228.72,-228.72,-228.72,-228.72,-228.72,-228.72,-228.72,-228.72,-228.72,-228.72,-228.72,-228.72,-228.72,-228.72,-228.72,-228.72,-228.72,-228.72,-228.72,-228.72,-228.72,-228.72,-228.72,-228.72,-228.72,-228.72,-228.72,-228.72,-228.72,-228.72,-228.72,-228.72,-228.72,-228.72,-228.72,-228.72,-228.72,-228.72,-228.72,-228.72,-228.72,-228.72,-228.72,-228.72
933,B385,-12.7,-12.7,-12.7,-12.7,-12.7,-12.7,-12.7,-12.7,-12.7,-12.7,-12.7,-12.7,-12.7,-12.7,-12.7,-12.7,-12.7,-12.7,-12.7,-12.7,-12.7,-12.7,-12.7,-12.7,-12.7,-12.7,-12.7,-12.7,-12.7,-12.7,-12.7,-12.7,-12.7,-12.7,-12.7,-12.7,-12.7,-12.7,-12.7,-12.7,-12.7,-12.7,-12.7,-12.7,-12.7,-12.7,-12.7,-12.7,-12.7,-12.7,-12.7,-12.7,-12.7,-12.7,-12.7,-12.7,-12.7,-12.7,-12.7,-12.7,-12.7,-12.7,-12.7,-12.7,-12.7,-12.7,-12.7,-12.7,-12.7,-12.7,-12.7,-12.7,-12.7,-12.7,-12.7,-12.7,-12.7,-12.7,-12.7,-12.7,-12.7,-12.7,-12.7,-12.7,-12.7,-12.7,-12.7,-12.7,-12.7,-12.7,-12.7,-12.7,-12.7,-12.7,-12.7,-12.7
988,B386,-10.6,-10.6,-10.6,-10.6,-10.6,-10.6,-10.6,-10.6,-10.6,-10.6,-10.6,-10.6,-10.6,-10.6,-10.6,-10.6,-10.6,-10.6,-10.6,-10.6,-10.6,-10.6,-10.6,-10.6,-10.6,-10.6,-10.6,-10.6,-10.6,-10.6,-10.6,-10.6,-10.6,-10.6,-10.6,-10.6,-10.6,-10.6,-10.6,-10.6,-10.6,-10.6,-10.6,-10.6,-10.6,-10.6,-10.6,-10.6,-10.6,-10.6,-10.6,-10.6,-10.6,-10.6,-10.6,-10.6,-10.6,-10.6,-10.6,-10.6,-10.6,-10.6,-10.6,-10.6,-10.6,-10.6,-10.6,-10.6,-10.6,-10.6,-10.6,-10.6,-10.6,-10.6,-10.6,-10.6,-10.6,-10.6,-10.6,-10.6,-10.6,-10.6,-10.6,-10.6,-10.6,-10.6,-10.6,-10.6,-10.6,-10.6,-10.6,-10.6,-10.6,-10.6,-10.6,-10.6
1579,B387,-6.3,-6.3,-6.3,-6.3,-6.3,-6.3,-6.3,-6.3,-6.3,-6.3,-6.3,-6.3,-6.3,-6.3,-6.3,-6.3,-6.3,-6.3,-6.3,-6.3,-6.3,-6.3,-6.3,-6.3,-6.3,-6.3,-6.3,-6.3,-6.3,-6.3,-6.3,-6.3,-6.3,-6.3,-6.3,-6.3,-6.3,-6.3,-6.3,-6.3,-6.3,-6.3,-6.3,-6.3,-6.3,-6.3,-6.3,-6.3,-6.3,-6.3,-6.3,-6.3,-6.3,-6.3,-6.3,-6.3,-6.3,-6.3,-6.3,-6.3,-6.3,-6.3,-6.3,-6.3,-6.3,-6.3,-6.3,-6.3,-6.3,-6.3,-6.3,-6.3,-6.3,-6.3,-6.3,-6.3,-6.3,-6.3,-6.3,-6.3,-6.3,-6.3,-6.3,-6.3,-6.3,-6.3,-6.3,-6.3,-6.3,-6.3,-6.3,-6.3,-6.3,-6.3,-6.3,-6.3
1585,B388,-8.6,-8.6,-8.6,-8.6,-8.6,-8.6,-8.6,-8.6,-8.6,-8.6,-8.6,-8.6,-8.6,-8.6,-8.6,-8.6,-8.6,-8.6,-8.6,-8.6,-8.6,-8.6,-8.6,-8.6,-8.6,-8.6,-8.6,-8.6,-8.6,-8.6,-8.6,-8.6,-8.6,-8.6,-8.6,-8.6,-8.6,-8.6,-8.6,-8.6,-8.6,-8.6,-8.6,-8.6,-8.6,-8.6,-8.6,-8.6,-8.6,-8.6,-8.6,-8.6,-8.6,-8.6,-8.6,-8.6,-8.6,-8.6,-8.6,-8.6,-8.6,-8.6,-8.6,-8.6,-8.6,-8.6,-8.6,-8.6,-8.6,-8.6,-8.6,-8.6,-8.6,-8.6,-8.6,-8.6,-8.6,-8.6,-8.6,-8.6,-8.6,-8.6,-8.6,-8.6,-8.6,-8.6,-8.6,-8.6,-8.6,-8.6,-8.6,-8.6,-8.6,-8.6,-8.6,-8.6
1726,B389,-7.4,-7.4,-7.4,-7.4,-7.4,-7.4,-7.4,-7.4,-7.4,-7.4,-7.4,-7.4,-7.4,-7.4,-7.4,-7.4,-7.4,-7.4,-7.4,-7.4,-7.4,-7.4,-7.4,-7.4,-7.4,-7.4,-7.4,-7.4,-7.4,-7.4,-7.4,-7.4,-7.4,-7.4,-7.4,-7.4,-7.4,-7.4,-7.4,-7.4,-7.4,-7.4,-7.4,-7.4,-7.4,-7.4,-7.4,-7.4,-7.4,-7.4,-7.4,-7.4,-7.4,-7.4,-7.4,-7.4,-7.4,-7.4,-7.4,-7.4,-7.4,-7.4,-7.4,-7.4,-7.4,-7.4,-7.4,-7.4,-7.4,-7.4,-7.4,-7.4,-7.4,-7.4,-7.4,-7.4,-7.4,-7.4,-7.4,-7.4,-7.4,-7.4,-7.4,-7.4,-7.4,-7.4,-7.4,-7.4,-7.4,-7.4,-7.4,-7.4,-7.4,-7.4,-7.4,-7.4
2005,B390,-3.7,-3.7,-3.7,-3.7,-3.7,-3.7,-3.7,-3.7,-3.7,-3.7,-3.7,-3.7,-3.7,-3.7,-3.7,-3.7,-3.7,-3.7,-3.7,-3.7,-3.7,-3.7,-3.7,-3.7,-3.7,-3.7,-3.7,-3.7,-3.7,-3.7,-3.7,-3.7,-3.7,-3.7,-3.7,-3.7,-3.7,-3.7,-3.7,-3.7,-3.7,-3.7,-3.7,-3.7,-3.7,-3.7,-3.7,-3.7,-3.7,-3.7,-3.7,-3.7,-3.7,-3.7,-3.7,-3.7,-3.7,-3.7,-3.7,-3.7,-3.7,-3.7,-3.7,-3.7,-3.7,-3.7,-3.7,-3.7,-3.7,-3.7,-3.7,-3.7,-3.7,-3.7,-3.7,-3.7,-3.7,-3.7,-3.7,-3.7,-3.7,-3.7,-3.7,-3.7,-3.7,-3.7,-3.7,-3.7,-3.7,-3.7,-3.7,-3.7,-3.7,-3.7,-3.7,-3.7
