line,i,j,x,pmin,pmax,ratio,IsBuildPlineLimit
1,1,580,0.0001,0,0,1,NO
2,2,634,0.0001,0,0,1,NO
3,574,18,-0.0112,0,0,1,NO
4,574,19,-0.0112,0,0,1,NO
5,701,20,-0.0057,0,0,1,NO
6,701,21,-0.0057,0,0,1,NO
7,597,628,0.01503,-99999,99999,1,YES
8,597,628,0.01503,-99999,99999,1,YES
9,662,628,0.00344,-99999,99999,1,YES
10,662,628,0.00356,-99999,99999,1,YES
11,662,580,0.00562,-99999,99999,1,YES
12,624,580,0.00622,-99999,99999,1,YES
13,580,628,0.00581,-99999,99999,1,YES
14,654,574,0.00525,-99999,99999,1,YES
15,654,574,0.00523,-99999,99999,1,YES
16,634,628,0.00121,-99999,99999,1,YES
17,634,628,0.00119,-99999,99999,1,YES
18,634,654,0.00797,-99999,99999,1,YES
19,634,654,0.00797,-99999,99999,1,YES
20,603,22,-0.0082,0,0,1,NO
21,603,23,-0.0082,0,0,1,NO
22,648,24,-0.0106,0,0,1,NO
23,648,25,-0.0106,0,0,1,NO
24,648,624,0.01711,-2070.81,2070.81,1,NO
25,648,624,0.01792,-2070.81,2070.81,1,NO
26,648,694,0.00235,-2633.925,2633.925,1,NO
27,545,694,0.01095,-2422.30275,2422.30275,1,NO
28,545,694,0.01095,-2422.30275,2422.30275,1,NO
29,694,639,0.01046,-2422.30275,2422.30275,1,NO
30,694,639,0.01046,-2422.30275,2422.30275,1,NO
31,561,4,0.00029,-1135.3125,1135.3125,1,NO
32,561,5,0.00029,-1135.3125,1135.3125,1,NO
33,701,561,0.00758,-2213.40525,2213.40525,1,NO
34,561,624,0.00928,-2213.40525,2213.40525,1,NO
35,639,648,0.00959,-2070.81,2070.81,1,NO
36,624,675,0.02297,-2026.30575,2026.30575,1,NO
37,624,675,0.02346,-2026.30575,2026.30575,1,NO
38,683,554,0.00616,-3039.0045,3039.0045,1,NO
39,683,554,0.00598,-3662.97225,3662.97225,1,NO
40,545,683,0.0076,-2633.925,2633.925,1,NO
41,554,639,0.01215,-2775.612,2775.612,1,NO
42,639,701,0.01996,-2139.837,2139.837,1,NO
43,639,701,0.01936,-2139.837,2139.837,1,NO
44,639,690,0.00577,-1816.5,1816.5,1,NO
45,639,690,0.006,-1816.5,1816.5,1,NO
46,612,690,0.0052,-2633.925,2633.925,1,NO
47,648,612,0.00771,-2633.925,2633.925,1,NO
48,618,635,0.0182,-2633.925,2633.925,1,NO
49,635,701,0.00404,-2270.625,2270.625,1,NO
50,635,701,0.0042,-2633.925,2633.925,1,NO
51,567,635,0.01333,-3366.88275,3366.88275,1,NO
52,618,567,0.0089,-2633.925,2633.925,1,NO
54,11,603,0.0038,-1362.375,1362.375,1,NO
55,12,603,0.00382,-1362.375,1362.375,1,NO
56,15,587,0.00264,-3366.88275,3366.88275,1,NO
57,15,587,0.00246,-3366.88275,3366.88275,1,NO
58,15,639,0.01364,-3366.88275,3366.88275,1,NO
59,15,639,0.01404,-3366.88275,3366.88275,1,NO
60,662,3,0.02785,-2368.716,2368.716,1,NO
61,662,3,0.02785,-2368.716,2368.716,1,NO
62,648,3,0.02264,-2422.30275,2422.30275,1,NO
63,28,648,0.00985,-2213.40525,2213.40525,1,NO
64,28,662,0.02129,-2213.40525,2213.40525,1,NO
65,26,597,-0.0112,0,0,1,NO
66,27,597,-0.0112,0,0,1,NO
67,55,56,0.0001,0,0,1,NO
68,60,59,0.0001,0,0,1,NO
69,64,65,0.0001,0,0,1,NO
70,68,69,0.0001,0,0,1,NO
71,73,72,0.0001,0,0,1,NO
72,76,77,0.0001,-318.32,318.32,1,NO
73,79,78,0.0001,0,0,1,NO
74,82,83,0.0001,0,0,1,NO
75,96,97,0.0001,0,0,1,NO
76,98,99,0.0001,0,0,1,NO
77,121,120,0.0001,0,0,1,NO
78,122,121,0.0001,0,0,1,NO
79,139,137,0.0001,0,0,1,NO
80,138,139,0.0001,0,0,1,NO
81,141,140,0.0001,0,0,1,NO
82,142,140,0.0001,0,0,1,NO
83,145,143,0.0001,0,0,1,NO
84,144,143,0.0001,0,0,1,NO
85,147,146,0.0001,0,0,1,NO
86,148,146,0.0001,0,0,1,NO
87,133,134,0.0001,0,0,1,NO
88,133,131,0.0001,0,0,1,NO
89,151,152,0.0001,0,0,1,NO
90,153,154,0.0001,0,0,1,NO
91,155,156,0.0001,0,0,1,NO
92,157,158,0.0001,0,0,1,NO
93,150,149,0.0001,0,0,1,NO
94,166,167,0.0001,0,0,1,NO
95,170,171,0.0001,0,0,1,NO
96,172,173,0.0001,0,0,1,NO
97,174,175,0.0001,0,0,1,NO
98,168,169,0.0001,0,0,1,NO
99,181,179,0.0001,0,0,1,NO
100,182,179,0.0001,0,0,1,NO
101,196,193,0.0001,0,0,1,NO
102,199,198,0.0001,0,0,1,NO
103,203,208,0.0001,0,0,1,NO
104,203,209,0.0001,0,0,1,NO
105,246,797,0.0037,0,0,1,NO
106,249,797,0.0037,0,0,1,NO
107,252,814,0.0037,0,0,1,NO
108,255,807,0.0037,0,0,1,NO
109,258,775,0.0037,0,0,1,NO
110,261,807,0.0037,0,0,1,NO
111,264,872,0.0037,0,0,1,NO
112,267,726,0.0037,0,0,1,NO
113,270,712,0.0037,0,0,1,NO
114,273,712,0.0037,0,0,1,NO
115,276,734,0.0037,0,0,1,NO
116,279,800,0.0037,0,0,1,NO
117,282,814,0.0037,0,0,1,NO
118,288,1726,0.0037,0,0,1,NO
119,291,1762,0.0037,0,0,1,NO
120,294,1787,0.0037,0,0,1,NO
121,303,1616,0.0037,0,0,1,NO
122,306,1609,0.0037,0,0,1,NO
123,309,1579,0.0037,0,0,1,NO
124,312,1628,0.0037,0,0,1,NO
125,315,1628,0.0037,0,0,1,NO
126,318,1585,0.0037,0,0,1,NO
127,321,1642,0.0037,0,0,1,NO
128,324,1567,0.0037,0,0,1,NO
129,327,1922,0.0037,0,0,1,NO
130,330,1926,0.0037,0,0,1,NO
131,333,1922,0.0037,0,0,1,NO
132,336,1993,0.0037,0,0,1,NO
133,339,1173,0.0037,0,0,1,NO
134,342,1173,0.0037,0,0,1,NO
135,344,1143,0.0037,0,0,1,NO
136,348,1144,0.0037,0,0,1,NO
137,351,1155,0.0037,0,0,1,NO
138,354,1102,0.0037,0,0,1,NO
139,357,1132,0.0037,0,0,1,NO
140,360,1114,0.0037,0,0,1,NO
141,363,1114,0.0037,0,0,1,NO
142,366,1371,0.0037,0,0,1,NO
143,369,1303,0.0037,0,0,1,NO
144,372,1353,0.0037,0,0,1,NO
145,375,1372,0.0037,0,0,1,NO
146,378,1309,0.0037,0,0,1,NO
147,381,1345,0.0037,0,0,1,NO
148,384,1325,0.0037,0,0,1,NO
149,387,1365,0.0037,0,0,1,NO
150,390,1339,0.0037,0,0,1,NO
151,393,1304,0.0037,0,0,1,NO
152,396,1365,0.0037,0,0,1,NO
153,399,1318,0.0037,0,0,1,NO
154,402,1300,0.0037,0,0,1,NO
155,405,1235,0.0037,0,0,1,NO
156,408,1236,0.0037,0,0,1,NO
157,411,1251,0.0037,0,0,1,NO
158,414,1236,0.0037,0,0,1,NO
159,417,1848,0.0037,0,0,1,NO
160,420,1841,0.0037,0,0,1,NO
161,423,1834,0.0037,0,0,1,NO
162,426,1827,0.0037,0,0,1,NO
163,429,1827,0.0037,0,0,1,NO
164,432,1861,0.0037,0,0,1,NO
165,435,901,0.0037,0,0,1,NO
166,438,982,0.0037,0,0,1,NO
167,441,2036,0.0037,0,0,1,NO
168,444,901,0.0037,0,0,1,NO
169,447,1415,0.0037,0,0,1,NO
170,450,1429,0.0037,0,0,1,NO
171,453,1436,0.0037,0,0,1,NO
172,456,1436,0.0037,0,0,1,NO
173,459,1512,0.0037,0,0,1,NO
174,464,1488,0.0037,0,0,1,NO
175,467,1490,0.0037,0,0,1,NO
176,470,1513,0.0037,0,0,1,NO
177,473,1033,0.0037,0,0,1,NO
178,476,1085,0.0037,0,0,1,NO
179,480,712,0.0037,0,0,1,NO
180,483,766,0.0037,0,0,1,NO
181,487,789,0.0037,0,0,1,NO
182,489,1760,0.0099,0,0,1,NO
183,494,1645,0.0037,0,0,1,NO
184,500,1916,0.0037,0,0,1,NO
185,503,1904,0.0037,0,0,1,NO
186,507,1922,0.0037,0,0,1,NO
187,510,28,0.0037,0,0,1,NO
188,513,2021,0.0037,0,0,1,NO
189,516,1226,0.0037,0,0,1,NO
190,518,1101,0.0037,0,0,1,NO
191,521,1096,0.0037,0,0,1,NO
192,524,1096,0.0037,0,0,1,NO
193,528,932,0.0037,0,0,1,NO
194,531,1024,0.0037,0,0,1,NO
195,534,2036,0.0037,0,0,1,NO
196,537,1024,0.0037,0,0,1,NO
197,540,914,0.0037,0,0,1,NO
198,544,1480,0.0037,0,0,1,NO
199,549,550,0.0001,0,0,1,NO
200,558,555,0.0001,0,0,1,NO
201,570,571,0.0001,0,0,1,NO
202,592,593,0.0001,0,0,1,NO
203,604,605,0.0001,0,0,1,NO
204,655,656,0.0001,0,0,1,NO
205,672,673,0.0001,0,0,1,NO
206,684,685,0.0001,0,0,1,NO
207,698,697,0.0001,0,0,1,NO
208,704,703,0.0001,0,0,1,NO
209,705,702,0.0001,0,0,1,NO
210,710,711,0.0001,0,0,1,NO
211,724,723,0.0001,0,0,1,NO
212,724,725,0.0001,0,0,1,NO
213,723,725,0.0001,0,0,1,NO
214,731,732,0.0001,0,0,1,NO
215,740,741,0.0001,0,0,1,NO
216,747,748,0.0001,0,0,1,NO
217,757,758,0.0001,0,0,1,NO
218,764,765,0.0001,0,0,1,NO
219,774,773,0.0001,0,0,1,NO
220,780,781,0.0001,0,0,1,NO
221,788,787,0.0001,0,0,1,NO
222,796,797,0.0001,0,0,1,NO
223,798,797,0.0001,0,0,1,NO
224,799,797,0.0001,0,0,1,NO
225,805,806,0.0001,0,0,1,NO
226,813,812,0.0001,0,0,1,NO
227,830,829,0.0001,0,0,1,NO
228,846,847,0.0001,0,0,1,NO
229,859,860,0.0001,0,0,1,NO
230,865,864,0.0001,0,0,1,NO
231,889,888,0.0001,0,0,1,NO
232,893,894,0.0001,0,0,1,NO
233,893,895,0.0001,0,0,1,NO
234,900,899,0.0001,0,0,1,NO
235,907,906,0.0001,0,0,1,NO
236,911,912,0.0001,0,0,1,NO
237,921,920,0.0001,0,0,1,NO
238,928,927,0.0001,0,0,1,NO
239,939,938,0.0001,0,0,1,NO
240,962,961,0.0001,0,0,1,NO
241,967,966,0.0001,0,0,1,NO
242,968,966,0.0001,0,0,1,NO
243,974,975,0.0001,0,0,1,NO
244,976,974,0.0001,0,0,1,NO
245,976,975,0.0001,0,0,1,NO
246,981,980,0.0001,0,0,1,NO
247,986,985,0.0001,0,0,1,NO
248,987,985,0.0001,0,0,1,NO
249,987,986,0.0001,0,0,1,NO
250,992,991,0.0001,0,0,1,NO
251,998,999,0.0001,0,0,1,NO
252,1002,1003,0.0001,0,0,1,NO
253,1004,1005,0.0001,0,0,1,NO
254,1011,1010,0.0001,0,0,1,NO
255,1023,1022,0.0001,0,0,1,NO
256,1032,1031,0.0001,0,0,1,NO
257,1037,1036,0.0001,0,0,1,NO
258,1044,1043,0.0001,0,0,1,NO
259,1049,1048,0.0001,0,0,1,NO
260,1053,1054,0.0001,0,0,1,NO
261,1061,1062,0.0001,0,0,1,NO
262,1070,1069,0.0001,0,0,1,NO
263,1077,1076,0.0001,0,0,1,NO
264,1084,1083,0.0001,0,0,1,NO
265,1092,1091,0.0001,0,0,1,NO
266,1096,1095,0.0001,0,0,1,NO
267,1101,1100,0.0001,0,0,1,NO
268,1106,1105,0.0001,0,0,1,NO
269,1120,1121,0.0001,0,0,1,NO
270,1131,1130,0.0001,0,0,1,NO
271,1135,1136,0.0001,0,0,1,NO
272,1135,1137,0.0001,0,0,1,NO
273,1143,1144,0.0001,0,0,1,NO
274,1149,1148,0.0001,0,0,1,NO
275,1154,1153,0.0001,0,0,1,NO
276,1161,1160,0.0001,0,0,1,NO
277,1172,1171,0.0001,0,0,1,NO
278,1179,1178,0.0001,0,0,1,NO
279,1179,1180,0.0001,0,0,1,NO
280,1178,1180,0.0001,0,0,1,NO
281,1187,1186,0.0001,0,0,1,NO
282,1198,1197,0.0001,0,0,1,NO
283,1205,1204,0.0001,0,0,1,NO
284,1215,1214,0.0001,0,0,1,NO
285,1220,1219,0.0001,0,0,1,NO
286,1226,1227,0.0001,0,0,1,NO
287,1233,1232,0.0001,0,0,1,NO
288,1235,1234,0.0001,0,0,1,NO
289,1243,1242,0.0001,0,0,1,NO
290,1250,1249,0.0001,0,0,1,NO
291,1257,1256,0.0001,0,0,1,NO
292,1265,1264,0.0001,0,0,1,NO
293,1272,1271,0.0001,0,0,1,NO
294,1279,1278,0.0001,0,0,1,NO
295,1284,1283,0.0001,0,0,1,NO
296,1299,1298,0.0001,0,0,1,NO
297,1307,1308,0.0001,0,0,1,NO
298,1317,1316,0.0001,0,0,1,NO
299,1324,1323,0.0001,0,0,1,NO
300,1331,1330,0.0001,0,0,1,NO
301,1338,1337,0.0001,0,0,1,NO
302,1342,1343,0.0001,0,0,1,NO
303,1344,1343,0.0001,0,0,1,NO
304,1352,1351,0.0001,0,0,1,NO
305,1357,1356,0.0001,0,0,1,NO
306,1364,1363,0.0001,0,0,1,NO
307,1371,1370,0.0001,0,0,1,NO
308,1378,1377,0.0001,0,0,1,NO
309,1392,1391,0.0001,0,0,1,NO
310,1399,1398,0.0001,0,0,1,NO
311,1405,1406,0.0001,0,0,1,NO
312,1414,1413,0.0001,0,0,1,NO
313,1421,1420,0.0001,0,0,1,NO
314,1428,1427,0.0001,0,0,1,NO
315,1435,1434,0.0001,0,0,1,NO
316,1444,1443,0.0001,0,0,1,NO
317,1453,1452,0.0001,0,0,1,NO
318,1457,1458,0.0001,0,0,1,NO
319,1471,1470,0.0001,0,0,1,NO
320,1479,1478,0.0001,0,0,1,NO
321,1488,1487,0.0001,0,0,1,NO
322,1487,1489,0.0001,0,0,1,NO
323,1488,1489,0.0001,0,0,1,NO
324,1495,1494,0.0001,0,0,1,NO
325,1502,1501,0.0001,0,0,1,NO
326,1512,1511,0.0001,0,0,1,NO
327,1517,1516,0.0001,0,0,1,NO
328,1538,1537,0.0001,0,0,1,NO
329,1548,1547,0.0001,0,0,1,NO
330,1556,1557,0.0001,0,0,1,NO
331,1557,1558,0.0001,0,0,1,NO
332,1566,1565,0.0001,0,0,1,NO
333,1573,1572,0.0001,0,0,1,NO
334,1578,1577,0.0001,0,0,1,NO
335,1589,1588,0.0001,0,0,1,NO
336,1596,1595,0.0001,0,0,1,NO
337,1603,1602,0.0001,0,0,1,NO
338,1608,1607,0.0001,0,0,1,NO
339,1615,1614,0.0001,0,0,1,NO
340,1622,1621,0.0001,0,0,1,NO
341,1627,1626,0.0001,0,0,1,NO
342,1632,1631,0.0001,0,0,1,NO
343,1636,1637,0.0001,0,0,1,NO
344,1662,1661,0.0001,0,0,1,NO
345,1662,1663,0.0001,0,0,1,NO
346,1661,1663,0.0001,0,0,1,NO
347,1672,1671,0.0001,0,0,1,NO
348,1679,1678,0.0001,0,0,1,NO
349,1686,1685,0.0001,0,0,1,NO
350,1693,1692,0.0001,0,0,1,NO
351,1698,1697,0.0001,0,0,1,NO
352,1703,1702,0.0001,0,0,1,NO
353,1711,1710,0.0001,0,0,1,NO
354,1718,1717,0.0001,0,0,1,NO
355,1725,1724,0.0001,0,0,1,NO
356,1730,1729,0.0001,0,0,1,NO
357,1735,1736,0.0001,0,0,1,NO
358,1741,1740,0.0001,0,0,1,NO
359,1748,1747,0.0001,0,0,1,NO
360,1755,1754,0.0001,0,0,1,NO
361,1759,1761,0.0001,0,0,1,NO
362,1760,1759,0.0001,0,0,1,NO
363,1760,1761,0.0001,0,0,1,NO
364,1766,1765,0.0001,0,0,1,NO
365,1773,1772,0.0001,0,0,1,NO
366,1781,1782,0.0001,0,0,1,NO
367,1785,1786,0.0001,0,0,1,NO
368,1791,1790,0.0001,0,0,1,NO
369,1798,1799,0.0001,0,0,1,NO
370,1803,1804,0.0001,0,0,1,NO
371,1805,1803,0.0001,0,0,1,NO
372,1811,1812,0.0001,-393.1252,393.1252,1,NO
373,1819,1818,0.0001,0,0,1,NO
374,1826,1825,0.0001,0,0,1,NO
375,1833,1832,0.0001,0,0,1,NO
376,1840,1839,0.0001,0,0,1,NO
377,1848,1847,0.0001,0,0,1,NO
378,1855,1854,0.0001,0,0,1,NO
379,1860,1859,0.0001,0,0,1,NO
380,1864,1865,0.0001,0,0,1,NO
381,1882,1883,0.0001,0,0,1,NO
382,1890,1889,0.0001,0,0,1,NO
383,1896,1898,0.0001,0,0,1,NO
384,1897,1896,0.0001,0,0,1,NO
385,1897,1898,0.0001,0,0,1,NO
386,1903,1902,0.0001,0,0,1,NO
387,1909,1910,0.0001,0,0,1,NO
388,1915,1914,0.0001,0,0,1,NO
389,1929,1930,0.0001,0,0,1,NO
390,1932,1933,0.0001,0,0,1,NO
391,1934,1935,0.0001,0,0,1,NO
392,1937,1935,0.0001,0,0,1,NO
393,1943,1942,0.0001,0,0,1,NO
394,1950,1949,0.0001,0,0,1,NO
395,1956,1955,0.0001,0,0,1,NO
396,1963,1962,0.0001,0,0,1,NO
397,1968,1967,0.0001,0,0,1,NO
398,1972,1973,0.0001,0,0,1,NO
399,1981,1980,0.0001,0,0,1,NO
400,1985,1980,0.0001,0,0,1,NO
401,2000,2001,0.0001,0,0,1,NO
402,670,624,0.00433,-2213.40525,2213.40525,1,NO
403,670,624,0.00434,-2213.40525,2213.40525,1,NO
404,35,670,0.0006,-2270.625,2270.625,1,NO
405,35,670,0.0001,-1135.3125,1135.3125,1,NO
406,35,670,0.00015,-1816.5,1816.5,1,NO
407,43,618,0.0038,-2270.625,2270.625,1,NO
408,43,618,0.00382,-2270.625,2270.625,1,NO
409,39,624,0.0001,-730.233,730.233,1,NO
410,132,131,0.00123,-451.2186,451.2186,1,NO
411,1006,1007,0.00121,-238.74,238.74,1,NO
412,1006,1008,0.00121,-238.74,238.74,1,NO
413,77,1004,0.00045,-318.32,318.32,1,NO
414,76,1005,0.00045,-318.32,318.32,1,NO
415,77,1002,0.0001,-318.32,318.32,1,NO
416,76,1003,0.0001,-318.32,318.32,1,NO
417,717,764,0.00136,-477.48,477.48,1,NO
418,717,764,0.00132,-477.48,477.48,1,NO
419,717,740,0.02966,-393.1252,393.1252,1,NO
420,717,886,0.00514,-225.6093,225.6093,1,NO
421,1011,900,0.00097,-515.6784,515.6784,1,NO
422,1010,899,0.00097,-515.6784,515.6784,1,NO
423,1572,211,0.0081,-515.6784,515.6784,1,NO
424,524,1095,0.0156,-225.6093,225.6093,1,NO
425,1589,216,0.0336,-238.74,238.74,1,NO
426,299,296,0.0262,-159.16,159.16,1,NO
427,222,1596,0.0249,-257.8392,257.8392,1,NO
428,1631,226,0.0158,-393.1252,393.1252,1,NO
429,806,847,0.0444,-451.2186,451.2186,1,NO
430,774,740,0.02717,-393.1252,393.1252,1,NO
431,805,82,0.0086,-272.1636,272.1636,1,NO
432,806,83,0.0099,-272.1636,272.1636,1,NO
433,643,865,0.0085,-451.2186,451.2186,1,NO
434,853,644,0.0065,-618.3366,618.3366,1,NO
435,853,644,0.0065,-618.3366,618.3366,1,NO
436,758,853,0.0057,-451.2186,451.2186,1,NO
437,757,853,0.0057,-451.2186,451.2186,1,NO
438,649,731,0.0354,-257.8392,257.8392,1,NO
439,829,864,0.0048,-451.2186,451.2186,1,NO
440,649,732,0.0346,-272.1636,272.1636,1,NO
441,731,879,0.0379,-196.5626,196.5626,1,NO
442,838,733,0.0256,-515.6784,515.6784,1,NO
443,732,881,0.0128,-196.5626,196.5626,1,NO
444,921,882,0.039,-196.5626,196.5626,1,NO
445,839,643,0.015,-257.8392,257.8392,1,NO
446,839,643,0.0095,-451.2186,451.2186,1,NO
447,643,830,0.0063,-451.2186,451.2186,1,NO
448,643,829,0.0072,-451.2186,451.2186,1,NO
449,692,723,0.0265,-709.0578,709.0578,1,NO
450,692,724,0.0265,-709.0578,709.0578,1,NO
451,723,747,0.02,-451.2186,451.2186,1,NO
452,725,747,0.02,-451.2186,451.2186,1,NO
453,56,723,0.0008,-709.0578,709.0578,1,NO
454,55,724,0.0008,-709.0578,709.0578,1,NO
455,55,725,0.0007,-709.0578,709.0578,1,NO
456,109,747,0.0104,-451.2186,451.2186,1,NO
457,748,711,0.03625,-451.2186,451.2186,1,NO
458,748,710,0.03565,-451.2186,451.2186,1,NO
459,859,692,0.0124,-393.1252,393.1252,1,NO
460,860,876,0.0105,-196.5626,196.5626,1,NO
461,780,875,0.0047,-196.5626,196.5626,1,NO
462,859,56,0.0252,-709.0578,709.0578,1,NO
463,860,55,0.0252,-709.0578,709.0578,1,NO
464,740,787,0.0037,-515.6784,515.6784,1,NO
465,741,788,0.0042,-515.6784,515.6784,1,NO
466,740,887,0.0095,-393.1252,393.1252,1,NO
467,773,613,0.0188,-451.2186,451.2186,1,NO
468,787,613,0.0093,-451.2186,451.2186,1,NO
469,787,613,0.0093,-515.6784,515.6784,1,NO
470,613,758,0.0113,-515.6784,515.6784,1,NO
471,613,758,0.0112,-515.6784,515.6784,1,NO
472,613,733,0.0242,-257.8392,257.8392,1,NO
473,697,911,0.0031,-709.0578,709.0578,1,NO
474,697,912,0.0031,-709.0578,709.0578,1,NO
475,912,895,0.0484,-393.1252,393.1252,1,NO
476,921,913,0.0144,-393.1252,393.1252,1,NO
477,698,1022,0.0211,-515.6784,515.6784,1,NO
478,698,1022,0.0183,-515.6784,515.6784,1,NO
479,911,1881,0.0198,-196.5626,196.5626,1,NO
480,912,1018,0.0271,-196.5626,196.5626,1,NO
481,894,1006,0.0027,-515.6784,515.6784,1,NO
482,920,649,0.0028,-257.8392,257.8392,1,NO
483,921,649,0.0028,-257.8392,257.8392,1,NO
484,1036,1048,0.0334,-393.1252,393.1252,1,NO
485,1037,1049,0.0355,-451.2186,451.2186,1,NO
486,1048,1053,0.0083,-393.1252,393.1252,1,NO
487,1053,1049,0.0091,-451.2186,451.2186,1,NO
488,1049,1092,0.0005,-318.32,318.32,1,NO
489,1049,1092,0.0005,-318.32,318.32,1,NO
490,1055,643,0.0213,-393.1252,393.1252,1,NO
491,894,967,0.0066,-393.1252,393.1252,1,NO
492,893,1008,0.0027,-515.6784,515.6784,1,NO
493,1023,968,0.0297,-393.1252,393.1252,1,NO
494,120,952,0.0141,-393.1252,393.1252,1,NO
495,122,951,0.0126,-393.1252,393.1252,1,NO
496,1070,967,0.0604,-393.1252,393.1252,1,NO
497,549,991,0.0416,-393.1252,393.1252,1,NO
498,549,906,0.0078,-393.1252,393.1252,1,NO
499,906,992,0.0418,-393.1252,393.1252,1,NO
500,906,1014,0.008,-196.5626,196.5626,1,NO
501,899,1015,0.0176,-196.5626,196.5626,1,NO
502,893,1016,0.0168,-196.5626,196.5626,1,NO
503,894,1017,0.0281,-196.5626,196.5626,1,NO
504,980,1019,0.0399,-196.5626,196.5626,1,NO
505,549,888,0.039,-515.6784,515.6784,1,NO
506,888,998,0.0056,-196.5626,196.5626,1,NO
507,889,999,0.0053,-196.5626,196.5626,1,NO
508,549,951,0.0063,-393.1252,393.1252,1,NO
509,549,952,0.0048,-393.1252,393.1252,1,NO
510,549,899,0.0089,-709.0578,709.0578,1,NO
511,549,900,0.009,-709.0578,709.0578,1,NO
512,549,907,0.0018,-393.1252,393.1252,1,NO
513,899,893,0.0231,-515.6784,515.6784,1,NO
514,900,894,0.0231,-515.6784,515.6784,1,NO
515,893,966,0.0064,-393.1252,393.1252,1,NO
516,899,1013,0.0145,-196.5626,196.5626,1,NO
517,107,980,0.1009,-257.8392,257.8392,1,NO
518,549,980,0.0475,-451.2186,451.2186,1,NO
519,549,962,0.0114,-451.2186,451.2186,1,NO
520,121,961,0.0077,-393.1252,393.1252,1,NO
521,549,961,0.0097,-393.1252,393.1252,1,NO
522,1020,962,0.0193,-196.5626,196.5626,1,NO
523,932,981,0.036,-451.2186,451.2186,1,NO
524,920,1880,0.0046,-196.5626,196.5626,1,NO
525,951,928,0.0299,-257.8392,257.8392,1,NO
526,927,980,0.0462,-257.8392,257.8392,1,NO
527,107,1012,0.0204,-451.2186,451.2186,1,NO
528,980,1012,0.0472,-451.2186,451.2186,1,NO
529,962,1012,0.08589,-451.2186,451.2186,1,NO
530,951,1001,0.0021,-451.2186,451.2186,1,NO
531,952,1000,0.0021,-451.2186,451.2186,1,NO
532,649,945,0.0093,-318.32,318.32,1,NO
533,649,946,0.0094,-318.32,318.32,1,NO
534,558,1069,0.0265,-515.6784,515.6784,1,NO
535,558,1070,0.0265,-515.6784,515.6784,1,NO
536,555,1031,0.0219,-451.2186,451.2186,1,NO
537,555,1032,0.0219,-451.2186,451.2186,1,NO
538,1031,1022,0.0125,-451.2186,451.2186,1,NO
539,1032,1023,0.0125,-451.2186,451.2186,1,NO
540,1032,1088,0.0032,-257.8392,257.8392,1,NO
541,1032,1088,0.0032,-257.8392,257.8392,1,NO
542,555,1083,0.0438,-709.0578,709.0578,1,NO
543,555,1084,0.0439,-709.0578,709.0578,1,NO
544,555,1043,0.0306,-451.2186,451.2186,1,NO
545,555,1044,0.0305,-451.2186,451.2186,1,NO
546,1043,1036,0.0149,-451.2186,451.2186,1,NO
547,1044,1037,0.0149,-451.2186,451.2186,1,NO
548,555,1062,0.0014,-451.2186,451.2186,1,NO
549,555,1061,0.0015,-451.2186,451.2186,1,NO
550,1063,649,0.0642,-257.8392,257.8392,1,NO
551,1037,1061,0.0642,-257.8392,257.8392,1,NO
552,1061,1029,0.0013,-393.1252,393.1252,1,NO
553,1076,1083,0.0199,-451.2186,451.2186,1,NO
554,1077,1084,0.0199,-451.2186,451.2186,1,NO
555,692,764,0.0084,-393.1252,393.1252,1,NO
556,765,692,0.0095,-393.1252,393.1252,1,NO
557,692,818,0.0069,-451.2186,451.2186,1,NO
558,692,817,0.0069,-451.2186,451.2186,1,NO
559,1220,1204,0.0107,-393.1252,393.1252,1,NO
560,1214,1204,0.0068,-709.0578,709.0578,1,NO
561,1215,1205,0.0069,-709.0578,709.0578,1,NO
562,72,1197,0.003,-709.0578,709.0578,1,NO
563,73,1198,0.003,-709.0578,709.0578,1,NO
564,1197,1178,0.0019,-606.0017,606.0017,1,NO
565,1198,1180,0.002,-606.0017,606.0017,1,NO
566,1214,1224,0.0105,-238.74,238.74,1,NO
567,1215,1193,0.0032,-709.0578,709.0578,1,NO
568,1204,1186,0.0017,-515.6784,515.6784,1,NO
569,1205,1187,0.0017,-477.48,477.48,1,NO
570,1219,1227,0.02288,-393.1252,393.1252,1,NO
571,1232,1198,0.00417,-515.6784,515.6784,1,NO
572,1233,1198,0.00417,-515.6784,515.6784,1,NO
573,149,1896,0.0045,-515.6784,515.6784,1,NO
574,150,1897,0.0046,-515.6784,515.6784,1,NO
575,625,1896,0.0198,-451.2186,451.2186,1,NO
576,49,1897,0.0164,-393.1252,393.1252,1,NO
577,1898,1935,0.0037,-606.0017,606.0017,1,NO
578,1897,1934,0.0039,-606.0017,606.0017,1,NO
579,150,1936,0.0075,-606.0017,606.0017,1,NO
580,150,1936,0.0075,-606.0017,606.0017,1,NO
581,1937,1931,0.0197,-606.0017,606.0017,1,NO
582,1936,1929,0.0196,-606.0017,606.0017,1,NO
583,1936,1929,0.0196,-606.0017,606.0017,1,NO
584,42,1929,0.00044,-606.0017,606.0017,1,NO
585,51,1930,0.0005,-1012.6555,1012.6555,1,NO
586,52,1931,0.0005,-1012.6555,1012.6555,1,NO
587,797,710,0.0204,-451.2186,451.2186,1,NO
588,798,692,0.042,-477.48,477.48,1,NO
589,799,692,0.0421,-393.1252,393.1252,1,NO
590,797,877,0.034,-196.5626,196.5626,1,NO
591,796,871,0.012,-451.2186,451.2186,1,NO
592,797,871,0.0117,-451.2186,451.2186,1,NO
593,710,1938,0.001,-196.5626,196.5626,1,NO
594,1882,1939,0.061,-196.5626,196.5626,1,NO
595,50,1882,0.0079,-451.2186,451.2186,1,NO
596,49,625,0.0003,-393.1252,393.1252,1,NO
597,49,625,0.0003,-393.1252,393.1252,1,NO
598,672,1718,0.0536,-393.1252,393.1252,1,NO
599,1717,1766,0.0056,-477.48,477.48,1,NO
600,1718,1679,0.0056,-477.48,477.48,1,NO
601,1692,1717,0.0109,-393.1252,393.1252,1,NO
602,1686,1693,0.0039,-393.1252,393.1252,1,NO
603,92,1902,0.1078,-272.1636,272.1636,1,NO
604,1903,1882,0.0254,-257.8392,257.8392,1,NO
605,1903,673,0.0076,-451.2186,451.2186,1,NO
606,1902,673,0.0076,-451.2186,451.2186,1,NO
607,1902,1897,0.014,-515.6784,515.6784,1,NO
608,102,1950,0.055,-257.8392,257.8392,1,NO
609,673,1882,0.0199,-451.2186,451.2186,1,NO
610,673,1883,0.0195,-393.1252,393.1252,1,NO
611,1910,1933,0.0003,-477.48,477.48,1,NO
612,1909,1932,0.0004,-451.2186,451.2186,1,NO
613,1765,1678,0.0001,-477.48,477.48,1,NO
614,1910,1779,0.0309,-196.5626,196.5626,1,NO
615,1718,1780,0.0169,-196.5626,196.5626,1,NO
616,1882,1909,0.0155,-451.2186,451.2186,1,NO
617,1883,1910,0.0142,-451.2186,451.2186,1,NO
618,1724,164,0.0248,-196.5626,196.5626,1,NO
619,1754,663,0.0245,-393.1252,393.1252,1,NO
620,1755,663,0.0194,-515.6784,515.6784,1,NO
621,1724,1759,0.0413,-451.2186,451.2186,1,NO
622,1725,1761,0.0416,-451.2186,451.2186,1,NO
623,629,1724,0.0477,-515.6784,515.6784,1,NO
624,629,1725,0.0477,-477.48,477.48,1,NO
625,169,1685,0.011,-225.6093,225.6093,1,NO
626,168,1686,0.011,-225.6093,225.6093,1,NO
627,663,1747,0.0138,-451.2186,451.2186,1,NO
628,1747,1710,0.0051,-393.1252,393.1252,1,NO
629,1748,1711,0.0059,-451.2186,451.2186,1,NO
630,1671,1765,0.0029,-477.48,477.48,1,NO
631,663,1678,0.0077,-477.48,477.48,1,NO
632,663,1765,0.0079,-709.0578,709.0578,1,NO
633,663,1702,0.00476,-477.48,477.48,1,NO
634,663,1703,0.00476,-477.48,477.48,1,NO
635,663,1662,0.0054,-451.2186,451.2186,1,NO
636,1661,1781,0.0013,-451.2186,451.2186,1,NO
637,1671,1782,0.0001,-451.2186,451.2186,1,NO
638,64,1547,0.0129,-393.1252,393.1252,1,NO
639,65,1548,0.0127,-393.1252,393.1252,1,NO
640,1740,629,0.0094,-515.6784,515.6784,1,NO
641,1741,629,0.00941,-515.6784,515.6784,1,NO
642,1686,1697,0.0059,-393.1252,393.1252,1,NO
643,583,1667,0.0035,-709.0578,709.0578,1,NO
644,583,1667,0.0038,-709.0578,709.0578,1,NO
645,584,1910,0.0179,-709.0578,709.0578,1,NO
646,584,1910,0.0182,-709.0578,709.0578,1,NO
647,583,1686,0.0091,-709.0578,709.0578,1,NO
648,583,1686,0.0092,-709.0578,709.0578,1,NO
649,583,1698,0.0152,-709.0578,709.0578,1,NO
650,583,1698,0.0151,-709.0578,709.0578,1,NO
651,584,1921,0.0172,-709.0578,709.0578,1,NO
652,584,1921,0.0174,-709.0578,709.0578,1,NO
653,1741,1735,0.0045,-451.2186,451.2186,1,NO
654,1735,1698,0.0073,-451.2186,451.2186,1,NO
655,1736,1740,0.0034,-451.2186,451.2186,1,NO
656,1710,1735,0.0073,-477.48,477.48,1,NO
657,1730,629,0.00612,-515.6784,515.6784,1,NO
658,1729,629,0.0048,-709.0578,709.0578,1,NO
659,1772,1729,0.007,-196.5626,196.5626,1,NO
660,1773,1730,0.007,-196.5626,196.5626,1,NO
661,46,1730,0.0049,-709.0578,709.0578,1,NO
662,46,1730,0.005,-709.0578,709.0578,1,NO
663,1754,1785,0.04205,-393.1252,393.1252,1,NO
664,1755,1786,0.0251,-515.6784,515.6784,1,NO
665,1786,1725,0.02894,-393.1252,393.1252,1,NO
666,1785,284,0.03902,-393.1252,393.1252,1,NO
667,1622,1596,0.0084,-393.1252,393.1252,1,NO
668,1621,1595,0.0087,-393.1252,393.1252,1,NO
669,1621,1565,0.019,-393.1252,393.1252,1,NO
670,64,1595,0.0018,-515.6784,515.6784,1,NO
671,65,1596,0.0018,-515.6784,515.6784,1,NO
672,1607,1602,0.0128,-451.2186,451.2186,1,NO
673,1607,1602,0.0128,-451.2186,451.2186,1,NO
674,1621,1602,0.0175,-393.1252,393.1252,1,NO
675,1602,1566,0.0103,-393.1252,393.1252,1,NO
676,575,1537,0.0174,-606.0017,606.0017,1,NO
677,575,1538,0.0178,-606.0017,606.0017,1,NO
678,575,1565,0.0082,-606.0017,606.0017,1,NO
679,575,1565,0.0082,-606.0017,606.0017,1,NO
680,575,1607,0.0036,-515.6784,515.6784,1,NO
681,575,1608,0.0036,-515.6784,515.6784,1,NO
682,1565,1660,0.0147,-238.74,238.74,1,NO
683,1584,1566,0.0328,-393.1252,393.1252,1,NO
684,1589,1578,0.0256,-393.1252,393.1252,1,NO
685,575,1572,0.0242,-451.2186,451.2186,1,NO
686,1572,1577,0.0133,-451.2186,451.2186,1,NO
687,575,1578,0.0417,-515.6784,515.6784,1,NO
688,575,1572,0.0238,-393.1252,393.1252,1,NO
689,575,1572,0.02331,-515.6784,515.6784,1,NO
690,1573,1588,0.039,-393.1252,393.1252,1,NO
691,655,1614,0.05647,-515.6784,515.6784,1,NO
692,655,1556,0.0499,-451.2186,451.2186,1,NO
693,1387,1556,0.0306,-515.6784,515.6784,1,NO
694,575,1626,0.0509,-451.2186,451.2186,1,NO
695,575,1627,0.051,-451.2186,451.2186,1,NO
696,1626,1614,0.0146,-451.2186,451.2186,1,NO
697,1627,1615,0.0146,-451.2186,451.2186,1,NO
698,575,1631,0.0634,-515.6784,515.6784,1,NO
699,1577,1632,0.0335,-477.48,477.48,1,NO
700,1637,1537,0.0128,-557.06,557.06,1,NO
701,1636,1538,0.0128,-557.06,557.06,1,NO
702,655,1637,0.0134,-709.0578,709.0578,1,NO
703,656,1636,0.0134,-709.0578,709.0578,1,NO
704,657,663,0.1152,-272.1636,272.1636,1,NO
705,657,663,0.1019,-515.6784,515.6784,1,NO
706,656,1547,0.0106,-451.2186,451.2186,1,NO
707,656,1548,0.0106,-451.2186,451.2186,1,NO
708,1641,1573,0.0231,-515.6784,515.6784,1,NO
709,237,1641,0.01214,-257.8392,257.8392,1,NO
710,234,237,0.0145,-196.5626,196.5626,1,NO
711,1645,1589,0.01675,-515.6784,515.6784,1,NO
712,1645,1632,0.02714,-515.6784,515.6784,1,NO
713,296,1645,0.00585,-282.509,282.509,1,NO
714,1626,1649,0.01393,-451.2186,451.2186,1,NO
715,625,1818,0.0514,-393.1252,393.1252,1,NO
716,1798,1791,0.0044,-393.1252,393.1252,1,NO
717,1799,1791,0.0056,-257.8392,257.8392,1,NO
718,1819,1798,0.0094,-393.1252,393.1252,1,NO
719,1811,564,0.0486,-451.2186,451.2186,1,NO
720,1803,564,0.0275,-451.2186,451.2186,1,NO
721,1818,564,0.0173,-451.2186,451.2186,1,NO
722,1839,1819,0.0174,-393.1252,393.1252,1,NO
723,564,1839,0.0065,-393.1252,393.1252,1,NO
724,564,1840,0.0062,-451.2186,451.2186,1,NO
725,1847,564,0.0208,-709.0578,709.0578,1,NO
726,1848,564,0.0211,-709.0578,709.0578,1,NO
727,1859,564,0.0079,-451.2186,451.2186,1,NO
728,1860,564,0.0092,-709.0578,709.0578,1,NO
729,1859,1790,0.0096,-451.2186,451.2186,1,NO
730,1860,1791,0.0097,-515.6784,515.6784,1,NO
731,1859,1864,0.0044,-451.2186,451.2186,1,NO
732,1840,1865,0.00643,-451.2186,451.2186,1,NO
733,1825,1872,0.0145,-196.5626,196.5626,1,NO
734,1826,1873,0.015,-196.5626,196.5626,1,NO
735,1812,1875,0.0122,-196.5626,196.5626,1,NO
736,1859,1878,0.0088,-196.5626,196.5626,1,NO
737,1860,1879,0.0089,-196.5626,196.5626,1,NO
738,1847,1854,0.0287,-515.6784,515.6784,1,NO
739,1848,1855,0.0288,-515.6784,515.6784,1,NO
740,160,1848,0.01633,-709.0578,709.0578,1,NO
741,160,1848,0.01611,-709.0578,709.0578,1,NO
742,160,1855,0.01369,-709.0578,709.0578,1,NO
743,160,1855,0.01368,-709.0578,709.0578,1,NO
744,1854,1832,0.0262,-515.6784,515.6784,1,NO
745,1855,1833,0.0261,-515.6784,515.6784,1,NO
746,1890,1915,0.0239,-393.1252,393.1252,1,NO
747,1914,1804,0.053,-393.1252,393.1252,1,NO
748,1914,625,0.0293,-709.0578,709.0578,1,NO
749,1914,1921,0.0228,-515.6784,515.6784,1,NO
750,1914,1921,0.0233,-515.6784,515.6784,1,NO
751,1890,625,0.0077,-393.1252,393.1252,1,NO
752,1889,625,0.0079,-393.1252,393.1252,1,NO
753,1889,1940,0.0099,-196.5626,196.5626,1,NO
754,1890,1941,0.0095,-196.5626,196.5626,1,NO
755,1804,1812,0.0245,-393.1252,393.1252,1,NO
756,1803,1876,0.0067,-196.5626,196.5626,1,NO
757,1804,1877,0.0076,-196.5626,196.5626,1,NO
758,1363,1357,0.0109,-257.8392,257.8392,1,NO
759,704,1342,0.0252,-257.8392,257.8392,1,NO
760,705,1343,0.015,-709.0578,709.0578,1,NO
761,1298,703,0.0062,-393.1252,393.1252,1,NO
762,1299,703,0.00832,-515.6784,515.6784,1,NO
763,1323,1298,0.0226,-393.1252,393.1252,1,NO
764,1299,1356,0.0088,-257.8392,257.8392,1,NO
765,1250,1303,0.0091,-451.2186,451.2186,1,NO
766,1250,1303,0.0091,-451.2186,451.2186,1,NO
767,1378,1303,0.00499,-515.6784,515.6784,1,NO
768,702,1330,0.0065,-451.2186,451.2186,1,NO
769,1331,1356,0.0215,-257.8392,257.8392,1,NO
770,703,1357,0.009,-451.2186,451.2186,1,NO
771,1308,704,0.0157,-451.2186,451.2186,1,NO
772,1307,705,0.0157,-451.2186,451.2186,1,NO
773,1307,1370,0.0309,-257.8392,257.8392,1,NO
774,636,1371,0.025,-257.8392,257.8392,1,NO
775,636,1352,0.0095,-515.6784,515.6784,1,NO
776,1316,636,0.022,-451.2186,451.2186,1,NO
777,636,1364,0.0224,-515.6784,515.6784,1,NO
778,636,1352,0.0097,-515.6784,515.6784,1,NO
779,1351,1308,0.0108,-515.6784,515.6784,1,NO
780,1352,1308,0.0111,-515.6784,515.6784,1,NO
781,1316,1337,0.0211,-451.2186,451.2186,1,NO
782,1317,1338,0.0213,-451.2186,451.2186,1,NO
783,702,1364,0.0184,-393.1252,393.1252,1,NO
784,93,102,0.0956,-257.8392,257.8392,1,NO
785,1942,1980,0.014,-257.8392,257.8392,1,NO
786,1942,1980,0.0139,-515.6784,515.6784,1,NO
787,1972,1967,0.0216,-393.1252,393.1252,1,NO
788,2005,1967,0.0521,-318.32,318.32,1,NO
789,1955,1968,0.0547,-451.2186,451.2186,1,NO
790,232,1968,0.0581,-238.74,238.74,1,NO
791,1986,1973,0.0005,-393.1252,393.1252,1,NO
792,1949,600,0.0233,-393.1252,393.1252,1,NO
793,1955,600,0.0102,-393.1252,393.1252,1,NO
794,1956,1943,0.0184,-393.1252,393.1252,1,NO
795,1956,600,0.0077,-393.1252,393.1252,1,NO
796,600,1962,0.0305,-393.1252,393.1252,1,NO
797,1950,1963,0.0088,-393.1252,393.1252,1,NO
798,600,1992,0.0361,-515.6784,515.6784,1,NO
799,600,1992,0.0359,-515.6784,515.6784,1,NO
800,93,1996,0.0184,-257.8392,257.8392,1,NO
801,1996,1981,0.0634,-257.8392,257.8392,1,NO
802,672,1925,0.0176,-515.6784,515.6784,1,NO
803,672,1925,0.0176,-515.6784,515.6784,1,NO
804,101,1925,0.0028,-515.6784,515.6784,1,NO
805,101,1925,0.0028,-515.6784,515.6784,1,NO
806,1943,2000,0.01569,-393.1252,393.1252,1,NO
807,600,2001,0.01387,-709.0578,709.0578,1,NO
808,600,2000,0.0161,-393.1252,393.1252,1,NO
809,229,1956,0.05928,-198.95,198.95,1,NO
810,1811,1407,0.0323,-393.1252,393.1252,1,NO
811,1391,1406,0.0043,-393.1252,393.1252,1,NO
812,1391,1399,0.0189,-306.383,306.383,1,NO
813,1391,1468,0.01,-393.1252,393.1252,1,NO
814,1452,1392,0.0177,-515.6784,515.6784,1,NO
815,1453,1392,0.01595,-515.6784,515.6784,1,NO
816,1398,1462,0.002,-225.6093,225.6093,1,NO
817,679,1406,0.02367,-393.1252,393.1252,1,NO
818,1414,1471,0.068,-393.1252,393.1252,1,NO
819,604,1470,0.01,-393.1252,393.1252,1,NO
820,605,1470,0.0098,-393.1252,393.1252,1,NO
821,604,1470,0.0096,-709.0578,709.0578,1,NO
822,1470,1533,0.0143,-196.5626,196.5626,1,NO
823,1487,1534,0.0225,-196.5626,196.5626,1,NO
824,605,1501,0.0526,-451.2186,451.2186,1,NO
825,605,1502,0.0527,-451.2186,451.2186,1,NO
826,605,1488,0.0108,-393.1252,393.1252,1,NO
827,1489,1527,0.0165,-196.5626,196.5626,1,NO
828,679,1443,0.0089,-451.2186,451.2186,1,NO
829,679,1444,0.0119,-451.2186,451.2186,1,NO
830,1478,1470,0.041,-451.2186,451.2186,1,NO
831,1479,1471,0.0373,-477.48,477.48,1,NO
832,1413,1450,0.0095,-515.6784,515.6784,1,NO
833,679,1420,0.0094,-393.1252,393.1252,1,NO
834,679,1421,0.00991,-393.1252,393.1252,1,NO
835,131,1421,0.00189,-451.2186,451.2186,1,NO
836,132,1420,0.00189,-451.2186,451.2186,1,NO
837,1421,1427,0.0108,-393.1252,393.1252,1,NO
838,1427,1399,0.0027,-393.1252,393.1252,1,NO
839,1427,1399,0.0026,-451.2186,451.2186,1,NO
840,679,1434,0.0487,-257.8392,257.8392,1,NO
841,679,1435,0.0353,-393.1252,393.1252,1,NO
842,679,1452,0.0027,-709.0578,709.0578,1,NO
843,679,1453,0.0027,-709.0578,709.0578,1,NO
844,1406,1469,0.0034,-196.5626,196.5626,1,NO
845,1458,1435,0.01161,-451.2186,451.2186,1,NO
846,679,1457,0.02763,-515.6784,515.6784,1,NO
847,69,1130,0.0046,-709.0578,709.0578,1,NO
848,68,1131,0.0046,-709.0578,709.0578,1,NO
849,69,1105,0.0021,-606.0017,606.0017,1,NO
850,68,1106,0.0021,-606.0017,606.0017,1,NO
851,1135,621,0.0054,-477.48,477.48,1,NO
852,1136,621,0.0046,-393.1252,393.1252,1,NO
853,621,1121,0.0129,-451.2186,451.2186,1,NO
854,621,1121,0.0129,-451.2186,451.2186,1,NO
855,1112,1120,0.012,-451.2186,451.2186,1,NO
856,1112,1120,0.012,-451.2186,451.2186,1,NO
857,1219,1171,0.0167,-451.2186,451.2186,1,NO
858,1220,1172,0.0169,-451.2186,451.2186,1,NO
859,592,1171,0.0315,-451.2186,451.2186,1,NO
860,592,1172,0.0307,-451.2186,451.2186,1,NO
861,243,1172,0.00916,-225.6093,225.6093,1,NO
862,591,1113,0.0146,-451.2186,451.2186,1,NO
863,591,1113,0.0146,-451.2186,451.2186,1,NO
864,592,1204,0.00676,-709.0578,709.0578,1,NO
865,592,1205,0.0067,-709.0578,709.0578,1,NO
866,592,1187,0.0075,-709.0578,709.0578,1,NO
867,593,1197,0.0151,-709.0578,709.0578,1,NO
868,591,1198,0.0151,-709.0578,709.0578,1,NO
869,1197,1231,0.00037,-1021.4093,1021.4093,1,NO
870,1198,1231,0.00037,-1021.4093,1021.4093,1,NO
871,643,812,0.0217,-393.1252,393.1252,1,NO
872,643,813,0.0145,-515.6784,515.6784,1,NO
873,1113,1167,0.015,-196.5626,196.5626,1,NO
874,1135,1168,0.0023,-196.5626,196.5626,1,NO
875,812,883,0.0138,-196.5626,196.5626,1,NO
876,813,883,0.0168,-196.5626,196.5626,1,NO
877,1112,1170,0.0233,-196.5626,196.5626,1,NO
878,1205,1169,0.0117,-196.5626,196.5626,1,NO
879,621,1149,0.0174,-393.1252,393.1252,1,NO
880,1148,1105,0.0076,-393.1252,393.1252,1,NO
881,621,1106,0.021,-451.2186,451.2186,1,NO
882,621,1105,0.0203,-451.2186,451.2186,1,NO
883,621,1143,0.0135,-606.0017,606.0017,1,NO
884,621,1144,0.0135,-606.0017,606.0017,1,NO
885,1143,1130,0.0094,-606.0017,606.0017,1,NO
886,1143,1130,0.0094,-606.0017,606.0017,1,NO
887,1143,240,0.01707,-196.5626,196.5626,1,NO
888,1126,1131,0.0032,-393.1252,393.1252,1,NO
889,1106,1160,0.0068,-225.6093,225.6093,1,NO
890,1149,1161,0.0033,-225.6093,225.6093,1,NO
891,1105,1165,0.00082,-515.6784,515.6784,1,NO
892,1100,1153,0.0239,-515.6784,515.6784,1,NO
893,1101,1154,0.0239,-515.6784,515.6784,1,NO
894,621,1100,0.0197,-709.0578,709.0578,1,NO
895,621,1101,0.0197,-709.0578,709.0578,1,NO
896,1271,570,0.0103,-709.0578,709.0578,1,NO
897,1272,570,0.0131,-451.2186,451.2186,1,NO
898,1279,570,0.0158,-393.1252,393.1252,1,NO
899,1265,570,0.0182,-393.1252,393.1252,1,NO
900,1283,570,0.023,-451.2186,451.2186,1,NO
901,1294,1278,0.003,-196.5626,196.5626,1,NO
902,1234,570,0.0118,-393.1252,393.1252,1,NO
903,1279,571,0.0188,-393.1252,393.1252,1,NO
904,1283,1242,0.0042,-451.2186,451.2186,1,NO
905,1283,1242,0.00389,-393.1252,393.1252,1,NO
906,59,1272,0.0119,-451.2186,451.2186,1,NO
907,59,1271,0.0114,-451.2186,451.2186,1,NO
908,1271,1256,0.0008,-451.2186,451.2186,1,NO
909,1272,1257,0.0008,-451.2186,451.2186,1,NO
910,1264,1243,0.0095,-451.2186,451.2186,1,NO
911,1370,1250,0.0491,-393.1252,393.1252,1,NO
912,1234,1296,0.0128,-196.5626,196.5626,1,NO
913,1235,405,0.02163,-451.2186,451.2186,1,NO
914,110,1153,0.032,-257.8392,257.8392,1,NO
915,1153,1095,0.0191,-451.2186,451.2186,1,NO
916,1154,1096,0.0191,-451.2186,451.2186,1,NO
917,550,889,0.0374,-515.6784,515.6784,1,NO
918,974,888,0.0115,-451.2186,451.2186,1,NO
919,975,889,0.0115,-451.2186,451.2186,1,NO
920,985,974,0.0489,-515.6784,515.6784,1,NO
921,986,976,0.0489,-515.6784,515.6784,1,NO
922,974,76,0.00181,-636.64,636.64,1,NO
923,975,77,0.00182,-636.64,636.64,1,NO
924,685,974,0.0094,-451.2186,451.2186,1,NO
925,685,938,0.0224,-451.2186,451.2186,1,NO
926,684,975,0.0095,-451.2186,451.2186,1,NO
927,684,939,0.0222,-451.2186,451.2186,1,NO
928,684,975,0.00946,-451.2186,451.2186,1,NO
929,938,1069,0.003,-451.2186,451.2186,1,NO
930,939,1070,0.003,-451.2186,451.2186,1,NO
931,938,558,0.039,-257.8392,257.8392,1,NO
932,1511,605,0.0278,-515.6784,515.6784,1,NO
933,1511,1531,0.0254,-196.5626,196.5626,1,NO
934,1760,1777,0.0048,-196.5626,196.5626,1,NO
935,1761,1778,0.0055,-196.5626,196.5626,1,NO
936,1627,1652,0.0146,-196.5626,196.5626,1,NO
937,1615,1653,0.0292,-196.5626,196.5626,1,NO
938,1538,1654,0.0247,-196.5626,196.5626,1,NO
939,1614,1655,0.0392,-196.5626,196.5626,1,NO
940,1501,884,0.0282,-196.5626,196.5626,1,NO
941,1479,885,0.0213,-196.5626,196.5626,1,NO
942,1621,1656,0.0226,-196.5626,196.5626,1,NO
943,1566,1657,0.004,-196.5626,196.5626,1,NO
944,1512,1487,0.0227,-451.2186,451.2186,1,NO
945,605,1489,0.0133,-515.6784,515.6784,1,NO
946,1622,1658,0.0542,-196.5626,196.5626,1,NO
947,1759,1659,0.0279,-196.5626,196.5626,1,NO
948,1479,1525,0.0053,-451.2186,451.2186,1,NO
949,1479,1525,0.0052,-451.2186,451.2186,1,NO
950,1501,1525,0.011,-515.6784,515.6784,1,NO
951,1502,1526,0.011,-515.6784,515.6784,1,NO
952,1525,1516,0.0024,-515.6784,515.6784,1,NO
953,1525,1516,0.0019,-515.6784,515.6784,1,NO
954,78,1525,0.00996,-664.493,664.493,1,NO
955,79,1525,0.01005,-664.493,664.493,1,NO
956,1521,1479,0.00077,-596.85,596.85,1,NO
957,1521,1525,0.00239,-515.6784,515.6784,1,NO
958,1501,1528,0.00043,-393.1252,393.1252,1,NO
959,1272,1290,0.00428,-393.1252,393.1252,1,NO
960,1915,1848,0.02833,-515.6784,515.6784,1,NO
961,1056,1021,0.04463,-82.16635,82.16635,1,NO
962,1056,1021,0.04463,-82.16635,82.16635,1,NO
963,1783,1704,0.178,0,0,1,NO
964,1784,1704,0.0763,0,0,1,NO
965,1784,198,0.157,0,0,1,NO
966,1536,1597,0.1023,-86.94115,86.94115,1,NO
967,1597,1535,0.01736,-86.94115,86.94115,1,NO
968,1806,2007,0.052,0,0,1,NO
969,205,1793,0.0308,0,0,1,NO
970,206,1793,0.0308,0,0,1,NO
971,176,2009,0.05149,0,0,1,NO
972,2010,2009,0.01864,0,0,1,NO
973,2010,2011,0.0001,0,0,1,NO
974,1957,2011,0.0463,0,0,1,NO
975,1951,192,0.0586,0,0,1,NO
976,1944,2008,0.156,0,0,1,NO
977,1944,2006,0.1474,0,0,1,NO
978,2008,2006,0.0616,0,0,1,NO
979,192,184,0.109,0,0,1,NO
980,2015,2016,0.0001,0,0,1,NO
981,2020,600,0.0195,-709.0578,709.0578,1,NO
982,2020,600,0.02007,-709.0578,709.0578,1,NO
983,643,2024,0.00834,-515.6784,515.6784,1,NO
984,780,2024,0.01225,-515.6784,515.6784,1,NO
985,643,2024,0.0084,-618.3366,618.3366,1,NO
986,830,2024,0.00608,-477.48,477.48,1,NO
987,781,2024,0.00492,-477.48,477.48,1,NO
988,932,2030,0.03135,-515.6784,515.6784,1,NO
989,2034,2035,0.0001,0,0,1,NO
990,2030,2034,0.09908,-515.6784,515.6784,1,NO
991,927,2034,0.04284,-451.2186,451.2186,1,NO
992,1930,1882,0.0095,-451.2186,451.2186,1,NO
993,50,52,0.0001,-557.06,557.06,1,NO
994,2039,592,0.04787,-451.2186,451.2186,1,NO
995,1227,2039,0.0442,-451.2186,451.2186,1,NO
996,592,1227,0.0056,-709.0578,709.0578,1,NO
997,1135,1120,0.01158,-477.48,477.48,1,NO
998,1284,1272,0.02637,-451.2186,451.2186,1,NO
999,1413,2043,0.02532,-393.1252,393.1252,1,NO
1000,2043,1526,0.01956,-393.1252,393.1252,1,NO
1001,2054,2055,0.0001,0,0,1,NO
1002,2054,1421,0.00348,-515.6784,515.6784,1,NO
1003,2055,1453,0.00348,-515.6784,515.6784,1,NO
1004,813,2058,0.01385,-407.4496,407.4496,1,NO
1005,2059,1048,0.00623,-196.5626,196.5626,1,NO
1006,2060,1049,0.00664,-196.5626,196.5626,1,NO
1007,2061,1036,0.00697,-196.5626,196.5626,1,NO
1008,2062,1037,0.00861,-196.5626,196.5626,1,NO
1009,1220,2063,0.00359,-204.9185,204.9185,1,NO
1010,1226,2064,0.02089,-204.9185,204.9185,1,NO
1011,1290,1279,0.00381,-393.1252,393.1252,1,NO
1012,1250,1378,0.01466,-515.6784,515.6784,1,NO
1013,2066,1537,0.02826,-257.8392,257.8392,1,NO
1014,1556,2066,0.03322,-257.8392,257.8392,1,NO
1015,2070,2071,0.0001,0,0,1,NO
1016,2071,1921,0.03253,-451.2186,451.2186,1,NO
1017,2071,1921,0.03247,-451.2186,451.2186,1,NO
1018,1488,2075,0.02871,-393.1252,393.1252,1,NO
1019,1488,2075,0.02285,-196.5626,196.5626,1,NO
1020,2075,1532,0.01595,-196.5626,196.5626,1,NO
1021,2075,1494,0.04102,-393.1252,393.1252,1,NO
1022,2081,2082,0.0001,0,0,1,NO
1023,781,2081,0.00192,-709.0578,709.0578,1,NO
1024,780,2082,0.00192,-709.0578,709.0578,1,NO
1025,2090,2091,0.0001,0,0,1,NO
1026,1076,2090,0.00481,-451.2186,451.2186,1,NO
1027,1077,2091,0.00481,-451.2186,451.2186,1,NO
1028,2090,1036,0.03043,-451.2186,451.2186,1,NO
1029,2091,1037,0.03043,-451.2186,451.2186,1,NO
1030,2095,567,0.00313,-3366.88275,3366.88275,1,NO
1031,2095,635,0.01602,-3366.88275,3366.88275,1,NO
1032,1054,2098,0.03279,-407.4496,407.4496,1,NO
1033,2101,2102,0.0001,0,0,1,NO
1034,2101,1264,0.00418,-515.6784,515.6784,1,NO
1035,2102,1265,0.00437,-515.6784,515.6784,1,NO
1036,2102,571,0.01498,-709.0578,709.0578,1,NO
1037,1235,1154,0.06421,-257.8392,257.8392,1,NO
1038,2102,1235,0.01087,-515.6784,515.6784,1,NO
1039,2101,1297,0.01041,-196.5626,196.5626,1,NO
1040,571,1235,0.01046,-709.0578,709.0578,1,NO
1041,724,2110,0.02115,-196.5626,196.5626,1,NO
1042,692,2111,0.02152,-196.5626,196.5626,1,NO
1043,109,111,0.0001,0,0,1,NO
1044,748,2112,0.00178,-196.5626,196.5626,1,NO
1045,111,2113,0.00178,-196.5626,196.5626,1,NO
1046,1343,2114,0.01076,-196.5626,196.5626,1,NO
1047,1308,2115,0.04296,-196.5626,196.5626,1,NO
1048,704,2116,0.01588,-196.5626,196.5626,1,NO
1049,1299,2117,0.00519,-196.5626,196.5626,1,NO
1050,621,1096,0.0566,-515.6784,515.6784,1,NO
1051,1968,1986,0.0315,-604.808,604.808,1,NO
1052,1736,1698,0.008,-515.6784,515.6784,1,NO
1053,3,2118,0.00739,-2368.716,2368.716,1,NO
1054,597,2118,0.00862,-2368.716,2368.716,1,NO
1055,2122,2123,0.0001,0,0,1,NO
1056,2122,724,0.00848,-709.0578,709.0578,1,NO
1057,2122,747,0.00848,-709.0578,709.0578,1,NO
1058,102,1949,0.0804,-257.8392,257.8392,1,NO
1059,1943,2001,0.01593,-515.6784,515.6784,1,NO
1060,2124,2125,0.0001,0,0,1,NO
1061,2119,2125,0.03187,-451.2186,451.2186,1,NO
1062,2130,2125,0.03187,-451.2186,451.2186,1,NO
1063,2129,2130,0.0001,0,0,1,NO
1064,2130,2015,0.02318,-515.6784,515.6784,1,NO
1065,1443,2139,0.00844,-451.2186,451.2186,1,NO
1066,2139,1413,0.00674,-451.2186,451.2186,1,NO
1067,2143,1710,0.01147,-515.6784,515.6784,1,NO
1068,2143,1711,0.01147,-515.6784,515.6784,1,NO
1069,629,2144,0.01072,-709.0578,709.0578,1,NO
1070,629,2144,0.01072,-709.0578,709.0578,1,NO
1071,2020,2150,0.00555,-196.5626,196.5626,1,NO
1072,1955,2151,0.01244,-196.5626,196.5626,1,NO
1073,1980,2152,0.02423,-196.5626,196.5626,1,NO
1074,2001,2153,0.01395,-196.5626,196.5626,1,NO
1075,1996,2154,0.00116,-196.5626,196.5626,1,NO
1076,1996,2155,0.0011,-196.5626,196.5626,1,NO
1077,1973,2119,0.0057,-709.0578,709.0578,1,NO
1078,1973,2119,0.00641,-709.0578,709.0578,1,NO
1079,2119,1980,0.02141,-515.6784,515.6784,1,NO
1080,2119,1981,0.02324,-515.6784,515.6784,1,NO
1081,2119,2015,0.01993,-515.6784,515.6784,1,NO
1082,2119,2015,0.02234,-515.6784,515.6784,1,NO
1083,2119,1967,0.02463,-515.6784,515.6784,1,NO
1084,2162,1303,0.01764,-451.2186,451.2186,1,NO
1085,2162,1303,0.03476,-451.2186,451.2186,1,NO
1086,2162,1317,0.08236,-354.5289,354.5289,1,NO
1087,1392,2169,0.03871,-451.2186,451.2186,1,NO
1088,1392,2169,0.03944,-451.2186,451.2186,1,NO
1089,2174,2175,0.0001,0,0,1,NO
1090,2173,690,0.00182,-2486.7885,2486.7885,1,NO
1091,1106,2065,0.00223,-204.9185,204.9185,1,NO
1092,787,2185,0.02123,-196.5626,196.5626,1,NO
1093,773,2186,0.0098,-196.5626,196.5626,1,NO
1094,805,2187,0.02858,-196.5626,196.5626,1,NO
1095,846,2188,0.03103,-196.5626,196.5626,1,NO
1096,2189,1048,0.1031,-257.8392,257.8392,1,NO
1097,2202,2201,0.0001,0,0,1,NO
1098,2201,1256,0.00058,-451.2186,451.2186,1,NO
1099,1278,2202,0.00573,-515.6784,515.6784,1,NO
1100,1278,2202,0.00573,-515.6784,515.6784,1,NO
1101,1316,636,0.01275,-515.6784,515.6784,1,NO
1102,61,2219,0.05081,-393.1252,393.1252,1,NO
1103,61,2219,0.05081,-393.1252,393.1252,1,NO
1104,2219,1249,0.01146,-393.1252,393.1252,1,NO
1105,2219,1250,0.01146,-393.1252,393.1252,1,NO
1106,2223,819,0.0036,-451.2186,451.2186,1,NO
1107,2223,860,0.01128,-451.2186,451.2186,1,NO
1108,2229,2230,0.0001,0,0,1,NO
1109,2229,1148,0.00396,-709.0578,709.0578,1,NO
1110,2229,2281,0.00226,-515.6784,515.6784,1,NO
1111,2230,2281,0.00226,-515.6784,515.6784,1,NO
1112,2230,2281,0.00226,-515.6784,515.6784,1,NO
1113,8,2232,0.00035,-2270.625,2270.625,1,NO
1114,8,2232,0.00035,-2270.625,2270.625,1,NO
1115,2232,587,0.00284,-2270.625,2270.625,1,NO
1116,2232,2173,0.0125,-2270.625,2270.625,1,NO
1117,2236,2237,0.0001,0,0,1,NO
1118,2237,613,0.00766,-709.0578,709.0578,1,NO
1119,2237,613,0.00726,-709.0578,709.0578,1,NO
1120,838,2236,0.00565,-709.0578,709.0578,1,NO
1121,838,2237,0.00565,-709.0578,709.0578,1,NO
1122,2237,880,0.01101,-196.5626,196.5626,1,NO
1123,692,764,0.00865,-709.0578,709.0578,1,NO
1124,1386,2243,0.02607,-515.6784,515.6784,1,NO
1125,2243,1557,0.00686,-515.6784,515.6784,1,NO
1126,72,2233,0.00062,-709.0578,709.0578,1,NO
1127,73,2233,0.00062,-709.0578,709.0578,1,NO
1128,2233,1214,0.00062,-709.0578,709.0578,1,NO
1129,2233,1215,0.00062,-709.0578,709.0578,1,NO
1130,72,2233,0.00045,-709.0578,709.0578,1,NO
1131,2233,1198,0.00045,-709.0578,709.0578,1,NO
1132,2233,1215,0.00062,-709.0578,709.0578,1,NO
1133,621,1148,0.01696,-393.1252,393.1252,1,NO
1134,2247,1083,0.00579,-196.5626,196.5626,1,NO
1135,2248,1084,0.00579,-196.5626,196.5626,1,NO
1136,2249,1076,0.01373,-196.5626,196.5626,1,NO
1137,2250,2091,0.01914,-196.5626,196.5626,1,NO
1138,2174,2081,0.01233,-709.0578,709.0578,1,NO
1139,2174,2082,0.01233,-709.0578,709.0578,1,NO
1140,2175,2223,0.0148,-709.0578,709.0578,1,NO
1141,2175,2223,0.01316,-709.0578,709.0578,1,NO
1142,2175,859,0.00521,-709.0578,709.0578,1,NO
1143,2175,860,0.00493,-709.0578,709.0578,1,NO
1144,1122,2174,0.05726,-196.5626,196.5626,1,NO
1145,2174,2024,0.01369,-709.0578,709.0578,1,NO
1146,1671,1782,0.0001,-451.2186,451.2186,1,NO
1147,2257,2258,0.0001,0,0,1,NO
1148,2258,1149,0.00473,-515.6784,515.6784,1,NO
1149,2257,2281,0.00315,-515.6784,515.6784,1,NO
1150,1106,2259,0.00233,-451.2186,451.2186,1,NO
1151,2260,1832,0.0092,-451.2186,451.2186,1,NO
1152,2260,1832,0.0092,-451.2186,451.2186,1,NO
1153,2260,1811,0.00815,-451.2186,451.2186,1,NO
1154,2260,1811,0.00815,-451.2186,451.2186,1,NO
1155,2260,1874,0.00776,-196.5626,196.5626,1,NO
1156,2260,1811,0.01432,-451.2186,451.2186,1,NO
1157,2269,1304,0.0141,0,0,1,NO
1158,2270,2163,0.0141,0,0,1,NO
1159,134,1427,0.0045,-846.7312,846.7312,1,NO
1160,1398,1413,0.0051,-742.4814,742.4814,1,NO
1161,1279,59,0.00226,-709.0578,709.0578,1,NO
1162,1279,59,0.00226,-709.0578,709.0578,1,NO
1163,1279,59,0.00226,-709.0578,709.0578,1,NO
1164,1323,2273,0.01077,-449.2291,449.2291,1,NO
1165,1363,2273,0.01123,-515.6784,515.6784,1,NO
1166,636,2273,0.03317,-709.0578,709.0578,1,NO
1167,2280,2281,0.0001,0,0,1,NO
1168,2280,1149,0.00635,-515.6784,515.6784,1,NO
1169,2280,1105,0.00116,-196.5626,196.5626,1,NO
1170,2281,1106,0.00116,-196.5626,196.5626,1,NO
1171,2281,1164,0.00116,-196.5626,196.5626,1,NO
1172,2281,1163,0.00116,-196.5626,196.5626,1,NO
1173,2281,1165,0.00226,-515.6784,515.6784,1,NO
1174,2281,2065,0.00226,-515.6784,515.6784,1,NO
1175,2281,2259,0.00226,-515.6784,515.6784,1,NO
1176,2282,2283,0.0001,0,0,1,NO
1177,1818,2282,0.01077,-393.1252,393.1252,1,NO
1178,2283,1825,0.00848,-393.1252,393.1252,1,NO
1179,2282,1826,0.00878,-257.8392,257.8392,1,NO
1180,2283,1799,0.01463,-257.8392,257.8392,1,NO
1181,740,2287,0.01053,-709.0578,709.0578,1,NO
1182,741,2287,0.01053,-709.0578,709.0578,1,NO
1183,2287,692,0.00521,-709.0578,709.0578,1,NO
1184,2287,692,0.00521,-709.0578,709.0578,1,NO
1185,1428,1392,0.01848,-515.6784,515.6784,1,NO
1186,2291,2292,0.0001,0,0,1,NO
1187,83,2291,0.0495,-272.1636,272.1636,1,NO
1188,82,2291,0.03476,-393.1252,393.1252,1,NO
1189,847,2291,0.00444,-451.2186,451.2186,1,NO
1190,774,2291,0.01101,-272.1636,272.1636,1,NO
1191,613,2291,0.02515,-709.0578,709.0578,1,NO
1192,773,847,0.02433,-515.6784,515.6784,1,NO
1193,773,787,0.01817,-272.1636,272.1636,1,NO
1194,2039,1227,0.04115,-451.2186,451.2186,1,NO
1195,621,2300,0.0361,-477.48,477.48,1,NO
1196,621,2300,0.0361,-515.6784,515.6784,1,NO
1197,2300,1235,0.01164,-477.48,477.48,1,NO
1198,2300,1234,0.01164,-515.6784,515.6784,1,NO
1199,1450,1428,0.00298,-451.2186,451.2186,1,NO
1200,1748,663,0.01211,-393.1252,393.1252,1,NO
1201,2310,2311,0.0001,0,0,1,NO
1202,2311,724,0.01146,-515.6784,515.6784,1,NO
1203,2311,710,0.01283,-515.6784,515.6784,1,NO
1204,2310,797,0.01455,-515.6784,515.6784,1,NO
1205,2310,878,0.01146,-196.5626,196.5626,1,NO
1206,2315,2316,0.0001,0,0,1,NO
1207,717,2315,0.00452,-709.0578,709.0578,1,NO
1208,717,2316,0.00452,-709.0578,709.0578,1,NO
1209,2315,613,0.01696,-709.0578,709.0578,1,NO
1210,2316,613,0.01696,-709.0578,709.0578,1,NO
1211,628,2322,0.01077,-2860.9875,2860.9875,1,NO
1212,22,2322,0.00965,-2860.9875,2860.9875,1,NO
1213,628,2322,0.01077,-2860.9875,2860.9875,1,NO
1214,23,2322,0.00965,-2860.9875,2860.9875,1,NO
1215,2323,2243,0.0113,-451.2186,451.2186,1,NO
1216,2323,1615,0.0113,-451.2186,451.2186,1,NO
1217,2323,1556,0.0113,-451.2186,451.2186,1,NO
1218,2323,1615,0.0113,-451.2186,451.2186,1,NO
1219,2323,1649,0.0113,-451.2186,451.2186,1,NO
1220,1825,625,0.0782,-257.8392,257.8392,1,NO
1221,2329,710,0.0037,0,0,1,NO
1222,2332,724,0.0037,0,0,1,NO
1223,2338,1102,0.0037,0,0,1,NO
1224,2341,800,0.0037,0,0,1,NO
1225,2344,712,0.0037,0,0,1,NO
1226,2347,814,0.0037,0,0,1,NO
1227,2350,1786,0.0037,0,0,1,NO
1228,2355,1756,0.0037,0,0,1,NO
1229,2357,1645,0.0037,0,0,1,NO
1230,2360,49,0.0037,0,0,1,NO
1231,2363,1921,0.0037,0,0,1,NO
1232,2366,1974,0.0037,0,0,1,NO
1233,2369,1969,0.0037,0,0,1,NO
1234,2374,1097,0.0037,0,0,1,NO
1235,2377,1123,0.0037,0,0,1,NO
1236,2380,1123,0.0037,0,0,1,NO
1237,2385,1102,0.0037,0,0,1,NO
1238,2387,1299,0.0037,0,0,1,NO
1239,2391,1236,0.0037,0,0,1,NO
1240,2394,1236,0.0037,0,0,1,NO
1241,2397,1251,0.0037,0,0,1,NO
1242,2401,981,0.0037,0,0,1,NO
1243,2406,896,0.0037,0,0,1,NO
1244,2409,988,0.0037,0,0,1,NO
1245,2412,914,0.0037,0,0,1,NO
1246,2416,2169,0.0037,0,0,1,NO
1247,2419,1393,0.0037,0,0,1,NO
1248,2422,1454,0.0037,0,0,1,NO
1249,2425,1429,0.0037,0,0,1,NO
1250,2428,1037,0.0037,0,0,1,NO
1251,2431,1078,0.0037,0,0,1,NO
1252,2434,1033,0.0037,0,0,1,NO
1253,2437,1024,0.0037,0,0,1,NO
1254,2439,724,0.0037,0,0,1,NO
1255,2444,748,0.0037,0,0,1,NO
1256,2449,806,0.0037,0,0,1,NO
1257,2455,860,0.0037,0,0,1,NO
1258,2459,847,0.0037,0,0,1,NO
1259,2463,861,0.0037,0,0,1,NO
1260,2466,872,0.0037,0,0,1,NO
1261,2470,1786,0.0037,0,0,1,NO
1262,2476,1786,0.0037,0,0,1,NO
1263,2482,1704,0.0037,0,0,1,NO
1264,2485,1762,0.0037,0,0,1,NO
1265,2488,1756,0.0037,0,0,1,NO
1266,2491,1731,0.0037,0,0,1,NO
1267,2494,1762,0.0037,0,0,1,NO
1268,2496,1641,0.0037,0,0,1,NO
1269,2499,575,0.0037,0,0,1,NO
1270,2506,1574,0.0037,0,0,1,NO
1271,2509,1574,0.0037,0,0,1,NO
1272,2514,1574,0.0037,0,0,1,NO
1273,2518,1921,0.0037,0,0,1,NO
1274,2523,1916,0.0037,0,0,1,NO
1275,2527,1904,0.0037,0,0,1,NO
1276,2530,1922,0.0037,0,0,1,NO
1277,2532,1921,0.0037,0,0,1,NO
1278,2535,1962,0.0037,0,0,1,NO
1279,2539,2020,0.0037,0,0,1,NO
1280,2543,2020,0.0037,0,0,1,NO
1281,2548,2017,0.0037,0,0,1,NO
1282,2551,1982,0.0037,0,0,1,NO
1283,2554,2036,0.0037,0,0,1,NO
1284,2557,2131,0.0037,0,0,1,NO
1285,2560,2131,0.0037,0,0,1,NO
1286,2564,1993,0.0037,0,0,1,NO
1287,2567,1951,0.0037,0,0,1,NO
1288,2570,2002,0.0037,0,0,1,NO
1289,2573,1993,0.0037,0,0,1,NO
1290,2576,2131,0.0037,0,0,1,NO
1291,2578,2039,0.0037,0,0,1,NO
1292,2583,1131,0.0037,0,0,1,NO
1293,2588,1101,0.0037,0,0,1,NO
1294,2591,1101,0.0037,0,0,1,NO
1295,2594,1096,0.0037,0,0,1,NO
1296,2600,1123,0.0037,0,0,1,NO
1297,2603,1132,0.0037,0,0,1,NO
1298,2606,1138,0.0037,0,0,1,NO
1299,2609,1123,0.0037,0,0,1,NO
1300,2612,1097,0.0037,0,0,1,NO
1301,2615,1114,0.0037,0,0,1,NO
1302,2618,1145,0.0037,0,0,1,NO
1303,2621,1097,0.0037,0,0,1,NO
1304,2624,1123,0.0037,0,0,1,NO
1305,2626,1338,0.0037,0,0,1,NO
1306,2635,1273,0.0037,0,0,1,NO
1307,2638,1848,0.0037,0,0,1,NO
1308,2641,1860,0.0037,0,0,1,NO
1309,2644,1799,0.0037,0,0,1,NO
1310,2648,564,0.0037,0,0,1,NO
1311,2653,1792,0.0037,0,0,1,NO
1312,2656,1834,0.0037,0,0,1,NO
1313,2660,1834,0.0037,0,0,1,NO
1314,2663,1849,0.0037,0,0,1,NO
1315,2666,1841,0.0037,0,0,1,NO
1316,2669,967,0.0037,0,0,1,NO
1317,2672,912,0.0037,0,0,1,NO
1318,2676,907,0.0037,0,0,1,NO
1319,2680,2034,0.0037,0,0,1,NO
1320,2683,914,0.0037,0,0,1,NO
1321,2686,988,0.0037,0,0,1,NO
1322,2690,2169,0.0037,0,0,1,NO
1323,2694,1406,0.0037,0,0,1,NO
1324,2697,2043,0.0037,0,0,1,NO
1325,2701,1454,0.0037,0,0,1,NO
1326,2704,1436,0.0037,0,0,1,NO
1327,2707,1388,0.0037,0,0,1,NO
1328,2710,1472,0.0037,0,0,1,NO
1329,2714,1490,0.0037,0,0,1,NO
1330,2717,1044,0.0037,0,0,1,NO
1331,2720,1049,0.0037,0,0,1,NO
1332,2723,1054,0.0037,0,0,1,NO
1333,2726,2428,0.0037,0,0,1,NO
1334,2729,1064,0.0037,0,0,1,NO
1335,2732,1085,0.0037,0,0,1,NO
1336,2735,1033,0.0037,0,0,1,NO
1337,2738,1045,0.0037,0,0,1,NO
1338,6,4,0.01944,0,0,1,NO
1339,7,5,0.01931,0,0,1,NO
1340,9,8,0.01926,0,0,1,NO
1341,10,8,0.01926,0,0,1,NO
1342,13,11,0.0171802406893424,-1170,1170,0.975836431,NO
1343,14,12,0.0171802406893424,-1170,1170,0.975836431,NO
1344,16,15,0.01306,-1134,1134,1,NO
1345,17,15,0.01306,-1134,1134,1,NO
1346,29,28,0.0513602837656236,-360,360,0.975655083,NO
1347,30,28,0.0511816941104762,-360,360,0.975655083,NO
1348,31,28,0.0512132099319728,-360,360,0.975655083,NO
1349,32,28,0.0508350200740136,-360,360,0.975655083,NO
1350,33,28,0.0495533766664853,-360,360,0.975655083,NO
1351,34,28,0.0494063028328345,-360,360,0.975655083,NO
1352,36,35,0.0389943764172336,-400,400,0.954545455,NO
1353,37,35,0.039071201814059,-400,400,0.954545455,NO
1355,40,39,0.03944,-360,360,1,NO
1356,41,39,0.03944,-360,360,1,NO
1357,44,43,0.01585,-1170,1170,1,NO
1358,45,43,0.01579,-1170,1170,1,NO
1359,47,46,0.0371342720793951,-420,420,0.974989402,NO
1360,48,46,0.0371342720793951,-420,420,0.974989402,NO
1361,53,52,0.0338763402646503,-464,464,0.950413223,NO
1362,54,51,0.0340977542533081,-464,464,0.950413223,NO
1363,57,56,0.0197936635160681,-750,750,0.974576271,NO
1364,58,55,0.0195830926275992,-750,750,0.974576271,NO
1365,62,59,0.0397978979206049,-370,370,0.974576271,NO
1366,63,61,0.0401137542533081,-370,370,0.974576271,NO
1367,66,64,0.03644,-360,360,1,NO
1368,67,65,0.03644,-360,360,1,NO
1369,69,70,0.0204,-720,720,1.026086957,NO
1370,68,71,0.0198,-720,720,1.026086957,NO
1371,74,72,0.0197058449905482,-810,810,0.950413223,NO
1372,75,73,0.0195951379962193,-810,810,0.950413223,NO
1373,80,78,0.0340756128544423,-460,460,0.950413223,NO
1374,81,79,0.0340534714555766,-460,460,0.950413223,NO
1375,87,84,-0.0059,-135,135,1,NO
1376,84,86,0.0759449981096408,-135,135,0.950413223,NO
1377,84,83,0.115578102079395,-135,135,0.950413223,NO
1378,88,83,0.102846797731569,-135,135,0.950413223,NO
1379,89,85,-0.0052,-135,135,1,NO
1380,85,86,0.082808831758034,-135,135,0.950413223,NO
1381,85,82,0.131187788279773,-135,135,0.950413223,NO
1382,90,82,0.116795879017013,-120,120,0.950413223,NO
1383,91,82,0.117128,-130,130,0.950413223,NO
1384,96,93,0.174036839319471,-75,75,0.974576271,NO
1385,98,93,0.174036839319471,-75,75,0.974576271,NO
1386,95,100,-0.016,-75,75,1,NO
1387,95,94,0.125431024574669,-75,75,0.950413223,NO
1388,95,92,0.20956834026465,-75,75,0.950413223,NO
1389,103,102,0.0838,-180,180,1,NO
1390,104,101,0.0838,-180,180,1,NO
1391,105,102,0.0838,-180,180,1,NO
1392,106,101,0.0838,-180,180,1,NO
1393,108,107,0.0907560529300567,-160,160,0.977680017,NO
1394,116,114,0.0053,-80,80,1,NO
1395,114,109,0.032533202268431,-160,160,0.974576271,NO
1396,114,112,0.0563498601134215,-160,160,0.950413223,NO
1397,117,115,0.0549,-75,75,1,NO
1398,115,110,0.0243209376181475,-150,150,0.974576271,NO
1399,115,113,0.0733987372400756,-150,150,0.950413223,NO
1400,118,112,0.146797474480151,-80,80,0.950413223,NO
1401,119,113,0.146686767485822,-80,80,0.950413223,NO
1402,127,120,0.0839124990548204,-160,160,0.974576271,NO
1403,120,125,0.0867,-160,160,1.026086957,NO
1404,124,125,0.0554,-160,160,1.052173913,NO
1405,128,125,-0.0046,-160,160,1,NO
1406,129,121,0.0839124990548204,-160,160,0.974576271,NO
1407,121,126,0.0867,-160,160,1.026086957,NO
1408,130,126,-0.005092522,-160,160,0.950413223,NO
1409,123,126,0.0554,-160,160,1.052173913,NO
1410,139,131,0.0774948960302457,-150,150,0.950413223,NO
1411,140,132,0.0774948960302457,-150,150,0.950413223,NO
1412,143,131,0.0774948960302457,-150,150,0.950413223,NO
1413,136,146,-0.003,-150,150,1,NO
1414,136,135,0.0697454064272212,-75,75,0.950413223,NO
1415,136,133,0.107053663516068,-150,150,0.950413223,NO
1416,151,149,0.124501085822306,-130,130,0.950413223,NO
1417,154,150,0.125098903591682,-130,130,0.950413223,NO
1418,155,149,0.125984559546314,-130,130,0.950413223,NO
1419,157,150,0.125098903591682,-130,130,0.950413223,NO
1420,159,150,0.506085953875236,-31.5,31.5,0.950413223,NO
1421,161,160,0.0639332892249527,-240,240,0.953440017,NO
1422,162,160,0.0639332892249527,-240,240,0.953440017,NO
1423,163,160,0.0638890064272212,-240,240,0.953440017,NO
1424,165,164,0.2596,-50,50,1,NO
1425,166,164,0.2596,-50,50,1,NO
1426,169,170,0.1292,-100,100,1.052173913,NO
1427,169,172,0.1292,-100,100,1.052173913,NO
1428,168,175,0.128,-100,100,1.052173913,NO
1429,180,178,0.31,-25,25,1,NO
1430,177,178,-0.0266,-25,25,1.1,NO
1431,176,178,0.4871,-25,25,1.017391304,NO
1432,179,176,0.26713597731569,-50,50,0.950413223,NO
1433,183,176,0.40275204536862,-31.5,31.5,0.950413223,NO
1434,189,187,-0.02,-40,40,1,NO
1435,185,187,0.2001,-40,40,1.1,NO
1436,184,187,0.3141,-40,40,1,NO
1437,190,188,-0.018,-40,40,1,NO
1438,186,188,0.1998,-40,40,1.1,NO
1439,184,188,0.3116,-40,40,1,NO
1440,191,184,0.543239221172023,-25,25,0.950413223,NO
1441,193,192,0.3518,-31.5,31.5,1,NO
1442,197,194,-0.057,-16,16,1,NO
1443,195,194,0.4996,-16,16,1.1,NO
1444,192,194,0.753,-16,16,1,NO
1445,202,200,-0.019,-50,50,1,NO
1446,201,200,0.1634,-50,50,1.1,NO
1447,198,200,0.2484,-50,50,1.052173913,NO
1448,203,204,-0.0076,-75,75,1,NO
1449,207,204,0.0999,-75,75,1.1,NO
1450,205,204,0.1681,-75,75,1.026086957,NO
1451,210,212,0.002,0,0,1,NO
1452,212,211,0.0632,0,0,1,NO
1453,213,217,0.014,0,0,1,NO
1454,214,218,0.014,0,0,1,NO
1455,215,219,0.014,0,0,1,NO
1456,217,216,0.292,-50,50,1,NO
1457,218,216,0.288,-50,50,1,NO
1458,219,216,0.288,-50,50,1,NO
1459,220,223,0.014,0,0,1,NO
1460,221,224,0.014,0,0,1,NO
1461,223,222,0.1408,-100,100,1,NO
1462,224,222,0.2832,-50,50,1,NO
1463,225,227,0.009,0,0,1,NO
1464,227,226,0.156,-50,50,1,NO
1465,228,230,0.014,0,0,1,NO
1466,230,229,0.1166,-120,120,1,NO
1467,231,233,0.014,0,0,1,NO
1468,233,232,0.1135,-100,100,1,NO
1469,234,235,0.05,-200,200,1,NO
1470,236,238,0.014,0,0,1,NO
1471,238,237,0.1408,-100,100,1,NO
1472,239,241,0.014,0,0,1,NO
1473,241,240,0.256547448015123,-50,50,0.997933884,NO
1474,242,243,0.0849699054820416,-150,150,1.045454545,NO
1475,244,245,0.007,0,0,1,NO
1476,245,246,0.0904,0,0,0.954545455,NO
1477,247,248,0.014,0,0,1,NO
1478,248,249,0.2804,0,0,0.954545455,NO
1479,250,251,0.014,0,0,1,NO
1480,251,252,0.2804,0,0,0.954545455,NO
1481,253,254,0.014,0,0,1,NO
1482,254,255,0.2804,0,0,0.954545455,NO
1483,256,257,0.014,0,0,1,NO
1484,257,258,0.2804,0,0,0.954545455,NO
1485,259,260,0.014,0,0,1,NO
1486,260,261,0.2804,0,0,0.954545455,NO
1487,262,263,0.014,0,0,1,NO
1488,263,264,0.2804,0,0,0.954545455,NO
1489,265,266,0.014,0,0,1,NO
1490,266,267,0.2804,0,0,0.954545455,NO
1491,268,269,0.014,0,0,1,NO
1492,269,270,0.2804,0,0,0.954545455,NO
1493,271,272,0.014,0,0,1,NO
1494,272,273,0.2804,0,0,0.954545455,NO
1495,274,275,0.014,0,0,1,NO
1496,275,276,0.2804,0,0,0.954545455,NO
1497,277,278,0.014,0,0,1,NO
1498,278,279,0.2804,0,0,0.954545455,NO
1499,280,281,0.014,0,0,1,NO
1500,281,282,0.2804,0,0,0.954545455,NO
1501,283,285,0.014,0,0,1,NO
1502,285,284,0.1308,-100,100,0.954545455,NO
1503,286,287,0.014,0,0,1,NO
1504,287,288,0.2804,0,0,0.954545455,NO
1505,289,290,0.014,0,0,1,NO
1506,290,291,0.2804,0,0,0.954545455,NO
1507,292,293,0.014,0,0,1,NO
1508,293,294,0.2804,0,0,0.954545455,NO
1509,295,297,0.014,0,0,1,NO
1510,297,296,0.2832,-50,50,1,NO
1511,298,300,0.014,0,0,1,NO
1512,300,299,0.2832,-50,50,1,NO
1513,301,302,0.014,0,0,1,NO
1514,302,303,0.2804,0,0,0.954545455,NO
1515,304,305,0.014,0,0,1,NO
1516,305,306,0.2804,0,0,0.954545455,NO
1517,307,308,0.014,0,0,1,NO
1518,308,309,0.2804,0,0,0.954545455,NO
1519,310,311,0.014,0,0,1,NO
1520,311,312,0.2804,0,0,0.954545455,NO
1521,313,314,0.014,0,0,1,NO
1522,314,315,0.2804,0,0,0.954545455,NO
1523,316,317,0.014,0,0,1,NO
1524,317,318,0.2804,0,0,0.954545455,NO
1525,319,320,0.014,0,0,1,NO
1526,320,321,0.2804,0,0,0.954545455,NO
1527,322,323,0.014,0,0,1,NO
1528,323,324,0.2804,0,0,0.954545455,NO
1529,325,326,0.014,0,0,1,NO
1530,326,327,0.2804,0,0,0.954545455,NO
1531,328,329,0.014,0,0,1,NO
1532,329,330,0.2804,0,0,0.954545455,NO
1533,331,332,0.014,0,0,1,NO
1534,332,333,0.2804,0,0,0.954545455,NO
1535,334,335,0.014,0,0,1,NO
1536,335,336,0.2804,0,0,0.954545455,NO
1537,337,338,0.014,0,0,1,NO
1538,338,339,0.2804,0,0,0.954545455,NO
1539,340,341,0.014,0,0,1,NO
1540,341,342,0.2804,0,0,0.954545455,NO
1541,343,345,0.014,0,0,1,NO
1542,345,344,0.2832,0,0,1,NO
1543,346,347,0.014,0,0,1,NO
1544,347,348,0.2804,0,0,0.954545455,NO
1545,349,350,0.014,0,0,1,NO
1546,350,351,0.2804,0,0,0.954545455,NO
1547,352,353,0.014,0,0,1,NO
1548,353,354,0.2804,0,0,0.954545455,NO
1549,355,356,0.014,0,0,1,NO
1550,356,357,0.2804,0,0,0.954545455,NO
1551,358,359,0.014,0,0,1,NO
1552,359,360,0.2804,0,0,0.954545455,NO
1553,361,362,0.014,0,0,1,NO
1554,362,363,0.2804,0,0,0.954545455,NO
1555,364,365,0.014,0,0,1,NO
1556,365,366,0.2804,0,0,0.954545455,NO
1557,367,368,0.014,0,0,1,NO
1558,368,369,0.2804,0,0,0.954545455,NO
1559,370,371,0.014,0,0,1,NO
1560,371,372,0.2804,0,0,0.954545455,NO
1561,373,374,0.014,0,0,1,NO
1562,374,375,0.2804,0,0,0.954545455,NO
1563,376,377,0.014,0,0,1,NO
1564,377,378,0.2804,0,0,0.954545455,NO
1565,379,380,0.014,0,0,1,NO
1566,380,381,0.2804,0,0,0.954545455,NO
1567,382,383,0.014,0,0,1,NO
1568,383,384,0.2804,0,0,0.954545455,NO
1569,385,386,0.014,0,0,1,NO
1570,386,387,0.2804,0,0,0.954545455,NO
1571,388,389,0.014,0,0,1,NO
1572,389,390,0.2804,0,0,0.954545455,NO
1573,391,392,0.014,0,0,1,NO
1574,392,393,0.2804,0,0,0.954545455,NO
1575,394,395,0.014,0,0,1,NO
1576,395,396,0.2804,0,0,0.954545455,NO
1577,397,398,0.014,0,0,1,NO
1578,398,399,0.2804,0,0,0.954545455,NO
1579,400,401,0.014,0,0,1,NO
1580,401,402,0.2804,0,0,0.954545455,NO
1581,403,404,0.014,0,0,1,NO
1582,404,405,0.2804,0,0,0.954545455,NO
1583,406,407,0.014,0,0,1,NO
1584,407,408,0.2804,0,0,0.954545455,NO
1585,409,410,0.014,0,0,1,NO
1586,410,411,0.2804,0,0,0.954545455,NO
1587,412,413,0.014,0,0,1,NO
1588,413,414,0.2804,0,0,0.954545455,NO
1589,415,416,0.014,0,0,1,NO
1590,416,417,0.2804,0,0,0.954545455,NO
1591,418,419,0.014,0,0,1,NO
1592,419,420,0.2804,0,0,0.954545455,NO
1593,421,422,0.014,0,0,1,NO
1594,422,423,0.2804,0,0,0.954545455,NO
1595,424,425,0.014,0,0,1,NO
1596,425,426,0.2804,0,0,0.954545455,NO
1597,427,428,0.014,0,0,1,NO
1598,428,429,0.2804,0,0,0.954545455,NO
1599,430,431,0.014,0,0,1,NO
1600,431,432,0.2804,0,0,0.954545455,NO
1601,433,434,0.014,0,0,1,NO
1602,434,435,0.2804,0,0,0.954545455,NO
1603,436,437,0.014,0,0,1,NO
1604,437,438,0.2804,0,0,0.954545455,NO
1605,439,440,0.014,0,0,1,NO
1606,440,441,0.2804,0,0,0.954545455,NO
1607,442,443,0.014,0,0,1,NO
1608,443,444,0.2804,0,0,0.954545455,NO
1609,445,446,0.014,0,0,1,NO
1610,446,447,0.2804,0,0,0.954545455,NO
1611,448,449,0.014,0,0,1,NO
1612,449,450,0.2804,0,0,0.954545455,NO
1613,451,452,0.014,0,0,1,NO
1614,452,453,0.2804,0,0,0.954545455,NO
1615,454,455,0.014,0,0,1,NO
1616,455,456,0.2804,0,0,0.954545455,NO
1617,457,458,0.014,0,0,1,NO
1618,458,459,0.0904,0,0,0.954545455,NO
1619,460,458,0.014,0,0,1,NO
1620,461,458,0.014,0,0,1,NO
1621,462,463,0.014,0,0,1,NO
1622,463,464,0.2804,0,0,0.954545455,NO
1623,465,466,0.014,0,0,1,NO
1624,466,467,0.2804,0,0,0.954545455,NO
1625,468,469,0.014,0,0,1,NO
1626,469,470,0.2804,0,0,0.954545455,NO
1627,471,472,0.014,0,0,1,NO
1628,472,473,0.2804,0,0,0.954545455,NO
1629,474,475,0.014,0,0,1,NO
1630,475,476,0.2804,0,0,0.954545455,NO
1631,477,248,0.014,0,0,1,NO
1632,478,479,0.014,0,0,1,NO
1633,479,480,0.2804,0,0,0.954545455,NO
1634,481,482,0.014,0,0,1,NO
1635,482,483,0.2804,0,0,0.954545455,NO
1636,484,278,0.014,0,0,1,NO
1637,485,486,0.014,0,0,1,NO
1638,486,487,0.2804,0,0,0.954545455,NO
1639,488,490,0.014,0,0,1,NO
1640,490,489,0.2804,0,0,0.954545455,NO
1641,491,490,0.014,0,0,1,NO
1642,492,490,0.014,0,0,1,NO
1643,493,495,0.014,0,0,1,NO
1644,495,494,0.2804,0,0,0.954545455,NO
1645,496,495,0.014,0,0,1,NO
1646,497,323,0.014,0,0,1,NO
1647,498,499,0.014,0,0,1,NO
1648,499,500,0.2804,0,0,0.954545455,NO
1649,501,502,0.014,0,0,1,NO
1650,502,503,0.2804,0,0,0.954545455,NO
1651,504,502,0.014,0,0,1,NO
1652,505,506,0.014,0,0,1,NO
1653,506,507,0.2804,0,0,0.954545455,NO
1654,508,509,0.014,0,0,1,NO
1655,509,510,0.0504,0,0,0.954545455,NO
1656,511,512,0.014,0,0,1,NO
1657,512,513,0.2004,0,0,0.954545455,NO
1658,514,515,0.014,0,0,1,NO
1659,515,516,0.2804,0,0,0.954545455,NO
1660,517,519,0.014,0,0,1,NO
1661,519,518,0.1404,0,0,0.954545455,NO
1662,520,522,0.014,0,0,1,NO
1663,522,521,0.2804,0,0,0.954545455,NO
1664,523,525,0.014,0,0,1,NO
1665,525,524,0.2804,0,0,0.954545455,NO
1666,526,527,0.014,0,0,1,NO
1667,527,528,0.2804,0,0,0.954545455,NO
1668,529,530,0.014,0,0,1,NO
1669,530,531,0.2804,0,0,0.954545455,NO
1670,532,533,0.014,0,0,1,NO
1671,533,534,0.2804,0,0,0.954545455,NO
1672,535,536,0.014,0,0,1,NO
1673,536,537,0.2804,0,0,0.954545455,NO
1674,538,539,0.014,0,0,1,NO
1675,539,540,0.2804,0,0,0.954545455,NO
1676,541,446,0.014,0,0,1,NO
1677,542,543,0.014,0,0,1,NO
1678,543,544,0.2804,0,0,0.954545455,NO
1679,546,545,0.0199,-750,750,1,NO
1680,546,549,-0.0036,-750,750,1,NO
1681,546,551,0.0424241632653061,-240,240,0.972222222,NO
1682,547,545,0.018,-750,750,1,NO
1683,547,549,-0.002,-750,750,1,NO
1684,547,552,0.0430589387755102,-240,240,0.972222222,NO
1685,548,545,0.01763,-750,750,1,NO
1686,548,549,-0.0017,-750,750,1,NO
1687,548,553,0.0424453224489796,-240,240,0.972222222,NO
1688,554,556,0.0179,-750,750,1,NO
1689,555,556,-0.0022,-750,750,0.999565217,NO
1690,559,556,0.0411,-240,240,1,NO
1691,554,557,0.0196,-750,750,1,NO
1692,555,557,-0.0041,-750,750,0.999565217,NO
1693,560,557,0.0417,-240,240,1,NO
1694,561,562,0.021,-750,750,1,NO
1695,564,562,-0.0024,-750,750,1,NO
1696,565,562,0.0545,-180,180,1,NO
1697,561,563,0.021,-750,750,1,NO
1698,564,563,-0.0024,-750,750,1,NO
1699,566,563,0.0531,-240,240,1,NO
1700,567,568,0.02078,-750,750,1,NO
1701,570,568,-0.0024,-750,750,1,NO
1702,572,568,0.05469,-240,240,1.05,NO
1703,567,569,0.02078,-750,750,1,NO
1704,571,569,-0.0024,-750,750,1,NO
1705,573,569,0.05469,-240,240,1.05,NO
1706,574,576,0.0188,-750,750,1,NO
1707,575,576,-0.0022,-750,750,1,NO
1708,578,576,0.0426,-240,240,1,NO
1709,574,577,0.0183,-750,750,1,NO
1710,575,577,-0.0026,-750,750,1,NO
1711,579,577,0.0399,-240,240,1,NO
1712,580,581,0.02023,-1000,1000,1.019047619,NO
1713,583,581,-0.0028,-1000,1000,1,NO
1714,585,581,0.0408,-240,240,1,NO
1715,580,582,0.02023,-1000,1000,1.019047619,NO
1716,584,582,-0.0029,-1000,1000,1,NO
1717,586,582,0.04095,-240,240,1,NO
1718,587,588,0.0204,-750,750,1.019047619,NO
1719,592,588,-0.0024,-750,750,1.024782609,NO
1720,594,588,0.0534,-240,240,1.05,NO
1721,587,589,0.01594,-1000,1000,1.019047619,NO
1722,592,589,-0.002,-1000,1000,1.024782609,NO
1723,595,589,0.03928,-240,240,1.05,NO
1724,587,590,0.01653,-1000,1000,1.019047619,NO
1725,592,590,-0.00248,-1000,1000,1.024782609,NO
1726,596,590,0.03959,-240,240,1.05,NO
1727,597,598,0.018,-750,750,1.047619048,NO
1728,600,598,-0.0019,-750,750,1.025217391,NO
1729,601,598,0.0425,-240,240,1.028571429,NO
1730,597,599,0.0181,-750,750,1.047619048,NO
1731,600,599,-0.0024,-750,750,1.025217391,NO
1732,602,599,0.0414,-240,240,1.028571429,NO
1733,606,603,0.0191,-750,750,1,NO
1734,606,605,-0.00233986,-750,750,1.012769705,NO
1735,606,609,0.0426,-240,240,1,NO
1736,607,603,0.0181,-750,750,1,NO
1737,607,605,-0.002047377,-750,750,1.012769705,NO
1738,607,610,0.0398,-240,240,1,NO
1739,608,603,0.01622,-750,750,1,NO
1740,608,605,-0.000682459,-750,750,1.012769705,NO
1741,608,611,0.03838,-240,240,1,NO
1742,614,612,0.01751,-750,750,1,NO
1743,614,613,-0.0018,-750,750,1,NO
1744,614,616,0.0419586612244898,-240,240,0.972222222,NO
1745,615,612,0.01764,-750,750,1,NO
1746,615,613,-0.002,-750,750,1,NO
1747,615,617,0.0415037387755102,-240,240,0.972222222,NO
1748,618,619,0.02067,-750,750,1,NO
1749,621,619,-0.0023,-750,750,1,NO
1750,622,619,0.05213,-240,240,1.05,NO
1751,618,620,0.021,-750,750,1,NO
1752,621,620,-0.0024,-750,750,1,NO
1753,623,620,0.0541,-240,240,1.05,NO
1754,626,624,0.0195356009070295,-750,750,0.954545455,NO
1755,626,625,-0.0018,-750,750,1,NO
1756,626,627,0.051593693877551,-240,240,1.014492754,NO
1757,630,628,0.0217,-750,750,1,NO
1758,630,629,-0.003097305,-750,750,1.000434972,NO
1759,630,632,0.0580819591836735,-240,240,0.972222222,NO
1760,631,628,0.0211,-750,750,1,NO
1761,631,629,-0.002497827,-750,750,1.000434972,NO
1762,631,633,0.0587167346938775,-240,240,0.972222222,NO
1763,637,635,0.01571,-1000,1000,1,NO
1764,637,636,-0.002,-1000,1000,1,NO
1765,637,638,0.045544275,-240,240,0.952380952,NO
1766,639,640,0.0178,-750,750,1,NO
1767,643,640,-0.0016,-750,750,0.999565217,NO
1768,645,640,0.0456,-210,210,1.05,NO
1769,639,641,0.018,-750,750,1,NO
1770,643,641,-0.0013,-750,750,0.999565217,NO
1771,646,641,0.0449,-210,210,1.05,NO
1772,639,642,0.01795,-750,750,1,NO
1773,644,642,-0.0017,-750,750,0.999565217,NO
1774,647,642,0.04672,-210,210,1.05,NO
1775,650,648,0.0302551886367347,-500,500,0.975655083,NO
1776,650,649,-0.004624711,-500,500,0.975402884,NO
1777,650,652,0.0735525918367347,-120,120,1.014492754,NO
1778,651,648,0.0301501358984127,-500,500,0.975655083,NO
1779,651,649,-0.004834925,-500,500,0.975402884,NO
1780,651,653,0.0731639387755102,-120,120,1.014492754,NO
1781,658,654,0.02111,-750,750,1,NO
1782,658,656,-0.0021,-750,750,1,NO
1783,658,660,0.05577,-240,240,1,NO
1784,659,654,0.02113,-750,750,1,NO
1785,659,656,-0.002,-750,750,1,NO
1786,659,661,0.05551,-240,240,1,NO
1787,664,662,0.0175,-750,750,1,NO
1788,664,663,-0.001898348,-750,750,1.000434972,NO
1789,664,667,0.0525805714285714,-180,180,0.972222222,NO
1790,665,662,0.0181,-750,750,1,NO
1791,665,663,-0.002397913,-750,750,1.000434972,NO
1792,665,668,0.0531095510204082,-180,180,0.972222222,NO
1793,666,662,0.0181,-750,750,1.052173913,NO
1794,666,663,-0.002098174,-750,750,1.052631579,NO
1795,666,669,0.0526863673469388,-180,180,1.02294686,NO
1796,670,671,0.01811,-750,750,1.047619048,NO
1797,673,671,-0.0018,-750,750,0.999565217,NO
1798,674,671,0.05121,-240,240,1.05,NO
1799,675,676,0.0187,-750,750,1,NO
1800,679,676,-0.0022,-750,750,1,NO
1801,680,676,0.0348,-240,240,1,NO
1802,675,677,0.0182,-750,750,1,NO
1803,679,677,-0.0021,-750,750,1,NO
1804,682,677,0.0346,-180,180,1,NO
1805,675,678,0.01735,-750,750,1,NO
1806,679,678,-0.0009,-750,750,1,NO
1807,681,678,0.03459,-240,240,1,NO
1808,683,686,0.0182,-750,750,1,NO
1809,685,686,-0.002,-750,750,1,NO
1810,688,686,0.039,-240,240,1,NO
1811,683,687,0.0182,-750,750,1,NO
1812,684,687,-0.002,-750,750,1,NO
1813,689,687,0.039,-240,240,1,NO
1814,690,691,0.0178,-1000,1000,1,NO
1815,692,691,-0.0011,-1000,1000,0.999565217,NO
1816,693,691,0.0396,-280,280,1.05,NO
1817,694,695,0.018,-750,750,1,NO
1818,697,695,-0.002,-750,750,1,NO
1819,699,695,0.0407,-240,240,1.028571429,NO
1820,694,696,0.01788,-750,750,1,NO
1821,697,696,-0.0022,-750,750,1,NO
1822,700,696,0.03968,-240,240,1.028571429,NO
1823,706,701,0.0205,-750,750,1,NO
1824,706,705,-0.002298,-750,750,1.000434972,NO
1825,706,708,0.0268721632653061,-180,180,0.972222222,NO
1826,707,701,0.0197,-750,750,1,NO
1827,707,703,-0.002497827,-750,750,1.000434972,NO
1828,707,709,0.0415777959183673,-240,240,0.972222222,NO
1829,713,711,0.0835444543440453,-180,180,0.984167736,NO
1830,713,712,-0.006199592,-180,180,0.950413223,NO
1831,713,715,0.0597256,-90,90,0.909090909,NO
1832,714,710,0.0861771577372401,-180,180,0.984167736,NO
1833,714,712,-0.007528076,-180,180,0.950413223,NO
1834,714,716,0.0605968,-90,90,0.909090909,NO
1835,719,717,0.0642642189035917,-240,240,0.987124464,NO
1836,719,718,-0.004206866,-240,240,0.950413223,NO
1837,719,721,0.136336425619835,-120,120,1.047619048,NO
1838,720,717,0.0644386826086956,-240,240,0.987124464,NO
1839,720,718,-0.004206866,-240,240,0.950413223,NO
1840,720,722,0.137311363636364,-120,120,1.047619048,NO
1841,727,723,0.14242775047259,-180,180,1.045454545,NO
1842,727,726,-0.007245595,-180,180,0.982905983,NO
1843,727,729,0.08822,-90,90,1,NO
1844,728,725,0.0798554253308129,-180,180,1.045454545,NO
1845,728,726,-0.008487698,-180,180,0.982905983,NO
1846,728,730,0.05561,-90,90,1,NO
1847,736,731,0.0985211506616257,-150,150,0.995670996,NO
1848,736,734,-0.008413732,-150,150,0.950413223,NO
1849,736,738,0.06433,-75,75,1,NO
1850,737,733,0.0822707591682419,-180,180,0.995670996,NO
1851,737,735,-0.00664242,-180,180,0.950413223,NO
1852,737,739,0.05139,-90,90,1,NO
1853,743,741,0.08089,-180,180,1,NO
1854,743,742,-0.0063,-180,180,1,NO
1855,743,745,0.12156,-90,90,1,NO
1856,744,740,0.08189,-180,180,1,NO
1857,744,742,-0.0061,-180,180,1,NO
1858,744,746,0.12005,-90,90,1,NO
1859,751,747,0.104694483742911,-150,150,0.995670996,NO
1860,751,749,-0.008303025,-150,150,0.950413223,NO
1861,751,754,0.06253,-75,75,1,NO
1862,752,748,0.0882322621928166,-180,180,0.995670996,NO
1863,752,750,-0.007417369,-180,180,0.950413223,NO
1864,752,755,0.05186,-90,90,1,NO
1865,753,748,0.0859323930056711,-180,180,0.995670996,NO
1866,753,750,-0.00664242,-180,180,0.950413223,NO
1867,753,756,0.05158,-90,90,1,NO
1868,760,758,0.0657317665406427,-240,240,0.987124464,NO
1869,760,759,-0.005313936,-240,240,0.950413223,NO
1870,760,762,0.036792520661157,-80,80,1.047619048,NO
1871,761,757,0.0652802134215501,-240,240,0.987124464,NO
1872,761,759,-0.005313936,-240,240,0.950413223,NO
1873,761,763,0.0368380785123967,-80,80,1.047619048,NO
1874,767,765,0.0874500899810964,-180,180,0.974576271,NO
1875,767,766,-0.005756764,-180,180,0.950413223,NO
1876,767,770,0.0518812809917355,-90,90,1.047619048,NO
1877,768,765,0.0872921618147448,-180,180,0.974576271,NO
1878,768,766,-0.007085248,-180,180,0.950413223,NO
1879,768,771,0.0530202272727273,-90,90,1.047619048,NO
1880,769,764,0.0691198941398866,-240,240,0.974576271,NO
1881,769,766,-0.00553535,-240,240,0.950413223,NO
1882,769,772,0.0404553719008265,-80,80,1.047619048,NO
1883,777,774,0.0891662427221172,-180,180,0.974576271,NO
1884,777,775,-0.007195955,-180,180,0.950413223,NO
1885,777,779,0.0468972520661157,-90,90,1.047619048,NO
1886,783,781,0.0582172400756144,-240,240,1.045454545,NO
1887,783,782,-0.004657883,-240,240,0.982905983,NO
1888,783,785,0.036519173553719,-80,80,1.047619048,NO
1889,784,780,0.0599464650283554,-240,240,1.045454545,NO
1890,784,782,-0.005796476,-240,240,0.982905983,NO
1891,784,786,0.0376763429752066,-80,80,1.047619048,NO
1892,790,787,0.0864972731568998,-180,180,0.995670996,NO
1893,790,789,-0.007195955,-180,180,0.950413223,NO
1894,790,793,0.0473983884297521,-90,90,1.047619048,NO
1895,791,787,0.119825202079395,-120,120,0.995670996,NO
1896,791,789,-0.007417369,-120,120,0.950413223,NO
1897,791,794,0.06788,-60,60,1,NO
1898,792,788,0.0864367502835539,-180,180,0.995670996,NO
1899,792,789,-0.006974541,-180,180,0.950413223,NO
1900,792,795,0.0487286776859504,-90,90,1.047619048,NO
1901,801,796,0.105801342911153,-150,150,0.974576271,NO
1902,801,800,-0.007860197,-150,150,0.950413223,NO
1903,801,803,0.06117,-75,75,1,NO
1904,802,797,0.0772570132325142,-180,180,1.045454545,NO
1905,802,800,-0.006088885,-180,180,0.950413223,NO
1906,802,804,0.0605,-90,90,0.909090909,NO
1907,808,805,0.1003,-150,150,1,NO
1908,808,807,-0.006974541,-150,150,0.950413223,NO
1909,808,810,0.0749111,-75,75,0.909090909,NO
1910,809,806,0.096,-150,150,1,NO
1911,809,807,-0.007306662,-150,150,0.950413223,NO
1912,809,811,0.0709907,-75,75,0.909090909,NO
1913,815,812,0.08699,-180,180,1,NO
1914,815,814,-0.00885656,-180,180,0.950413223,NO
1915,815,816,0.05573,-90,90,1,NO
1916,823,817,0.0887467066162571,-180,180,0.995670996,NO
1917,823,820,-0.007195955,-180,180,0.950413223,NO
1918,823,826,0.05543,-90,90,1,NO
1919,824,818,0.0894326325141777,-180,180,0.995670996,NO
1920,824,821,-0.007638783,-180,180,0.950413223,NO
1921,824,827,0.05433,-90,90,1,NO
1922,825,819,0.0876976434782609,-180,180,0.995670996,NO
1923,825,822,-0.009188681,-180,180,0.950413223,NO
1924,825,828,0.05583,-90,90,1,NO
1925,832,829,0.126634025330813,-180,180,0.995670996,NO
1926,832,831,-0.008967267,-180,180,0.950413223,NO
1927,832,835,0.06763,-60,60,1,NO
1928,833,829,0.0838645281663516,-180,180,0.995670996,NO
1929,833,831,-0.006310299,-180,180,0.950413223,NO
1930,833,836,0.05047,-60,60,1,NO
1931,834,830,0.0851758570888469,-180,180,0.995670996,NO
1932,834,831,-0.007306662,-180,180,0.950413223,NO
1933,834,837,0.0433892975206612,-90,90,1.047619048,NO
1934,842,838,0.0977055095916824,-150,150,1.00832968,NO
1935,842,840,-0.010959992,-150,150,0.950413223,NO
1936,842,844,0.05974,-75,75,1,NO
1937,843,839,0.0995545770170132,-150,150,1.00832968,NO
1938,843,841,-0.008192318,-150,150,0.950413223,NO
1939,843,845,0.0611,-75,75,1,NO
1940,849,847,0.0888149149338374,-180,180,0.972515856,NO
1941,849,848,-0.007349104,-180,180,0.982905983,NO
1942,849,851,0.0472252685950413,-60,60,1.047619048,NO
1943,850,847,0.123220121266541,-120,120,0.972515856,NO
1944,850,848,-0.008901732,-120,120,0.982905983,NO
1945,850,852,0.0629062809917355,-60,60,1.047619048,NO
1946,855,853,0.0678869064272212,-240,240,0.987124464,NO
1947,855,854,-0.006863834,-240,240,0.950413223,NO
1948,855,857,0.0382503719008265,-80,80,1.047619048,NO
1949,856,853,0.0673943030245747,-240,240,0.987124464,NO
1950,856,854,-0.006310299,-240,240,0.950413223,NO
1951,856,858,0.0383050413223141,-80,80,1.047619048,NO
1952,862,859,0.077156370510397,-180,180,1.045454545,NO
1953,862,861,-0.007038578,-180,180,0.982905983,NO
1954,862,863,0.05134,-90,90,1,NO
1955,867,864,0.084575163778828,-180,180,1.00832968,NO
1956,867,866,-0.007195955,-180,180,0.950413223,NO
1957,867,869,0.04977,-90,90,1,NO
1958,868,865,0.0842014161077505,-180,180,1.00832968,NO
1959,868,866,-0.006531713,-180,180,0.950413223,NO
1960,868,870,0.05006,-90,90,1,NO
1961,873,871,0.08336,-180,180,1,NO
1962,873,872,-0.0064,-180,180,1,NO
1963,873,874,0.05058,-90,90,1,NO
1964,891,889,0.0951891701323251,-150,150,1.040723982,NO
1965,891,890,-0.009410095,-150,150,0.950413223,NO
1966,891,892,0.06257,-75,75,1,NO
1967,897,893,0.0904220419659735,-180,180,0.972515856,NO
1968,897,896,-0.00664242,-180,180,0.950413223,NO
1969,897,898,0.05081,-90,90,1,NO
1970,902,899,0.076497618147448,-180,180,1.045454545,NO
1971,902,901,-0.006003493,-180,180,0.982905983,NO
1972,902,904,0.0561904653061224,-90,90,0.945945946,NO
1973,903,900,0.0744115689981096,-180,180,1.045454545,NO
1974,903,901,-0.007349104,-180,180,0.982905983,NO
1975,903,905,0.0564363265306123,-90,90,0.945945946,NO
1976,909,906,0.0954550472589792,-150,150,1.045454545,NO
1977,909,908,-0.00774949,-150,150,0.950413223,NO
1978,909,910,0.06233,-75,75,1,NO
1979,916,911,0.0762414366729679,-180,180,1.045454545,NO
1980,916,914,-0.005692968,-180,180,0.982905983,NO
1981,916,918,0.0558775510204082,-90,90,0.945945946,NO
1982,917,912,0.0767537996219282,-180,180,1.045454545,NO
1983,917,915,-0.006314019,-180,180,0.982905983,NO
1984,917,919,0.0564922040816326,-90,90,0.945945946,NO
1985,923,920,0.12546866389414,-120,120,0.974576271,NO
1986,923,922,-0.003653331,-120,120,0.950413223,NO
1987,923,925,0.06416,-60,60,1,NO
1988,924,921,0.129364225330813,-120,120,0.974576271,NO
1989,924,922,-0.011513527,-120,120,0.950413223,NO
1990,924,926,0.07955,-60,60,1,NO
1991,930,927,0.0929755765595463,-150,150,1.045454545,NO
1992,930,929,-0.007763138,-150,150,0.982905983,NO
1993,930,931,0.0682153142857143,-75,75,0.945945946,NO
1994,934,932,0.13440461342155,-120,120,0.976645435,NO
1995,934,933,-0.01029575,-120,120,0.950413223,NO
1996,934,936,0.0873741,-60,60,0.909090909,NO
1997,935,932,0.13440461342155,-120,120,0.976645435,NO
1998,935,933,-0.01029575,-120,120,0.950413223,NO
1999,935,937,0.0873741,-60,60,0.909090909,NO
2000,941,938,0.0786568620037807,-180,180,1.045454545,NO
2001,941,940,-0.005796476,-180,180,0.982905983,NO
2002,941,943,0.0557881469387755,-90,90,0.945945946,NO
2003,942,939,0.0780713043478261,-180,180,1.045454545,NO
2004,942,940,-0.005899985,-180,180,0.982905983,NO
2005,942,944,0.0563245714285714,-90,90,0.945945946,NO
2006,947,946,0.3073,0,0,1,NO
2007,947,948,-0.003279673,0,0,0.972222222,NO
2008,947,950,0.1822,0,0,1,NO
2009,949,945,0.0884,0,0,1,NO
2010,949,946,0.0884,0,0,1,NO
2011,955,951,0.088582304442344,-180,180,0.972515856,NO
2012,955,953,-0.007085248,-180,180,0.950413223,NO
2013,955,958,0.04894,-90,90,1,NO
2014,956,952,0.128897931899811,-120,120,0.972515856,NO
2015,956,954,-0.008192318,-120,120,0.950413223,NO
2016,956,959,0.06941,-60,60,1,NO
2017,957,951,0.0886457436672968,-180,180,0.972515856,NO
2018,957,953,-0.007195955,-180,180,0.950413223,NO
2019,957,960,0.049,-90,90,1,NO
2020,964,961,0.0760127032136106,-180,180,1.045454545,NO
2021,964,963,-0.006314019,-180,180,0.982905983,NO
2022,964,965,0.0549723346938776,-90,90,0.945945946,NO
2023,970,966,0.137081648393195,-120,120,0.974576271,NO
2024,970,969,-0.009188681,-120,120,0.950413223,NO
2025,970,972,0.07087,-60,60,1,NO
2026,971,967,0.0933881890359168,-180,180,0.974576271,NO
2027,971,969,-0.007085248,-180,180,0.950413223,NO
2028,971,973,0.0513,-90,90,1,NO
2029,978,975,0.0848,-180,180,1,NO
2030,978,977,-0.0062,-180,180,1,NO
2031,978,979,0.0622182,-90,90,0.909090909,NO
2032,983,980,0.0950341776937618,-150,150,1.045454545,NO
2033,983,982,-0.006831561,-150,150,0.982905983,NO
2034,983,984,0.0695004979591837,-75,75,0.945945946,NO
2035,989,986,0.0912189035916824,-150,150,1.045454545,NO
2036,989,988,-0.006831561,-150,150,0.982905983,NO
2037,989,990,0.0673100979591837,-75,75,0.945945946,NO
2038,994,991,0.0978330882797731,-150,150,0.987124464,NO
2039,994,993,-0.007417369,-150,150,0.950413223,NO
2040,994,996,0.0556,-80,80,1,NO
2041,995,992,0.0981101776937618,-150,150,0.987124464,NO
2042,995,993,-0.008635146,-150,150,0.950413223,NO
2043,995,997,0.05493,-75,75,1,NO
2044,1007,1009,0.11667,0,0,1,NO
2045,1025,1022,0.102625708884688,-150,150,0.987124464,NO
2046,1025,1024,-0.005203229,-150,150,0.950413223,NO
2047,1025,1027,0.06233,-150,150,1,NO
2048,1026,1023,0.084871461247637,-180,180,0.987124464,NO
2049,1026,1024,-0.005424643,-180,180,0.950413223,NO
2050,1026,1028,0.063767,-150,150,0.909090909,NO
2051,1030,1029,0.201724612476371,-63,63,1.045454545,NO
2052,1034,1031,0.0751801134215501,-180,180,1.045454545,NO
2053,1034,1033,-0.005899985,-180,180,0.982905983,NO
2054,1034,1035,0.0583585142857143,-180,180,0.945945946,NO
2055,1039,1036,0.127118247873346,-120,120,0.976645435,NO
2056,1039,1038,-0.008635146,-120,120,0.950413223,NO
2057,1039,1041,0.07042,-60,60,1,NO
2058,1040,1037,0.131175547826087,-120,120,0.976645435,NO
2059,1040,1038,-0.009077974,-120,120,0.950413223,NO
2060,1040,1042,0.07062,-60,60,1,NO
2061,1046,1044,0.0864928284499055,-180,180,0.976645435,NO
2062,1046,1045,-0.006863834,-180,180,0.950413223,NO
2063,1046,1047,0.0595562,-90,90,0.909090909,NO
2064,1051,1049,0.0945035160680529,-150,150,1.045454545,NO
2065,1051,1050,-0.010185043,-150,150,0.950413223,NO
2066,1051,1052,0.23503,-75,75,1,NO
2067,1057,1053,0.135421559404537,-120,120,0.976645435,NO
2068,1057,1056,-0.008303025,-120,120,0.950413223,NO
2069,1057,1059,0.0841071,-60,60,0.909090909,NO
2070,1058,1054,0.108603540595463,-150,150,0.976645435,NO
2071,1058,1056,-0.006753127,-150,150,0.950413223,NO
2072,1058,1060,0.0658966,-75,75,0.909090909,NO
2073,1065,1061,0.106066417627599,-150,150,0.976645435,NO
2074,1065,1064,-0.008745853,-150,150,0.950413223,NO
2075,1065,1067,0.0852203,-75,75,0.909090909,NO
2076,1066,1062,0.0843855486294896,-180,180,0.976645435,NO
2077,1066,1064,-0.005313936,-180,180,0.950413223,NO
2078,1066,1068,0.0653521,-90,90,0.909090909,NO
2079,1072,1069,0.0953922896030246,-150,150,1.040723982,NO
2080,1072,1071,-0.003653331,-150,150,0.950413223,NO
2081,1072,1074,0.05667,-150,150,1,NO
2082,1073,1070,0.0944690192816635,-150,150,1.040723982,NO
2083,1073,1071,-0.00553535,-150,150,0.950413223,NO
2084,1073,1075,0.05767,-150,150,1,NO
2085,1079,1076,0.0922802268431002,-150,150,1.045454545,NO
2086,1079,1078,-0.008303025,-150,150,0.950413223,NO
2087,1079,1081,0.06372,-75,75,1,NO
2088,1080,1077,0.0921246880907372,-150,150,1.045454545,NO
2089,1080,1078,-0.008524439,-150,150,0.950413223,NO
2090,1080,1082,0.06417,-75,75,1,NO
2091,1086,1083,0.088849224952741,-150,150,1.045454545,NO
2092,1086,1085,-0.005278934,-150,150,0.982905983,NO
2093,1086,1087,0.0673100979591837,-150,150,0.945945946,NO
2094,1088,1090,0.0921,-150,150,0.956521739,NO
2095,1088,1089,0.0921,-150,150,0.956521739,NO
2096,1093,1091,0.2492,-63,63,1,NO
2097,1094,1091,0.2492,-63,63,1,NO
2098,1098,1095,0.10057,-150,150,1,NO
2099,1098,1097,-0.007866647,-150,150,0.982905983,NO
2100,1098,1099,0.0562730578512397,-75,75,1.047619048,NO
2101,1103,1100,0.0931402646502836,-150,150,1.045454545,NO
2102,1103,1102,-0.008413732,-150,150,0.950413223,NO
2103,1103,1104,0.058013367768595,-75,75,1.047619048,NO
2104,1108,1105,0.09740742268431,-150,150,1.004366812,NO
2105,1108,1107,-0.0076,-150,150,1,NO
2106,1108,1110,0.06261,-75,75,1,NO
2107,1109,1106,0.0987060561436673,-150,150,1.004366812,NO
2108,1109,1107,-0.0076,-150,150,1,NO
2109,1109,1111,0.06257,-75,75,1,NO
2110,1116,1112,0.0852066709962193,-180,180,0.984167736,NO
2111,1116,1114,-0.00664242,-180,180,0.950413223,NO
2112,1116,1118,0.05153,-90,90,1,NO
2113,1117,1113,0.109128136729679,-150,150,0.984167736,NO
2114,1117,1115,-0.008303025,-150,150,0.950413223,NO
2115,1117,1119,0.06302,-75,75,1,NO
2116,1124,1120,0.0859390034026465,-180,180,0.972515856,NO
2117,1124,1123,-0.006310299,-180,180,0.950413223,NO
2118,1124,1125,0.0582857,-90,90,0.909090909,NO
2119,1128,1126,0.114064801512287,-180,180,1.045454545,NO
2120,1128,1127,-0.008591206,-180,180,0.982905983,NO
2121,1128,1129,0.0859620244897959,-45,45,0.945945946,NO
2122,1133,1130,0.08447,-180,180,1,NO
2123,1133,1132,-0.006831561,-180,180,0.982905983,NO
2124,1133,1134,0.05108,-90,90,1,NO
2125,1139,1135,0.0871786174593573,-180,180,0.984167736,NO
2126,1139,1138,-0.006974541,-180,180,0.950413223,NO
2127,1139,1141,0.04728,-90,90,1,NO
2128,1140,1136,0.113392083793951,-120,120,0.984167736,NO
2129,1140,1138,-0.005978178,-120,120,0.950413223,NO
2130,1140,1142,0.06867,-60,60,1,NO
2131,1146,1143,0.08417,-180,180,1,NO
2132,1146,1145,-0.006521036,-180,180,0.982905983,NO
2133,1146,1147,0.20638,-90,90,1,NO
2134,1151,1148,0.109097163748582,-150,150,0.984167736,NO
2135,1151,1150,-0.00885656,-150,150,0.950413223,NO
2136,1151,1152,0.0634,-75,75,1,NO
2137,1156,1153,0.132533386111531,-120,120,0.984167736,NO
2138,1156,1155,-0.009631509,-120,120,0.950413223,NO
2139,1156,1158,0.07571,-60,60,1,NO
2140,1157,1154,0.105721108809074,-150,150,0.984167736,NO
2141,1157,1155,-0.007306662,-150,150,0.950413223,NO
2142,1157,1159,0.0614,-75,75,1,NO
2143,1161,1162,0.11667,0,0,1,NO
2144,1165,1166,0.04787,0,0,1,NO
2145,1174,1171,0.101014485255198,-150,150,0.987124464,NO
2146,1174,1173,-0.007970904,-150,150,0.950413223,NO
2147,1174,1176,0.05997,-75,75,1,NO
2148,1175,1172,0.101188948960302,-150,150,0.987124464,NO
2149,1175,1173,-0.007528076,-150,150,0.950413223,NO
2150,1175,1177,0.06093,-75,75,1,NO
2151,1182,1178,0.111719656190926,-150,150,0.989247312,NO
2152,1182,1181,-0.015498979,-150,150,0.950413223,NO
2153,1182,1184,0.14533,-63,63,1,NO
2154,1183,1179,0.111719656190926,-150,150,0.989247312,NO
2155,1183,1181,-0.01472403,-150,150,0.950413223,NO
2156,1183,1185,0.14533,-63,63,1,NO
2157,1189,1186,0.0561586389413989,-240,240,1.045454545,NO
2158,1189,1188,-0.0044,-240,240,1,NO
2159,1189,1191,0.03716,-120,120,1,NO
2160,1190,1187,0.0561586389413989,-240,240,1.045454545,NO
2161,1190,1188,-0.0044,-240,240,1,NO
2162,1190,1192,0.03716,-120,120,1,NO
2163,1195,1193,0.155837138941399,-100,100,0.987124464,NO
2164,1195,1194,-0.011513527,-100,100,0.950413223,NO
2165,1195,1196,0.09456,-50,50,1,NO
2166,1200,1197,0.0893818560964083,-180,180,0.989247312,NO
2167,1200,1199,-0.009188681,-180,180,0.950413223,NO
2168,1200,1202,0.05563,-90,90,1,NO
2169,1201,1198,0.0897292875708885,-180,180,0.989247312,NO
2170,1201,1199,-0.009299388,-180,180,0.950413223,NO
2171,1201,1203,0.05546,-90,90,1,NO
2172,1208,1204,0.116439129300567,-120,120,0.987124464,NO
2173,1208,1206,-0.01029575,-120,120,0.950413223,NO
2174,1208,1211,0.06987,-60,60,1,NO
2175,1209,1204,0.121734615879017,-120,120,0.987124464,NO
2176,1209,1206,-0.011292113,-120,120,0.950413223,NO
2177,1209,1212,0.07446,-60,60,1,NO
2178,1210,1205,0.0822750308128544,-180,180,0.987124464,NO
2179,1210,1207,-0.007195955,-180,180,0.950413223,NO
2180,1210,1213,0.05011,-90,90,1,NO
2181,1217,1214,0.0869191800567108,-180,180,0.989247312,NO
2182,1217,1216,-0.007970904,-180,180,0.950413223,NO
2183,1217,1218,0.05206,-90,90,1,NO
2184,1222,1219,0.0948877304347826,-150,150,0.987124464,NO
2185,1222,1221,0.00131741323251418,-150,150,0.950413223,NO
2186,1222,1223,0.24826,-75,75,1,NO
2187,1224,1225,0.225620702479339,-31.5,31.5,1.047619048,NO
2188,1229,1226,0.08311,-180,180,1,NO
2189,1229,1228,-0.0065,-180,180,1,NO
2190,1229,1230,0.0463141115702479,-90,90,1.047619048,NO
2191,1238,1234,0.0991032151814745,-150,150,0.984167736,NO
2192,1238,1236,-0.009742216,-150,150,0.950413223,NO
2193,1238,1240,0.0574575619834711,-75,75,1.047619048,NO
2194,1239,1235,0.101116458952741,-150,150,0.984167736,NO
2195,1239,1237,-0.00774949,-150,150,0.950413223,NO
2196,1239,1241,0.0586147314049587,-75,75,1.047619048,NO
2197,1245,1242,0.118235069943289,-150,150,0.950413223,NO
2198,1245,1244,-0.011292113,-150,150,0.950413223,NO
2199,1245,1247,0.273056175,-75,75,0.952380952,NO
2200,1246,1243,0.112179397353497,-150,150,0.950413223,NO
2201,1246,1244,-0.005867471,-150,150,0.950413223,NO
2202,1246,1248,0.271137825,-75,75,0.952380952,NO
2203,1252,1249,0.166397178776938,-90,90,0.984167736,NO
2204,1252,1251,-0.006199592,-90,90,0.950413223,NO
2205,1252,1254,0.0999388662131519,-45,45,0.954545455,NO
2206,1253,1249,0.08722,-180,180,1,NO
2207,1253,1251,-0.006831561,-180,180,0.982905983,NO
2208,1253,1255,0.0579263492063492,-90,90,0.954545455,NO
2209,1260,1256,0.0756375803402646,-180,180,1.045454545,NO
2210,1260,1258,-0.0051,-180,180,1,NO
2211,1260,1262,0.05049,-90,90,1,NO
2212,1261,1257,0.0751343667296786,-180,180,1.045454545,NO
2213,1261,1259,-0.0054,-180,180,1,NO
2214,1261,1263,0.05072,-90,90,1,NO
2215,1267,1264,0.0798005293005671,-180,180,1.045454545,NO
2216,1267,1266,-0.006831561,-180,180,0.982905983,NO
2217,1267,1269,0.05278,-90,90,1,NO
2218,1274,1272,0.10134,-150,150,1,NO
2219,1274,1273,-0.007970904,-150,150,0.950413223,NO
2220,1274,1276,0.06113,-75,75,1,NO
2221,1275,1272,0.09827,-150,150,1,NO
2222,1275,1273,-0.007638783,-150,150,0.950413223,NO
2223,1275,1277,0.061,-75,75,1,NO
2224,1281,1278,0.0901597761814745,-180,180,0.950413223,NO
2225,1281,1280,-0.006753127,-180,180,0.950413223,NO
2226,1281,1282,0.11856,-60,60,1,NO
2227,1286,1284,0.08147,-180,180,1,NO
2228,1286,1285,-0.005978178,-180,180,0.950413223,NO
2229,1286,1288,0.20086,-90,90,1,NO
2230,1287,1284,0.0745396597353497,-180,180,1.045454545,NO
2231,1287,1285,-0.005,-180,180,1,NO
2232,1287,1289,0.19775,-90,90,1,NO
2233,1292,1290,0.11239,-180,180,1,NO
2234,1292,1291,0.0001,-180,180,1,NO
2235,1293,1290,0.11217,-180,180,1,NO
2236,1293,1291,0.0001,-180,180,1,NO
2237,1295,1294,0.20099,-63,63,1,NO
2238,1301,1298,0.0780713043478261,-180,180,1.045454545,NO
2239,1301,1300,-0.006521036,-180,180,0.982905983,NO
2240,1301,1302,0.0525,-90,90,1,NO
2241,1305,1303,0.08333,-180,180,1,NO
2242,1305,1304,-0.006831561,-180,180,0.982905983,NO
2243,1305,1306,0.0475806198347107,-90,90,1.047619048,NO
2244,1310,1307,0.0909189825614367,-180,180,0.972515856,NO
2245,1310,1309,-0.0081,-180,180,1,NO
2246,1310,1313,0.0535,-90,90,1,NO
2247,1311,1308,0.0885505848298677,-180,180,0.972515856,NO
2248,1311,1309,-0.0067,-180,180,1,NO
2249,1311,1314,0.05258,-90,90,1,NO
2250,1312,1308,0.0902000046786389,-180,180,0.972515856,NO
2251,1312,1309,-0.0075,-180,180,1,NO
2252,1312,1315,0.05225,-90,90,1,NO
2253,1319,1316,0.126099406616257,-120,120,0.995670996,NO
2254,1319,1318,-0.009188681,-120,120,0.950413223,NO
2255,1319,1321,0.0654484090909091,-60,60,1.047619048,NO
2256,1320,1317,0.104089255009452,-150,150,0.995670996,NO
2257,1320,1318,-0.007860197,-150,150,0.950413223,NO
2258,1320,1322,0.0546694214876033,-75,75,1.047619048,NO
2259,1326,1323,0.12158,-120,120,1,NO
2260,1326,1325,-0.008745853,-120,120,0.950413223,NO
2261,1326,1328,0.07158,-60,60,1,NO
2262,1327,1324,0.0835,-180,180,1,NO
2263,1327,1325,-0.007306662,-180,180,0.950413223,NO
2264,1327,1329,0.05149,-90,90,1,NO
2265,1333,1330,0.101178404914934,-150,150,0.984167736,NO
2266,1333,1332,-0.007306662,-150,150,0.950413223,NO
2267,1333,1335,0.0516352685950413,-75,75,1.047619048,NO
2268,1334,1331,0.10207662136673,-150,150,0.984167736,NO
2269,1334,1332,-0.006863834,-150,150,0.950413223,NO
2270,1334,1336,0.0524826446280992,-75,75,1.047619048,NO
2271,1340,1338,0.0781262003780718,-180,180,1.045454545,NO
2272,1340,1339,-0.007245595,-180,180,0.982905983,NO
2273,1340,1341,0.05294,-90,90,1,NO
2274,1347,1342,0.135590770132325,-120,120,0.972515856,NO
2275,1347,1345,-0.009299388,-120,120,0.950413223,NO
2276,1347,1349,0.07692,-60,60,1,NO
2277,1348,1343,0.088381413563327,-180,180,0.972515856,NO
2278,1348,1346,-0.007085248,-180,180,0.950413223,NO
2279,1348,1350,0.04981,-90,90,1,NO
2280,1355,1351,0.0890263790170132,-180,180,0.972515856,NO
2281,1355,1353,-0.007860197,-180,180,0.950413223,NO
2282,1355,1354,0.05119,-90,90,1,NO
2283,1359,1356,0.07953,-180,180,1,NO
2284,1359,1358,-0.007195955,-180,180,0.950413223,NO
2285,1359,1361,0.04931,-90,90,1,NO
2286,1360,1357,0.1194,-120,120,1,NO
2287,1360,1358,-0.007528076,-120,120,0.950413223,NO
2288,1360,1362,0.06805,-60,60,1,NO
2289,1366,1363,0.116571976519849,-120,120,0.984167736,NO
2290,1366,1365,-0.005978178,-120,120,0.950413223,NO
2291,1366,1367,0.06626,-60,60,1,NO
2292,1368,1364,0.118254841826087,-120,120,0.984167736,NO
2293,1368,1365,-0.011292113,-120,120,0.950413223,NO
2294,1368,1369,0.07429,-60,60,1,NO
2295,1373,1370,0.121827058979206,-120,120,0.984167736,NO
2296,1373,1372,-0.009963629,-120,120,0.950413223,NO
2297,1373,1374,0.0684825619834711,-60,60,1.047619048,NO
2298,1375,1371,0.0953967817769376,-150,150,0.984167736,NO
2299,1375,1372,-0.007085248,-150,150,0.950413223,NO
2300,1375,1376,0.0549063223140496,-75,75,1.047619048,NO
2301,1385,1377,0.104686729678639,-120,120,1.045454545,NO
2302,1385,1379,-0.0007,-120,120,1,NO
2303,1385,1382,0.167,-40,40,1,NO
2304,1383,1377,0.0961229489603025,-120,120,1.045454545,NO
2305,1383,1379,-0.0004,-120,120,1,NO
2306,1383,1380,0.15272,-40,40,1,NO
2307,1384,1377,0.0957478260869565,-120,120,1.045454545,NO
2308,1384,1379,-0.0006,-120,120,1,NO
2309,1384,1381,0.15306,-40,40,1,NO
2310,1389,1387,0.103374876559546,-150,150,0.987124464,NO
2311,1389,1388,-0.009299388,0,0,0.950413223,NO
2312,1389,1390,0.0722733,0,0,0.909090909,NO
2313,1394,1391,0.0749696786389414,-180,180,1.045454545,NO
2314,1394,1393,-0.0054,-180,180,1,NO
2315,1394,1396,0.055441706122449,-180,180,0.945945946,NO
2316,1395,1392,0.0750794706994329,-180,180,1.045454545,NO
2317,1395,1393,-0.0056,-180,180,1,NO
2318,1395,1397,0.0558775510204082,-180,180,0.945945946,NO
2319,1401,1398,0.091204459073724,-180,180,0.972515856,NO
2320,1401,1400,-0.00885656,-180,180,0.950413223,NO
2321,1401,1403,0.05147,-90,90,1,NO
2322,1409,1405,0.123499599958412,-120,120,0.984167736,NO
2323,1409,1408,-0.008524439,-120,120,0.950413223,NO
2324,1409,1411,0.07713,-60,60,1,NO
2325,1410,1406,0.121744464362949,-120,120,0.984167736,NO
2326,1410,1408,-0.009299388,-120,120,0.950413223,NO
2327,1410,1412,0.0775,-60,60,1,NO
2328,1416,1413,0.0979395901228733,-150,150,0.972515856,NO
2329,1416,1415,0.00129527183364839,-150,150,0.950413223,NO
2330,1416,1418,0.24877,-75,75,1,NO
2331,1417,1414,0.0894598803875236,-180,180,0.972515856,NO
2332,1417,1415,-0.006863834,-180,180,0.950413223,NO
2333,1417,1419,0.20833,-90,90,1,NO
2334,1423,1420,0.107507217385633,-150,150,0.984167736,NO
2335,1423,1422,-0.009077974,-150,150,0.950413223,NO
2336,1423,1425,0.06406,-75,75,1,NO
2337,1424,1421,0.101178404914934,-150,150,0.984167736,NO
2338,1424,1422,-0.00885656,-150,150,0.950413223,NO
2339,1424,1426,0.06467,-75,75,1,NO
2340,1430,1427,0.0872095904404537,-180,180,0.984167736,NO
2341,1430,1429,-0.006421006,-180,180,0.950413223,NO
2342,1430,1432,0.19197,-90,90,1,NO
2343,1431,1427,0.0847214276257089,-180,180,0.984167736,NO
2344,1431,1429,-0.00553535,-180,180,0.950413223,NO
2345,1431,1433,0.19556,-60,60,1,NO
2346,1437,1434,0.12892,-120,120,1,NO
2347,1437,1436,-0.012288476,-120,120,0.950413223,NO
2348,1437,1440,0.08083,-60,60,1,NO
2349,1438,1435,0.1047,-150,150,1,NO
2350,1438,1436,-0.008303025,-150,150,0.950413223,NO
2351,1438,1441,0.06698,-75,75,1,NO
2352,1439,1434,0.12858,-120,120,1,NO
2353,1439,1436,-0.012288476,-120,120,0.950413223,NO
2354,1439,1442,0.07933,-60,60,1,NO
2355,1446,1443,0.0777693761814745,-180,180,1.045454545,NO
2356,1446,1445,-0.007195955,-180,180,0.950413223,NO
2357,1446,1448,0.0484917768595041,-90,90,1.047619048,NO
2358,1447,1444,0.0784006805293006,-180,180,1.045454545,NO
2359,1447,1445,-0.006863834,-180,180,0.950413223,NO
2360,1447,1449,0.0484644421487603,-90,90,1.047619048,NO
2361,1451,1450,0.13349,-180,180,1,NO
2362,1455,1452,0.0747226465028356,-180,180,1.045454545,NO
2363,1455,1454,-0.0061,-180,180,1,NO
2364,1455,1456,0.20722,-90,90,1,NO
2365,1460,1457,0.0731947069943289,-180,180,1.045454545,NO
2366,1460,1459,-0.0055,-180,180,1,NO
2367,1460,1461,0.197,-60,60,1,NO
2368,1464,1462,0.204396219281664,-150,150,1.045454545,NO
2369,1464,1463,-0.0126,-150,150,1,NO
2370,1464,1466,0.1302,-63,63,1,NO
2371,1465,1462,0.204396219281664,-150,150,1.045454545,NO
2372,1465,1463,-0.0126,-150,150,1,NO
2373,1465,1467,0.1302,-63,63,1,NO
2374,1474,1470,0.109572552952741,-150,150,0.972927242,NO
2375,1474,1472,-0.007970904,-150,150,0.950413223,NO
2376,1474,1476,0.0553892355371901,-75,75,1.047619048,NO
2377,1475,1471,0.108389355311909,-150,150,0.972927242,NO
2378,1475,1473,-0.009077974,-150,150,0.950413223,NO
2379,1475,1477,0.0586785123966942,-75,75,1.047619048,NO
2380,1481,1478,0.11035407637051,-150,150,0.966386555,NO
2381,1481,1480,-0.008081611,-150,150,0.950413223,NO
2382,1481,1484,0.0946946,-75,75,0.909090909,NO
2383,1482,1479,0.114926285822306,-150,150,0.966386555,NO
2384,1482,1480,-0.013284839,-150,150,0.950413223,NO
2385,1482,1485,0.0975986,-75,75,0.909090909,NO
2386,1483,1478,0.115290349338374,-150,150,0.966386555,NO
2387,1483,1480,-0.012842011,-150,150,0.950413223,NO
2388,1483,1486,0.0972114,-75,75,0.909090909,NO
2389,1491,1487,0.103610915689981,-150,150,0.987124464,NO
2390,1491,1490,-0.007085248,-150,150,0.950413223,NO
2391,1491,1493,0.0545,-75,75,1,NO
2392,1492,1488,0.101394200378072,-150,150,0.987124464,NO
2393,1492,1490,-0.006088885,-150,150,0.950413223,NO
2394,1492,1493,0.23727,-75,75,1,NO
2395,1497,1494,0.131102159971645,-120,120,0.976645435,NO
2396,1497,1496,-0.009520802,-120,120,0.950413223,NO
2397,1497,1499,0.0913197387755102,-60,60,0.921052632,NO
2398,1498,1495,0.13230781758034,-120,120,0.976645435,NO
2399,1498,1496,-0.009631509,-120,120,0.950413223,NO
2400,1498,1500,0.0916969469387755,-60,60,0.921052632,NO
2401,1505,1501,0.0936249051039697,-180,180,0.950413223,NO
2402,1505,1503,-0.00553535,-180,180,0.950413223,NO
2403,1505,1508,0.0580063775510204,-90,90,0.933333333,NO
2404,1506,1502,0.093182077126654,-180,180,0.950413223,NO
2405,1506,1504,-0.005756764,-180,180,0.950413223,NO
2406,1506,1509,0.0589936224489796,-90,90,0.933333333,NO
2407,1507,1502,0.093182077126654,-180,180,0.950413223,NO
2408,1507,1504,-0.005756764,-180,180,0.950413223,NO
2409,1507,1510,0.0589936224489796,-90,90,0.933333333,NO
2410,1514,1512,0.110042752362949,-150,150,0.950413223,NO
2411,1514,1513,-0.005978178,-150,150,0.950413223,NO
2412,1514,1515,0.22973,-75,75,1,NO
2413,1518,1516,0.13322,-180,180,1,NO
2414,1519,1517,0.13322,-180,180,1,NO
2415,1520,1517,0.13322,-180,180,1,NO
2416,1522,1521,0.171550094517958,-100,100,1.105194805,NO
2417,1523,1521,0.169262759924386,-100,100,1.105194805,NO
2418,1524,1521,0.169445746691871,-100,100,1.105194805,NO
2419,1529,1528,0.13733156899811,-175,175,1.105194805,NO
2420,1530,1528,0.137514555765595,-175,175,1.105194805,NO
2421,1541,1538,0.0883826086956522,-150,150,1.045454545,NO
2422,1541,1540,-0.008192318,-150,150,0.950413223,NO
2423,1541,1544,0.0523004132231405,-75,75,1.047619048,NO
2424,1542,1538,0.0892700945179584,-150,150,1.045454545,NO
2425,1542,1540,-0.008081611,-150,150,0.950413223,NO
2426,1542,1545,0.0522730785123967,-75,75,1.047619048,NO
2427,1543,1537,0.0900935349716446,-150,150,1.045454545,NO
2428,1543,1539,-0.010406457,-150,150,0.950413223,NO
2429,1543,1546,0.0524279752066116,-75,75,1.047619048,NO
2430,1550,1547,0.0860024426275992,-180,180,0.972515856,NO
2431,1550,1549,-0.006199592,-180,180,0.950413223,NO
2432,1550,1553,0.04851,-90,90,1,NO
2433,1551,1548,0.127142780009452,-120,120,0.972515856,NO
2434,1551,1549,-0.010627871,-120,120,0.950413223,NO
2435,1551,1554,0.071,-60,60,1,NO
2436,1552,1547,0.0850297078449905,-180,180,0.972515856,NO
2437,1552,1549,-0.005978178,-180,180,0.950413223,NO
2438,1552,1555,0.04803,-90,90,1,NO
2439,1561,1556,0.133433836483932,-120,120,0.972515856,NO
2440,1561,1559,-0.010517164,-120,120,0.950413223,NO
2441,1561,1563,0.07463,-60,60,1,NO
2442,1562,1557,0.136531785302457,-120,120,0.972515856,NO
2443,1562,1560,-0.010959992,-120,120,0.950413223,NO
2444,1562,1564,0.07512,-60,60,1,NO
2445,1568,1565,0.101492186720227,-150,150,0.972515856,NO
2446,1568,1567,-0.00885656,-150,150,0.950413223,NO
2447,1568,1570,0.0583231611570248,-75,75,1.047619048,NO
2448,1569,1566,0.103131033364839,-150,150,0.972515856,NO
2449,1569,1567,-0.008081611,-150,150,0.950413223,NO
2450,1569,1571,0.0584962809917355,-75,75,1.047619048,NO
2451,1575,1572,0.0900731262287335,-180,180,0.972515856,NO
2452,1575,1574,-0.007417369,-180,180,0.950413223,NO
2453,1575,1576,0.05103,-90,90,1,NO
2454,1580,1577,0.125197310444234,-150,150,0.972515856,NO
2455,1580,1579,-0.010959992,-150,150,0.950413223,NO
2456,1580,1582,0.07667,-75,75,1,NO
2457,1581,1578,0.104008609310019,-120,120,0.972515856,NO
2458,1581,1579,-0.007860197,-120,120,0.950413223,NO
2459,1581,1583,0.06437,-60,60,1,NO
2460,1586,1584,0.0944821523629489,-180,180,0.972515856,NO
2461,1586,1585,-0.009299388,-180,180,0.950413223,NO
2462,1586,1587,0.05336,-90,90,1,NO
2463,1591,1588,0.102122842911153,-150,150,0.987124464,NO
2464,1591,1590,-0.007195955,-150,150,0.950413223,NO
2465,1591,1593,0.0732897,-75,75,0.909090909,NO
2466,1592,1589,0.0884838862003781,-180,180,0.987124464,NO
2467,1592,1590,-0.006974541,-180,180,0.950413223,NO
2468,1592,1594,0.0624481,-90,90,0.909090909,NO
2469,1598,1595,0.110678686200378,-150,150,0.962343096,NO
2470,1598,1597,-0.008192318,-150,150,0.950413223,NO
2471,1598,1600,0.06318,-75,75,1,NO
2472,1599,1596,0.13322474442344,-120,120,0.962343096,NO
2473,1599,1597,-0.012731304,-120,120,0.950413223,NO
2474,1599,1601,0.07996,-60,60,1,NO
2475,1605,1603,0.0790411342155009,-180,180,1.045454545,NO
2476,1605,1604,-0.007763138,-180,180,0.982905983,NO
2477,1605,1606,0.05428,-90,90,1,NO
2478,1610,1607,0.104483336767486,-150,150,0.976645435,NO
2479,1610,1609,-0.006753127,-150,150,0.950413223,NO
2480,1610,1612,0.0733986,-75,75,0.909090909,NO
2481,1611,1608,0.104598660538752,-150,150,0.976645435,NO
2482,1611,1609,-0.008303025,-150,150,0.950413223,NO
2483,1611,1613,0.0728783,-75,75,0.909090909,NO
2484,1617,1614,0.0942473345935728,-150,150,1.045454545,NO
2485,1617,1616,-0.008081611,-150,150,0.950413223,NO
2486,1617,1619,0.0737253,-75,75,0.909090909,NO
2487,1618,1615,0.0881355765595463,-150,150,1.045454545,NO
2488,1618,1616,-0.00774949,-150,150,0.950413223,NO
2489,1618,1620,0.0705793,-75,75,0.909090909,NO
2490,1624,1621,0.079544347826087,-180,180,1.045454545,NO
2491,1624,1623,-0.006521036,-180,180,0.982905983,NO
2492,1624,1625,0.05195,-90,90,1,NO
2493,1629,1626,0.0762414366729679,-180,180,1.045454545,NO
2494,1629,1628,-0.005867471,-180,180,0.950413223,NO
2495,1629,1630,0.04917,-90,90,1,NO
2496,1635,1631,0.0779523629489603,-180,180,1.045454545,NO
2497,1635,1633,-0.006521036,-180,180,0.982905983,NO
2498,1635,1634,0.0575203510204082,-90,90,0.945945946,NO
2499,1639,1636,0.1003,-150,150,1,NO
2500,1639,1638,-0.00664242,-150,150,0.950413223,NO
2501,1639,1640,0.2423,-75,75,1,NO
2502,1641,1643,0.0972,-150,150,1,NO
2503,1642,1643,-0.0072,-150,150,1.052173913,NO
2504,1644,1643,0.05467,-50,50,1,NO
2505,1647,1645,0.0891321110586011,-180,180,0.972515856,NO
2506,1647,1646,-0.007038578,-180,180,0.982905983,NO
2507,1647,1648,0.0514985950413223,-60,60,1.047619048,NO
2508,1650,1649,0.149289754253308,-120,120,0.997933884,NO
2509,1651,1649,0.105061852551985,-120,120,1.105194805,NO
2510,1664,1662,0.129621925888469,-180,180,0.984167736,NO
2511,1665,1661,0.129621925888469,-180,180,0.984167736,NO
2512,1666,1663,0.129621925888469,-180,180,0.984167736,NO
2513,1669,1667,0.0781084270321361,-180,180,0.987124464,NO
2514,1669,1668,0.00104064574669187,-180,180,0.950413223,NO
2515,1669,1670,0.19933,-90,90,1,NO
2516,1674,1671,0.0648367737618147,-240,240,0.984167736,NO
2517,1674,1673,-0.005313936,-240,240,0.950413223,NO
2518,1674,1676,0.0365647314049587,-120,120,1.047619048,NO
2519,1675,1672,0.0652290981890359,-240,240,0.984167736,NO
2520,1675,1673,-0.005313936,-240,240,0.950413223,NO
2521,1675,1677,0.0366011776859504,-120,120,1.047619048,NO
2522,1681,1678,0.119339755340265,-120,120,0.972515856,NO
2523,1681,1680,-0.004649694,-120,120,0.950413223,NO
2524,1681,1683,0.082643,-60,60,0.909090909,NO
2525,1682,1679,0.119826122731569,-120,120,0.972515856,NO
2526,1682,1680,-0.00553535,-120,120,0.950413223,NO
2527,1682,1684,0.0826914,-60,60,0.909090909,NO
2528,1688,1685,0.0851756980151228,-180,180,0.984167736,NO
2529,1688,1687,-0.007638783,-180,180,0.950413223,NO
2530,1688,1690,0.05083,-90,90,1,NO
2531,1689,1686,0.0879013203516068,-180,180,0.984167736,NO
2532,1689,1687,-0.007638783,-180,180,0.950413223,NO
2533,1689,1691,0.05274,-90,90,1,NO
2534,1695,1692,0.08225,-180,180,1,NO
2535,1695,1694,-0.006421006,-180,180,0.950413223,NO
2536,1695,1696,0.0450749380165289,-90,90,1.047619048,NO
2537,1700,1697,0.0796266918714556,-180,180,1.045454545,NO
2538,1700,1699,-0.007866647,-180,180,0.982905983,NO
2539,1700,1701,0.0488289049586777,-90,90,1.047619048,NO
2540,1706,1702,0.127100487192817,-120,120,0.972515856,NO
2541,1706,1704,-0.004760401,-120,120,0.950413223,NO
2542,1706,1708,0.06478,-60,60,1,NO
2543,1707,1703,0.121137200047259,-120,120,0.972515856,NO
2544,1707,1705,-0.004981815,-120,120,0.950413223,NO
2545,1707,1709,0.06374,-60,60,1,NO
2546,1713,1710,0.0936891620510397,-180,180,0.972515856,NO
2547,1713,1712,-0.008524439,-180,180,0.950413223,NO
2548,1713,1715,0.0540133884297521,-90,90,1.047619048,NO
2549,1714,1711,0.0932239410680529,-180,180,0.972515856,NO
2550,1714,1712,-0.007970904,-180,180,0.950413223,NO
2551,1714,1716,0.0544142975206612,-90,90,1.047619048,NO
2552,1720,1717,0.0891638306710775,-180,180,0.972515856,NO
2553,1720,1719,-0.007417369,-180,180,0.950413223,NO
2554,1720,1722,0.0515350413223141,-90,90,1.047619048,NO
2555,1721,1718,0.0888995005671077,-180,180,0.972515856,NO
2556,1721,1719,-0.007638783,-180,180,0.950413223,NO
2557,1721,1723,0.0511067975206612,-90,90,1.047619048,NO
2558,1727,1725,0.103201586200378,-150,150,0.995670996,NO
2559,1727,1726,-0.007638783,-150,150,0.950413223,NO
2560,1727,1728,0.06357,-75,75,1,NO
2561,1732,1729,0.0926952808601134,-180,180,0.972515856,NO
2562,1732,1731,-0.007638783,-180,180,0.950413223,NO
2563,1732,1734,0.05401,-90,90,1,NO
2564,1733,1730,0.0903163099243856,-180,180,0.972515856,NO
2565,1733,1731,-0.007195955,-180,180,0.950413223,NO
2566,1733,1734,0.05403,-90,90,1,NO
2567,1738,1735,0.08219,-180,180,1,NO
2568,1738,1737,-0.004760401,-180,180,0.950413223,NO
2569,1738,1739,0.12153,-60,60,1,NO
2570,1743,1740,0.0848,-180,180,1,NO
2571,1743,1742,-0.007638783,-180,180,0.950413223,NO
2572,1743,1745,0.05208,-90,90,1,NO
2573,1744,1741,0.08272,-180,180,1,NO
2574,1744,1742,-0.007417369,-180,180,0.950413223,NO
2575,1744,1746,0.052,-90,90,1,NO
2576,1750,1747,0.0799560680529301,-180,180,1.045454545,NO
2577,1750,1749,-0.008591206,-180,180,0.982905983,NO
2578,1750,1752,0.05584,-90,90,1,NO
2579,1751,1747,0.0786111153119093,-180,180,1.045454545,NO
2580,1751,1749,-0.007659629,-180,180,0.982905983,NO
2581,1751,1753,0.05481,-90,90,1,NO
2582,1757,1754,0.0855,-180,180,1,NO
2583,1757,1756,-0.007970904,-180,180,0.950413223,NO
2584,1757,1758,0.05327,-90,90,1,NO
2585,1763,1759,0.102152523062382,-150,150,0.995670996,NO
2586,1763,1762,-0.008303025,-150,150,0.950413223,NO
2587,1763,1764,0.06293,-75,75,1,NO
2588,1768,1765,0.0796541398865784,-180,180,1.045454545,NO
2589,1768,1767,-0.007866647,-180,180,0.982905983,NO
2590,1768,1770,0.05433,-90,90,1,NO
2591,1769,1766,0.0803860869565217,-180,180,1.045454545,NO
2592,1769,1767,-0.007142087,-180,180,0.982905983,NO
2593,1769,1771,0.0528,-90,90,1,NO
2594,1776,1772,0.228776461247637,-63,63,0.995670996,NO
2595,1776,1775,-0.0121,-63,63,0.909090909,NO
2596,1776,1774,0.1376,-32,32,1,NO
2597,1788,1785,0.0897665033081285,-180,180,0.972515856,NO
2598,1788,1787,-0.006624544,-180,180,0.982905983,NO
2599,1788,1789,0.180964896694215,-90,90,1.047619048,NO
2600,1794,1790,0.120453923483932,-120,120,0.984167736,NO
2601,1794,1792,-0.004538987,-120,120,0.950413223,NO
2602,1794,1796,0.06667,-60,60,1,NO
2603,1795,1791,0.108333163548204,-150,150,0.984167736,NO
2604,1795,1793,-0.011292113,-150,150,0.950413223,NO
2605,1795,1797,0.06161,-75,75,1,NO
2606,1801,1799,0.0868998606294896,-180,180,0.984167736,NO
2607,1801,1800,-0.006974541,-180,180,0.950413223,NO
2608,1801,1802,0.05083,-90,90,1,NO
2609,1807,1803,0.0857538603289225,-180,180,0.984167736,NO
2610,1807,1806,-0.00885656,-180,180,0.950413223,NO
2611,1807,1809,0.05295,-90,90,1,NO
2612,1808,1804,0.123458302650284,-120,120,0.984167736,NO
2613,1808,1806,-0.008745853,-120,120,0.950413223,NO
2614,1808,1810,0.07457,-60,60,1,NO
2615,1814,1811,0.114981844234405,-120,120,0.987124464,NO
2616,1814,1813,-0.007528076,-120,120,0.950413223,NO
2617,1814,1816,0.06988,-60,60,1,NO
2618,1815,1812,0.121104356086956,-120,120,0.984167736,NO
2619,1815,1813,-0.010738578,-120,120,0.950413223,NO
2620,1815,1817,0.07478,-60,60,1,NO
2621,1821,1818,0.134174954109641,-120,120,0.984167736,NO
2622,1821,1820,-0.012399183,-120,120,0.950413223,NO
2623,1821,1823,0.284700123966942,-60,60,1.047619048,NO
2624,1822,1819,0.134649873153119,-120,120,0.984167736,NO
2625,1822,1820,-0.009963629,-120,120,0.950413223,NO
2626,1822,1824,0.290968884297521,-60,60,1.047619048,NO
2627,1828,1825,0.104100189465028,-150,150,0.984167736,NO
2628,1828,1827,-0.007860197,-150,150,0.950413223,NO
2629,1828,1830,0.06078,-75,75,1,NO
2630,1829,1826,0.103904027251418,-150,150,0.984167736,NO
2631,1829,1827,-0.007417369,-150,150,0.950413223,NO
2632,1829,1831,0.06091,-75,75,1,NO
2633,1835,1832,0.0894499694064272,-180,180,0.984167736,NO
2634,1835,1834,-0.007528076,-180,180,0.950413223,NO
2635,1835,1837,0.0479724173553719,-90,90,1.047619048,NO
2636,1836,1833,0.0898113208525519,-180,180,0.984167736,NO
2637,1836,1834,-0.007195955,-180,180,0.950413223,NO
2638,1836,1838,0.0486375619834711,-90,90,1.047619048,NO
2639,1843,1839,0.08372,-180,180,1,NO
2640,1843,1841,-0.006088885,-180,180,0.950413223,NO
2641,1843,1845,0.05123,-90,90,1,NO
2642,1844,1840,0.08294,-180,180,1,NO
2643,1844,1842,-0.007860197,-180,180,0.950413223,NO
2644,1844,1846,0.05089,-90,90,1,NO
2645,1850,1847,0.0768269943289225,-180,180,1.045454545,NO
2646,1850,1849,-0.005175425,-180,180,0.982905983,NO
2647,1850,1852,0.056536906122449,-90,90,0.945945946,NO
2648,1851,1848,0.0769276370510397,-180,180,1.045454545,NO
2649,1851,1849,-0.005278934,-180,180,0.982905983,NO
2650,1851,1853,0.0568945224489796,-90,90,0.945945946,NO
2651,1857,1854,0.0732679017013232,-180,180,1.045454545,NO
2652,1857,1856,-0.005175425,-180,180,0.982905983,NO
2653,1857,1858,0.0552293714285714,-90,90,0.945945946,NO
2654,1862,1859,0.0765250661625709,-180,180,1.045454545,NO
2655,1862,1861,-0.006314019,-180,180,0.982905983,NO
2656,1862,1863,0.04975,-90,90,1,NO
2657,1867,1864,0.0918593572778828,-150,150,1.045454545,NO
2658,1867,1866,-0.007866647,-150,150,0.982905983,NO
2659,1867,1870,0.16073,-75,75,1,NO
2660,1868,1865,0.0876781096408318,-150,150,1.045454545,NO
2661,1868,1869,-0.00484,-150,150,0.909090909,NO
2662,1868,1871,0.16483,-75,75,1,NO
2663,1885,1882,0.0827081838544423,-180,180,0.984167736,NO
2664,1885,1884,-0.006199592,-180,180,0.950413223,NO
2665,1885,1887,0.11906,-90,90,1,NO
2666,1886,1883,0.0826565622192816,-180,180,0.984167736,NO
2667,1886,1884,-0.006421006,-180,180,0.950413223,NO
2668,1886,1888,0.11906,-90,90,1,NO
2669,1892,1889,0.100706608128544,-150,150,0.987124464,NO
2670,1892,1891,-0.007085248,-150,150,0.950413223,NO
2671,1892,1894,0.0726968,-75,75,0.909090909,NO
2672,1893,1890,0.10227678147448,-150,150,0.987124464,NO
2673,1893,1891,-0.008303025,-150,150,0.950413223,NO
2674,1893,1895,0.0728541,-75,75,0.909090909,NO
2675,1900,1896,0.102122842911153,-150,150,0.987124464,NO
2676,1900,1899,-0.007195955,-150,150,0.950413223,NO
2677,1900,1901,0.0732897,-75,75,0.909090909,NO
2678,1905,1902,0.103236765406427,-150,150,0.972515856,NO
2679,1905,1904,-0.007638783,-150,150,0.950413223,NO
2680,1905,1907,0.0762542,-75,75,0.909090909,NO
2681,1906,1903,0.0917965585066162,-180,180,0.972515856,NO
2682,1906,1904,-0.006863834,-180,180,0.950413223,NO
2683,1906,1908,0.0615769,-90,90,0.909090909,NO
2684,1912,1909,0.10327,-150,150,1,NO
2685,1912,1911,-0.008192318,-150,150,0.950413223,NO
2686,1912,1913,0.06166,-75,75,1,NO
2687,1917,1914,0.0786294139886579,-180,180,1.045454545,NO
2688,1917,1916,-0.005899985,-180,180,0.982905983,NO
2689,1917,1919,0.0567492408163265,-90,90,0.945945946,NO
2690,1918,1915,0.0788306994328923,-180,180,1.045454545,NO
2691,1918,1916,-0.005899985,-180,180,0.982905983,NO
2692,1918,1920,0.0566151346938776,-90,90,0.945945946,NO
2693,1923,1921,0.0744115689981096,-180,180,1.045454545,NO
2694,1923,1922,-0.006003493,-180,180,0.982905983,NO
2695,1923,1924,0.226494065306122,-90,90,0.945945946,NO
2696,1927,1925,0.128208581710775,-120,120,0.976645435,NO
2697,1927,1926,-0.0086,-120,120,1,NO
2698,1927,1928,0.0882816,-60,60,0.909090909,NO
2699,1945,1942,0.12952175094518,-120,120,0.972515856,NO
2700,1945,1944,-0.008635146,-120,120,0.950413223,NO
2701,1945,1947,0.07066,-60,60,1,NO
2702,1946,1943,0.124679223440454,-120,120,0.972515856,NO
2703,1946,1944,-0.008745853,-120,120,0.950413223,NO
2704,1946,1948,0.06792,-60,60,1,NO
2705,1952,1949,0.133007332444234,-120,120,0.961136649,NO
2706,1952,1951,-0.010185043,-120,120,0.950413223,NO
2707,1952,1954,0.06654,-60,60,1,NO
2708,1953,1950,0.13712084968431,-120,120,0.961136649,NO
2709,1953,1951,-0.007306662,-120,120,0.950413223,NO
2710,1953,1954,0.0675,-60,60,1,NO
2711,1958,1955,0.104905486973535,-150,150,0.984167736,NO
2712,1958,1957,-0.007970904,-150,150,0.950413223,NO
2713,1958,1960,0.069027525,-75,75,0.952380952,NO
2714,1959,1956,0.104864189665406,-150,150,0.984167736,NO
2715,1959,1957,-0.009963629,-150,150,0.950413223,NO
2716,1959,1961,0.068321925,-75,75,0.952380952,NO
2717,1965,1962,0.112847807986767,-150,150,0.972515856,NO
2718,1965,1964,-0.011734941,-150,150,0.950413223,NO
2719,1965,1966,0.06501,-75,75,1,NO
2720,1970,1968,0.10323,-150,150,1,NO
2721,1970,1969,-0.008303025,-150,150,0.950413223,NO
2722,1970,1971,0.06257,-75,75,1,NO
2723,1976,1972,0.126338789892249,-120,120,0.984167736,NO
2724,1976,1974,-0.011292113,-120,120,0.950413223,NO
2725,1976,1978,0.0730019008264463,-60,60,1.047619048,NO
2726,1977,1973,0.127030519803403,-120,120,0.984167736,NO
2727,1977,1975,-0.011292113,-120,120,0.950413223,NO
2728,1977,1979,0.0717900619834711,-60,60,1.047619048,NO
2729,1983,1980,0.0754637429111531,-180,180,1.045454545,NO
2730,1983,1982,-0.005175425,-180,180,0.982905983,NO
2731,1983,1984,0.0552852489795918,-90,90,0.945945946,NO
2732,1988,1986,0.068921965973535,0,0,1.045454545,NO
2733,1988,1987,-0.006,0,0,1,NO
2734,1988,1990,0.20599,0,0,1,NO
2735,1989,1986,0.0798005293005671,-180,180,1.045454545,NO
2736,1989,1987,-0.0066,-180,180,1,NO
2737,1989,1991,0.21055,-90,90,1,NO
2738,1994,1992,0.101568664083176,-150,150,0.987124464,NO
2739,1994,1993,-0.006417527,-150,150,0.982905983,NO
2740,1994,1995,0.216035330578512,-75,75,1.047619048,NO
2741,1998,1996,0.09687,-150,150,1,NO
2742,1998,1997,-0.0073,-150,150,1,NO
2743,1998,1999,0.14653,-75,75,1,NO
2744,2003,2000,0.0905418525519849,-150,150,1.045454545,NO
2745,2003,2002,-0.006417527,-150,150,0.982905983,NO
2746,2003,2004,0.216035330578512,-75,75,1.047619048,NO
2747,2010,2012,0.298576763705104,-40,40,1,NO
2748,2013,2012,-0.00221414,-40,40,1.00472255,NO
2749,2014,2012,0.201708143667297,-40,40,0.950413223,NO
2750,2018,2015,0.1173,-120,120,1,NO
2751,2018,2017,-0.0097,-120,120,1,NO
2752,2018,2019,0.0788214435555556,-60,60,0.974025974,NO
2753,2022,2020,0.0822,-180,180,1,NO
2754,2022,2021,-0.0058,-180,180,1,NO
2755,2022,2023,0.05225,-90,90,1,NO
2756,2026,2024,0.0636,-240,240,1,NO
2757,2026,2025,-0.0045,0,0,1,NO
2758,2026,2028,0.0365100619834711,0,0,1.047619048,NO
2759,2027,2024,0.0636,-240,240,1,NO
2760,2027,2025,-0.0045,0,0,1,NO
2761,2027,2029,0.0365100619834711,0,0,1.047619048,NO
2762,2032,2030,0.105706586011342,-150,150,0.974576271,NO
2763,2032,2031,-0.00774949,-150,150,0.950413223,NO
2764,2032,2033,0.0611,-75,75,1,NO
2765,2037,2034,0.1003,-150,150,1,NO
2766,2037,2036,-0.007085248,0,0,0.950413223,NO
2767,2037,2038,0.0749111,0,0,0.909090909,NO
2768,2041,2039,0.0843,-180,180,1,NO
2769,2041,2040,-0.0068,0,0,1,NO
2770,2041,2042,0.0514985950413223,0,0,1.047619048,NO
2771,2043,2045,0.12833,-120,120,1.034782609,NO
2772,2044,2045,-0.0083,-120,120,1.052173913,NO
2773,2046,2045,0.0725,-60,60,1,NO
2774,2047,1968,0.10323,-150,150,1,NO
2775,2047,1969,-0.008303025,-150,150,0.950413223,NO
2776,2047,2048,0.06257,-75,75,1,NO
2777,2049,1096,0.10057,-150,150,1,NO
2778,2049,1097,-0.007866647,-150,150,0.982905983,NO
2779,2049,2050,0.0562730578512397,-75,75,1.047619048,NO
2780,2052,1257,0.0751343667296786,-180,180,1.045454545,NO
2781,2052,2051,-0.0054,-180,180,1,NO
2782,2052,2053,0.05072,-90,90,1,NO
2783,2056,758,0.0657317665406427,-240,240,0.987124464,NO
2784,2056,759,-0.005313936,-240,240,0.950413223,NO
2785,2056,2057,0.036792520661157,-80,80,1.047619048,NO
2786,2068,2066,0.1173,-120,120,1,NO
2787,2068,2067,-0.0097,-120,120,1,NO
2788,2068,2069,0.065383626243886,-60,60,1.069444444,NO
2789,2073,2070,0.1173,-120,120,1,NO
2790,2073,2072,-0.0097,-120,120,1,NO
2791,2073,2074,0.0788214435555556,-60,60,0.974025974,NO
2792,2077,2075,0.10327,-150,150,1,NO
2793,2077,2076,-0.0074,-150,150,1,NO
2794,2077,2078,0.056825856,-75,75,1.041666667,NO
2795,2079,635,0.01571,-1000,1000,1,NO
2796,2079,636,-0.002,-1000,1000,1,NO
2797,2079,2080,0.045544275,-240,240,0.952380952,NO
2798,2084,2081,0.0582172400756144,-240,240,1.045454545,NO
2799,2084,2083,-0.004657883,0,0,0.982905983,NO
2800,2084,2086,0.04008,0,0,1,NO
2801,2085,2082,0.0582172400756144,-240,240,1.045454545,NO
2802,2085,2083,-0.004657883,0,0,0.982905983,NO
2803,2085,2087,0.04008,0,0,1,NO
2804,2088,1622,0.079544347826087,-180,180,1.045454545,NO
2805,2088,1623,-0.006521036,-180,180,0.982905983,NO
2806,2088,2089,0.05195,-90,90,1,NO
2807,2093,2090,0.0922893761814745,-150,150,1.045454545,NO
2808,2093,2092,-0.008303025,-150,150,0.950413223,NO
2809,2093,2094,0.06372,-75,75,1,NO
2810,2096,2095,0.01585,-1170,1170,1,NO
2811,2097,2095,0.01585,-1170,1170,1,NO
2812,1268,1265,0.0798005293005671,-180,180,1.045454545,NO
2813,1268,1266,-0.006831561,-180,180,0.982905983,NO
2814,1268,1270,0.05278,-60,60,1,NO
2815,2099,1921,0.08219,-180,180,1,NO
2816,2099,1922,-0.004760401,-180,180,0.950413223,NO
2817,2099,2100,0.12153,-60,60,1,NO
2818,2104,2101,0.0843,-180,180,1,NO
2819,2104,2103,-0.0068,0,0,1,NO
2820,2104,2106,0.0514985950413223,0,0,1.047619048,NO
2821,2105,2102,0.0843,-180,180,1,NO
2822,2105,2103,-0.0068,0,0,1,NO
2823,2105,2107,0.0514985950413223,0,0,1.047619048,NO
2824,2108,1243,0.0933259962192817,-180,180,0.950413223,NO
2825,2108,1244,-0.007528076,-180,180,0.950413223,NO
2826,2108,2109,0.05652,-60,60,1,NO
2827,2118,2120,0.0181,-750,750,1.047619048,NO
2828,2119,2120,-0.0024,-750,750,1,NO
2829,2121,2120,0.0414,-240,240,1.028571429,NO
2830,2126,2125,0.13303980758034,-120,120,0.961136649,NO
2831,2126,2128,-0.010185043,0,0,0.950413223,NO
2832,2126,2127,0.0665,0,0,1,NO
2833,2132,2130,0.13303980758034,-120,120,0.961136649,NO
2834,2132,2131,-0.010185043,0,0,0.950413223,NO
2835,2132,2133,0.0665,0,0,1,NO
2836,2134,15,0.01306,-1200,1200,1,NO
2837,2135,1760,0.102142435916824,-150,150,0.995670996,NO
2838,2135,1762,-0.008303025,0,0,0.950413223,NO
2839,2135,2136,0.0629,0,0,1,NO
2840,2137,1279,0.0901597761814745,-180,180,0.950413223,NO
2841,2137,1280,-0.006753127,-180,180,0.950413223,NO
2842,2137,2138,0.11856,-60,60,1,NO
2843,2141,2139,0.0901597761814745,-180,180,0.950413223,NO
2844,2141,2140,-0.006753127,-180,180,0.950413223,NO
2845,2141,2142,0.11856,-60,60,1,NO
2846,2146,2144,0.0843,-180,180,1,NO
2847,2146,2145,-0.007038578,0,0,0.982905983,NO
2848,2146,2147,0.0514985950413223,0,0,1.047619048,NO
2849,2148,1511,0.110042752362949,-150,150,0.950413223,NO
2850,2148,1513,-0.005978178,0,0,0.950413223,NO
2851,2148,2149,0.22973,0,0,1,NO
2852,2156,812,0.087,-180,180,1,NO
2853,2156,814,-0.00885656,0,0,0.950413223,NO
2854,2156,2157,0.0557,0,0,1,NO
2855,2159,1357,0.0941778947069943,-180,180,0.961136649,NO
2856,2159,1358,-0.007195955,-180,180,0.950413223,NO
2857,2159,2158,0.2012,-60,60,1,NO
2858,2160,1338,0.0781262003780718,-180,180,1.045454545,NO
2859,2160,1339,-0.007245595,-180,180,0.982905983,NO
2860,2160,2161,0.05294,-90,90,1,NO
2861,2164,2162,0.0831769623818525,-180,180,1.013215859,NO
2862,2164,2163,-0.007245595,0,0,0.982905983,NO
2863,2164,2165,0.048236652892562,0,0,1.047619048,NO
2864,2167,2162,0.0831769623818525,-180,180,1.013215859,NO
2865,2167,2166,-0.007245595,0,0,0.982905983,NO
2866,2167,2168,0.048236652892562,0,0,1.047619048,NO
2867,2169,2171,0.12833,-120,120,1,NO
2868,2170,2171,-0.0083,-120,120,1.052173913,NO
2869,2172,2171,0.0725,-60,60,1,NO
2870,2173,2176,0.0145,0,0,1,NO
2871,2174,2176,-0.0005,0,0,1,NO
2872,2177,2176,0.0405,-240,240,1,NO
2873,2173,2178,0.0145,0,0,1,NO
2874,2175,2178,-0.0005,0,0,1,NO
2875,2179,2178,0.0405,-240,240,1,NO
2876,2180,1602,0.0790411342155009,-180,180,1.045454545,NO
2877,2180,1604,-0.007763138,-180,180,0.982905983,NO
2878,2180,2181,0.05428,-90,90,1,NO
2879,2182,160,0.0639332892249527,-240,240,0.953440017,NO
2880,2183,160,0.0639332892249527,-240,240,0.953440017,NO
2881,2184,160,0.0639332892249527,-240,240,0.953440017,NO
2882,2190,2189,0.1092,0,0,1,NO
2883,2191,612,0.01764,-750,750,1,NO
2884,2191,613,-0.002,-750,750,1,NO
2885,2191,2192,0.0415037387755102,-240,240,0.972222222,NO
2886,567,2193,0.02078,-750,750,1,NO
2887,571,2193,-0.0024,-750,750,1,NO
2888,2194,2193,0.05469,-240,240,1.05,NO
2889,2195,1101,0.0931402646502836,-180,180,1.045454545,NO
2890,2195,1102,-0.008413732,0,0,0.950413223,NO
2891,2195,2196,0.058013367768595,0,0,1.047619048,NO
2892,2197,1453,0.0747226465028356,-180,180,1.045454545,NO
2893,2197,1454,-0.0061,0,0,1,NO
2894,2197,2198,0.20722,0,0,1,NO
2895,2199,1996,0.1004,-150,150,1,NO
2896,2199,1997,-0.007,-150,150,1,NO
2897,2199,2200,0.0611,-75,75,1,NO
2898,2205,2201,0.0756375803402646,-180,180,1.045454545,NO
2899,2205,2203,-0.0051,0,0,1,NO
2900,2205,2207,0.05049,0,0,1,NO
2901,2206,2202,0.0751343667296786,-180,180,1.045454545,NO
2902,2206,2204,-0.0054,0,0,1,NO
2903,2206,2208,0.05072,0,0,1,NO
2904,2209,1272,0.10134,-180,180,1,NO
2905,2209,1273,-0.007970904,0,0,0.950413223,NO
2906,2209,2210,0.06113,0,0,1,NO
2907,2211,1044,0.0864928284499055,-180,180,0.976645435,NO
2908,2211,1045,-0.006863834,0,0,0.950413223,NO
2909,2211,2212,0.0595562,0,0,0.909090909,NO
2910,2213,1084,0.0754820415879017,-180,180,1.045454545,NO
2911,2213,1085,-0.006417527,0,0,0.982905983,NO
2912,2213,2214,0.0550058612244898,0,0,0.945945946,NO
2913,2215,975,0.0848,-180,180,1,NO
2914,2215,977,-0.0062,-180,180,1,NO
2915,2215,2216,0.0622182,-90,90,0.909090909,NO
2916,776,773,0.0891662427221172,-180,180,0.974576271,NO
2917,776,775,-0.007195955,0,0,0.950413223,NO
2918,776,778,0.0468972520661157,0,0,1.047619048,NO
2919,2217,1607,0.104483336767486,-150,150,0.976645435,NO
2920,2217,1609,-0.006753127,0,0,0.950413223,NO
2921,2217,2218,0.0733986,0,0,0.909090909,NO
2922,1402,1399,0.091204459073724,-180,180,0.972515856,NO
2923,1402,1400,-0.00885656,0,0,0.950413223,NO
2924,1402,1404,0.05147,0,0,1,NO
2925,2221,2219,0.0781262003780718,-180,180,1.045454545,NO
2926,2221,2220,-0.007245595,0,0,0.982905983,NO
2927,2221,2222,0.048236652892562,0,0,1.047619048,NO
2928,2225,2223,0.0636,-240,240,1,NO
2929,2225,2224,-0.0045,0,0,1,NO
2930,2225,2226,0.0365100619834711,0,0,1.047619048,NO
2931,2227,2223,0.0636,-240,240,1,NO
2932,2227,2224,-0.0045,0,0,1,NO
2933,2227,2228,0.0365100619834711,0,0,1.047619048,NO
2934,2231,2229,0.0197058449905482,-810,810,0.950413223,NO
2935,2232,2234,0.0209,-1000,1000,1.019047619,NO
2936,2233,2234,-0.0029,-1000,1000,1.023913043,NO
2937,2235,2234,0.0422,-240,240,1.05,NO
2938,2239,2237,0.0672455784499055,-240,240,0.972515856,NO
2939,2239,2238,-0.0045,0,0,1,NO
2940,2239,2241,0.0365100619834711,0,0,1.047619048,NO
2941,2240,2237,0.0672455784499055,-240,240,0.972515856,NO
2942,2240,2238,-0.0045,0,0,1,NO
2943,2240,2242,0.0365100619834711,0,0,1.047619048,NO
2944,2245,2243,0.0944821523629489,-180,180,0.972515856,NO
2945,2245,2244,-0.009410095,0,0,0.950413223,NO
2946,2245,2246,0.05336,0,0,1,NO
2947,2251,717,0.0642642189035917,-240,240,0.987124464,NO
2948,2251,718,-0.004206866,-240,240,0.950413223,NO
2949,2251,2252,0.136336425619835,-120,120,1.047619048,NO
2950,2253,733,0.0822707591682419,-180,180,0.995670996,NO
2951,2253,735,-0.00664242,-180,180,0.950413223,NO
2952,2253,2254,0.05139,-90,90,1,NO
2953,2255,160,0.0639332892249527,-240,240,0.953440017,NO
2954,2256,160,0.0639332892249527,-240,240,0.953440017,NO
2955,2262,2260,0.0843,-180,180,1,NO
2956,2262,2261,-0.0068,0,0,1,NO
2957,2262,2263,0.0514985950413223,0,0,1.047619048,NO
2958,2264,1632,0.0779523629489603,-180,180,1.045454545,NO
2959,2264,1633,-0.006521036,-180,180,0.982905983,NO
2960,2264,2265,0.0575203510204082,-90,90,0.945945946,NO
2961,2266,1303,0.0833,-180,180,1,NO
2962,2266,1304,-0.00693507,0,0,0.982905983,NO
2963,2266,2267,0.0475806198347107,0,0,1.047619048,NO
2964,2268,15,0.01306,-1200,1200,1,NO
2967,2275,2273,0.0781262003780718,-180,180,1.045454545,NO
2968,2275,2274,-0.007245595,0,0,0.982905983,NO
2969,2275,2276,0.048236652892562,0,0,1.047619048,NO
2970,2278,2273,0.0781262003780718,-180,180,1.045454545,NO
2971,2278,2277,-0.007245595,0,0,0.982905983,NO
2972,2278,2279,0.048236652892562,0,0,1.047619048,NO
2973,2285,2282,0.0868998606294896,-180,180,0.984167736,NO
2974,2285,2284,-0.006974541,0,0,0.950413223,NO
2975,2285,2286,0.05083,0,0,1,NO
2976,2289,2287,0.0636,-240,240,1,NO
2977,2289,2288,-0.0045,0,0,1,NO
2978,2289,2290,0.0365100619834711,0,0,1.047619048,NO
2979,2294,2291,0.00771289224952741,-180,180,1.045454545,NO
2980,2294,2293,-0.007245595,0,0,0.982905983,NO
2981,2294,2295,0.00513,0,0,1,NO
2982,2296,1220,0.0948877304347826,-150,150,0.987124464,NO
2983,2296,1221,0.00131741323251418,-150,150,0.950413223,NO
2984,2296,2297,0.24826,-75,75,1,NO
2985,2298,2039,0.0843,-180,180,1,NO
2986,2298,2040,-0.0068,0,0,1,NO
2987,2298,2299,0.0514985950413223,0,0,1.047619048,NO
2988,2302,2300,0.0843,-180,180,1,NO
2989,2302,2301,-0.0068,0,0,1,NO
2990,2302,2303,0.0514985950413223,0,0,1.047619048,NO
2991,2304,1963,0.112847807986767,-150,150,0.972515856,NO
2992,2304,1964,-0.011734941,-150,150,0.950413223,NO
2993,2304,2305,0.06501,-75,75,1,NO
2994,2306,1897,0.102122842911153,-150,150,0.987124464,NO
2995,2306,1899,-0.007195955,-150,150,0.950413223,NO
2996,2306,2307,0.0732897,-75,75,0.909090909,NO
2997,2308,1755,0.0855,-180,180,1,NO
2998,2308,1756,-0.007970904,-180,180,0.950413223,NO
2999,2308,2309,0.05327,-90,90,1,NO
3000,2313,2310,0.0855,-180,180,1,NO
3001,2313,2312,-0.007970904,-180,180,0.950413223,NO
3002,2313,2314,0.05327,-90,90,1,NO
3003,2318,2315,0.0636,-240,240,1,NO
3004,2318,2317,-0.0045,0,0,1,NO
3005,2318,2320,0.04007,0,0,1,NO
3006,2319,2316,0.0636,-240,240,1,NO
3007,2319,2317,-0.0045,0,0,1,NO
3008,2319,2321,0.04007,0,0,1,NO
3009,2322,2325,0.0183,-750,750,1,NO
3010,2323,2325,-0.0026,-750,750,1,NO
3011,2326,2325,0.0399,-240,240,1,NO
3012,2322,2324,0.0183,-750,750,1,NO
3013,2323,2324,-0.0026,-750,750,1.025217391,NO
3014,2327,2324,0.0399,-240,240,1,NO
3015,2328,2330,0.014,0,0,1,NO
3016,2330,2329,0.2804,0,0,0.954545455,NO
3017,2331,2333,0.014,0,0,1,NO
3018,2333,2332,0.2804,0,0,0.954545455,NO
3019,2334,269,0.014,0,0,1,NO
3020,2335,479,0.014,0,0,1,NO
3021,2336,2337,0.014,0,0,1,NO
3022,2337,2338,0.2804,0,0,0.954545455,NO
3023,2339,2340,0.014,0,0,1,NO
3024,2340,2341,0.2804,0,0,0.954545455,NO
3025,2342,482,0.014,0,0,1,NO
3026,2343,2345,0.014,0,0,1,NO
3027,2345,2344,0.2804,0,0,0.954545455,NO
3028,2346,2348,0.014,0,0,1,NO
3029,2348,2347,0.2804,0,0,0.954545455,NO
3030,2349,2351,0.014,0,0,1,NO
3031,2351,2350,0.2804,0,0,0.954545455,NO
3032,2352,2351,0.014,0,0,1,NO
3033,2353,2354,0.014,0,0,1,NO
3034,2354,2355,0.2804,0,0,0.954545455,NO
3035,2356,2358,0.014,0,0,1,NO
3036,2358,2357,0.2804,0,0,0.954545455,NO
3037,2359,2361,0.014,0,0,1,NO
3038,2361,2360,0.2804,0,0,0.954545455,NO
3039,2362,2364,0.014,0,0,1,NO
3040,2364,2363,0.2804,0,0,0.954545455,NO
3041,2365,2367,0.014,0,0,1,NO
3042,2367,2366,0.2804,0,0,0.954545455,NO
3043,2368,2370,0.014,0,0,1,NO
3044,2370,2369,0.2804,0,0,0.954545455,NO
3045,2371,347,0.014,0,0,1,NO
3046,2372,2373,0.014,0,0,1,NO
3047,2373,2374,0.2804,0,0,0.954545455,NO
3048,2375,2376,0.014,0,0,1,NO
3049,2376,2377,0.2804,0,0,0.954545455,NO
3050,2378,2379,0.014,0,0,1,NO
3051,2379,2380,0.2804,0,0,0.954545455,NO
3052,2381,359,0.014,0,0,1,NO
3053,2382,362,0.014,0,0,1,NO
3054,2383,2384,0.014,0,0,1,NO
3055,2384,2385,0.2804,0,0,0.954545455,NO
3056,2386,2388,0.014,0,0,1,NO
3057,2388,2387,0.2804,0,0,0.954545455,NO
3058,2389,2390,0.014,0,0,1,NO
3059,2390,2391,0.2804,0,0,0.954545455,NO
3060,2392,2393,0.014,0,0,1,NO
3061,2393,2394,0.2804,0,0,0.954545455,NO
3062,2395,2396,0.014,0,0,1,NO
3063,2396,2397,0.2804,0,0,0.954545455,NO
3064,2398,2400,0.014,0,0,1,NO
3065,2399,2400,0.014,0,0,1,NO
3066,2400,2401,0.2804,0,0,0.954545455,NO
3067,2402,527,0.014,0,0,1,NO
3068,2403,440,0.014,0,0,1,NO
3069,2404,2405,0.014,0,0,1,NO
3070,2405,2406,0.2804,0,0,0.954545455,NO
3071,2407,2408,0.014,0,0,1,NO
3072,2408,2409,0.2804,0,0,0.954545455,NO
3073,2410,2411,0.014,0,0,1,NO
3074,2411,2412,0.2804,0,0,0.954545455,NO
3075,2413,2415,0.005,0,0,1,NO
3076,2414,2415,0.014,0,0,1,NO
3077,2415,2416,0.0604,0,0,0.954545455,NO
3078,2417,2418,0.014,0,0,1,NO
3079,2418,2419,0.2804,0,0,0.954545455,NO
3080,2420,2421,0.014,0,0,1,NO
3081,2421,2422,0.2804,0,0,0.954545455,NO
3082,2423,2424,0.014,0,0,1,NO
3083,2424,2425,0.2804,0,0,0.954545455,NO
3084,2426,2427,0.002,0,0,1,NO
3085,2427,2428,0.0304,0,0,0.954545455,NO
3086,2429,2430,0.014,0,0,1,NO
3087,2430,2431,0.2804,0,0,0.954545455,NO
3088,2432,2433,0.014,0,0,1,NO
3089,2433,2434,0.2804,0,0,0.954545455,NO
3090,2435,2436,0.014,0,0,1,NO
3091,2436,2437,0.2804,0,0,0.954545455,NO
3092,2438,2440,0.0012,0,0,1,NO
3093,2440,2439,0.0254,-50,50,0.954545455,NO
3094,2441,2442,0.007,0,0,1,NO
3095,2442,2439,0.1404,-50,50,0.954545455,NO
3096,2443,2445,0.0014,0,0,1,NO
3097,2445,2444,0.0284,0,0,0.954545455,NO
3098,2446,2447,0.014,0,0,1,NO
3099,2447,2444,0.2804,0,0,0.954545455,NO
3100,2448,2450,0.014,0,0,1,NO
3101,2451,2450,0.014,0,0,1,NO
3102,2452,2450,0.014,0,0,1,NO
3103,2453,2450,0.014,0,0,1,NO
3104,2450,2449,0.0904,0,0,0.954545455,NO
3105,2454,2456,0.014,0,0,1,NO
3106,2457,2456,0.014,0,0,1,NO
3107,2456,2455,0.0904,0,0,0.954545455,NO
3108,2458,2460,0.005,0,0,1,NO
3109,2460,2459,0.0904,0,0,0.954545455,NO
3110,2461,2462,0.014,0,0,1,NO
3111,2462,2463,0.2804,0,0,0.954545455,NO
3112,2464,2465,0.014,0,0,1,NO
3113,2465,2466,0.2804,0,0,0.954545455,NO
3114,2467,281,0.014,0,0,1,NO
3115,2468,490,0.014,0,0,1,NO
3116,2469,2471,0.014,0,0,1,NO
3117,2471,2470,0.0604,0,0,0.954545455,NO
3118,2472,2471,0.014,0,0,1,NO
3119,2473,2471,0.014,0,0,1,NO
3120,2474,2471,0.014,0,0,1,NO
3121,2475,2477,0.007,0,0,1,NO
3122,2477,2476,0.0704,0,0,0.954545455,NO
3123,2478,2477,0.014,0,0,1,NO
3124,2479,2477,0.014,0,0,1,NO
3125,2480,2481,0.014,0,0,1,NO
3126,2481,2482,0.2804,0,0,0.954545455,NO
3127,2483,2484,0.014,0,0,1,NO
3128,2484,2485,0.2804,0,0,0.954545455,NO
3129,2486,2487,0.014,0,0,1,NO
3130,2487,2488,0.2804,0,0,0.954545455,NO
3131,2489,2490,0.014,0,0,1,NO
3132,2490,2491,0.2804,0,0,0.954545455,NO
3133,2492,2493,0.014,0,0,1,NO
3134,2493,2494,0.2804,0,0,0.954545455,NO
3135,2495,2497,0.014,0,0,1,NO
3136,2497,2496,0.2804,0,0,0.954545455,NO
3137,2498,2500,0.007,0,0,1,NO
3138,2500,2499,0.1404,0,0,0.954545455,NO
3139,2501,2500,0.007,0,0,1,NO
3140,2502,2500,0.005,0,0,1,NO
3141,2503,2500,0.014,0,0,1,NO
3142,2504,2505,0.014,0,0,1,NO
3143,2505,2506,0.2804,0,0,0.954545455,NO
3144,2507,2508,0.014,0,0,1,NO
3145,2508,2509,0.2804,0,0,0.954545455,NO
3146,2510,2511,0.014,0,0,1,NO
3147,2511,216,0.2804,0,0,0.954545455,NO
3148,2512,2513,0.014,0,0,1,NO
3149,2513,2514,0.2804,0,0,0.954545455,NO
3150,2515,2516,0.014,0,0,1,NO
3151,2516,299,0.2804,0,0,0.954545455,NO
3152,2517,2519,0.004,0,0,1,NO
3153,2519,2518,0.0604,0,0,0.954545455,NO
3154,2520,326,0.014,0,0,1,NO
3155,2521,2522,0.014,0,0,1,NO
3156,2522,2523,0.2804,0,0,0.954545455,NO
3157,2524,329,0.014,0,0,1,NO
3158,2525,2526,0.014,0,0,1,NO
3159,2526,2527,0.2804,0,0,0.954545455,NO
3160,2528,2529,0.014,0,0,1,NO
3161,2529,2530,0.2804,0,0,0.954545455,NO
3162,2531,2533,0.014,0,0,1,NO
3163,2533,2532,0.2804,0,0,0.954545455,NO
3164,2534,2536,0.014,0,0,1,NO
3165,2536,2535,0.0904,0,0,0.954545455,NO
3166,2537,2536,0.014,0,0,1,NO
3167,2538,2540,0.014,0,0,1,NO
3168,2540,2539,0.0904,0,0,0.954545455,NO
3169,2541,2540,0.014,0,0,1,NO
3170,2542,2544,0.014,0,0,1,NO
3171,2544,2543,0.0904,0,0,0.954545455,NO
3172,2545,2544,0.014,0,0,1,NO
3173,2546,2547,0.014,0,0,1,NO
3174,2547,2548,0.2804,0,0,0.954545455,NO
3175,2549,2550,0.014,0,0,1,NO
3176,2550,2551,0.2804,0,0,0.954545455,NO
3177,2552,2553,0.014,0,0,1,NO
3178,2553,2554,0.2804,0,0,0.954545455,NO
3179,2555,2556,0.014,0,0,1,NO
3180,2556,2557,0.2804,0,0,0.954545455,NO
3181,2558,2559,0.014,0,0,1,NO
3182,2559,2560,0.2804,0,0,0.954545455,NO
3183,2561,512,0.014,0,0,1,NO
3184,2562,2563,0.014,0,0,1,NO
3185,2563,2564,0.2804,0,0,0.954545455,NO
3186,2565,2566,0.014,0,0,1,NO
3187,2566,2567,0.2804,0,0,0.954545455,NO
3188,2568,2569,0.014,0,0,1,NO
3189,2569,2570,0.2804,0,0,0.954545455,NO
3190,2571,2572,0.014,0,0,1,NO
3191,2572,2573,0.2804,0,0,0.954545455,NO
3192,2574,2575,0.014,0,0,1,NO
3193,2575,2576,0.2804,0,0,0.954545455,NO
3194,2577,2579,0.014,0,0,1,NO
3195,2579,2578,0.0304,0,0,0.954545455,NO
3196,2580,345,0.014,0,0,1,NO
3197,2581,2584,0.014,0,0,1,NO
3198,2582,2584,0.007,0,0,1,NO
3199,2584,2583,0.0904,0,0,0.954545455,NO
3200,2585,519,0.014,0,0,1,NO
3201,2586,2589,0.005,0,0,1,NO
3202,2587,2589,0.005,0,0,1,NO
3203,2589,2588,0.0504,0,0,0.954545455,NO
3204,2590,2592,0.005,0,0,1,NO
3205,2592,2591,0.0704,0,0,0.954545455,NO
3206,2593,2595,0.014,0,0,1,NO
3207,2595,2594,0.2804,0,0,0.954545455,NO
3208,2596,2599,0.014,0,0,1,NO
3209,2597,2599,0.014,0,0,1,NO
3210,2598,2599,0.014,0,0,1,NO
3211,2599,2600,0.2804,0,0,0.954545455,NO
3212,2601,2602,0.014,0,0,1,NO
3213,2602,2603,0.2804,0,0,0.954545455,NO
3214,2604,2605,0.014,0,0,1,NO
3215,2605,2606,0.2804,0,0,0.954545455,NO
3216,2607,2608,0.014,0,0,1,NO
3217,2608,2609,0.2804,0,0,0.954545455,NO
3218,2610,2611,0.014,0,0,1,NO
3219,2611,2612,0.2804,0,0,0.954545455,NO
3220,2613,2614,0.014,0,0,1,NO
3221,2614,2615,0.2804,0,0,0.954545455,NO
3222,2616,2617,0.014,0,0,1,NO
3223,2617,2618,0.2804,0,0,0.954545455,NO
3224,2619,2620,0.014,0,0,1,NO
3225,2620,2621,0.2804,0,0,0.954545455,NO
3226,2622,2623,0.014,0,0,1,NO
3227,2623,2624,0.2804,0,0,0.954545455,NO
3228,2625,2627,0.014,0,0,1,NO
3229,2627,2626,0.2804,0,0,0.954545455,NO
3230,2628,365,0.014,0,0,1,NO
3231,2629,368,0.014,0,0,1,NO
3232,2630,371,0.014,0,0,1,NO
3233,2631,374,0.014,0,0,1,NO
3234,2632,404,0.014,0,0,1,NO
3235,2633,2634,0.014,0,0,1,NO
3236,2634,2635,0.2804,0,0,0.954545455,NO
3237,2636,2637,0.014,0,0,1,NO
3238,2637,2638,0.2804,0,0,0.954545455,NO
3239,2639,2640,0.014,0,0,1,NO
3240,2640,2641,0.2804,0,0,0.954545455,NO
3241,2642,2643,0.014,0,0,1,NO
3242,2643,2644,0.1404,0,0,0.954545455,NO
3243,2645,2643,0.014,0,0,1,NO
3244,2646,2647,0.014,0,0,1,NO
3245,2647,2648,0.0604,0,0,0.954545455,NO
3246,2649,2647,0.007,0,0,1,NO
3247,2650,2647,0.014,0,0,1,NO
3248,2651,2652,0.014,0,0,1,NO
3249,2652,2653,0.2804,0,0,0.954545455,NO
3250,2654,2655,0.014,0,0,1,NO
3251,2655,2656,0.2804,0,0,0.954545455,NO
3252,2657,431,0.014,0,0,1,NO
3253,2658,2659,0.014,0,0,1,NO
3254,2659,2660,0.2804,0,0,0.954545455,NO
3255,2661,2662,0.014,0,0,1,NO
3256,2662,2663,0.2804,0,0,0.954545455,NO
3257,2664,2665,0.014,0,0,1,NO
3258,2665,2666,0.2804,0,0,0.954545455,NO
3259,2667,2668,0.014,0,0,1,NO
3260,2668,2669,0.2804,0,0,0.954545455,NO
3261,2670,2671,0.014,0,0,1,NO
3262,2671,2672,0.2804,0,0,0.954545455,NO
3263,2673,2675,0.007,0,0,1,NO
3264,2674,2675,0.0045,0,0,1,NO
3265,2675,2676,0.0604,0,0,0.954545455,NO
3266,2677,2679,0.014,0,0,1,NO
3267,2678,2679,0.014,0,0,1,NO
3268,2679,2680,0.2804,0,0,0.954545455,NO
3269,2681,2682,0.014,0,0,1,NO
3270,2682,2683,0.2804,0,0,0.954545455,NO
3271,2684,2685,0.014,0,0,1,NO
3272,2685,2686,0.2804,0,0,0.954545455,NO
3273,2687,2689,0.007,0,0,1,NO
3274,2688,2689,0.007,0,0,1,NO
3275,2689,2690,0.0904,0,0,0.954545455,NO
3276,2691,2693,0.007,0,0,1,NO
3277,2692,2693,0.007,0,0,1,NO
3278,2693,2694,0.0704,0,0,0.954545455,NO
3279,2695,2696,0.014,0,0,1,NO
3280,2696,2697,0.2804,0,0,0.954545455,NO
3281,2698,449,0.014,0,0,1,NO
3282,2699,2700,0.014,0,0,1,NO
3283,2700,2701,0.2804,0,0,0.954545455,NO
3284,2702,2703,0.014,0,0,1,NO
3285,2703,2704,0.2804,0,0,0.954545455,NO
3286,2705,2706,0.014,0,0,1,NO
3287,2706,2707,0.2804,0,0,0.954545455,NO
3288,2708,2709,0.014,0,0,1,NO
3289,2709,2710,0.2804,0,0,0.954545455,NO
3290,2711,458,0.014,0,0,1,NO
3291,2712,2713,0.014,0,0,1,NO
3292,2713,2714,0.2804,0,0,0.954545455,NO
3293,2715,2716,0.007,0,0,1,NO
3294,2716,2717,0.1404,0,0,0.954545455,NO
3295,2718,2719,0.002,0,0,1,NO
3296,2719,2720,0.0404,0,0,0.954545455,NO
3297,2721,2722,0.005,0,0,1,NO
3298,2722,2723,0.0904,0,0,0.954545455,NO
3299,2724,2725,0.014,0,0,1,NO
3300,2725,2726,0.2804,0,0,0.954545455,NO
3301,2727,2728,0.014,0,0,1,NO
3302,2728,2729,0.2804,0,0,0.954545455,NO
3303,2730,2731,0.014,0,0,1,NO
3304,2731,2732,0.2804,0,0,0.954545455,NO
3305,2733,2734,0.014,0,0,1,NO
3306,2734,2735,0.2804,0,0,0.954545455,NO
3307,2736,2737,0.014,0,0,1,NO
3308,2737,2738,0.2804,0,0,0.954545455,NO
53,587,618,0.00476,-1300,1300,1,YES
1354,38,35,0.0195136507936508,-810,810,0.954545455,YES
2965,2271,59,0.018740809073724,-99999,99999,0.974576271,YES
2966,2272,59,0.018740809073724,-99999,99999,0.974576271,YES
